{"type":"FeatureCollection","features":[{"type":"Feature","geometry":{"type":"MultiPolygon","coordinates":[[[[-93.768376,45.909703],[-93.768605,45.910412],[-93.768599,45.912941],[-93.768575,45.924008],[-93.768473,45.938448],[-93.768448,45.939071],[-93.767896,45.953024],[-93.768373,45.967505],[-93.768729,45.977779],[-93.768893,45.982526],[-93.769273,45.982526],[-93.769494,45.982526],[-93.771489,45.982549],[-93.776833,45.982571],[-93.777728,45.982569],[-93.779877,45.982569],[-93.782266,45.982574],[-93.783361,45.982589],[-93.784116,45.9826],[-93.786054,45.982609],[-93.787029,45.982609],[-93.787864,45.982608],[-93.78969,45.982618],[-93.789839,45.982623],[-93.791532,45.982675],[-93.792742,45.982695],[-93.793901,45.982715],[-93.795082,45.982736],[-93.795578,45.982745],[-93.797493,45.982802],[-93.804788,45.982961],[-93.806464,45.982997],[-93.80835,45.983059],[-93.810323,45.983081],[-93.810329,45.98501],[-93.810332,45.986093],[-93.810425,45.999963],[-93.810464,46.026746],[-93.810528,46.070035],[-93.810528,46.070241],[-93.81054,46.077457],[-93.810362,46.114766],[-93.810353,46.116656],[-93.810326,46.122326],[-93.810317,46.124216],[-93.810316,46.124411],[-93.810315,46.124606],[-93.810312,46.124957],[-93.81031,46.127141],[-93.810335,46.127872],[-93.810427,46.130568],[-93.810401,46.133763],[-93.810423,46.134471],[-93.810471,46.135998],[-93.810474,46.136927],[-93.810475,46.138744],[-93.810502,46.141432],[-93.810438,46.143201],[-93.810459,46.145279],[-93.810388,46.147587],[-93.81041,46.14977],[-93.810226,46.152264],[-93.81038,46.154929],[-93.810364,46.156586],[-93.810352,46.157859],[-93.810322,46.159565],[-93.810339,46.161263],[-93.810345,46.165376],[-93.810312,46.167695],[-93.810304,46.170472],[-93.81033,46.172991],[-93.810299,46.174576],[-93.810246,46.176293],[-93.81025,46.177806],[-93.810247,46.178715],[-93.810318,46.180002],[-93.810328,46.181],[-93.810372,46.181933],[-93.810466,46.18322],[-93.810526,46.184468],[-93.810539,46.185715],[-93.810501,46.186625],[-93.810475,46.187478],[-93.810498,46.188589],[-93.810497,46.189699],[-93.810425,46.190561],[-93.810469,46.191502],[-93.810445,46.192573],[-93.810424,46.193696],[-93.81042,46.194033],[-93.810412,46.195044],[-93.810411,46.195195],[-93.810413,46.195382],[-93.810419,46.196084],[-93.810429,46.197052],[-93.810425,46.197263],[-93.81041,46.19819],[-93.810401,46.198806],[-93.8104,46.198892],[-93.810397,46.199117],[-93.810396,46.199153],[-93.810396,46.199938],[-93.810396,46.2002],[-93.810396,46.200263],[-93.810394,46.200574],[-93.810392,46.201454],[-93.810398,46.201699],[-93.810409,46.202074],[-93.810417,46.202401],[-93.810444,46.203383],[-93.810448,46.20353],[-93.810449,46.203711],[-93.81045,46.203792],[-93.810458,46.204809],[-93.810485,46.208104],[-93.810495,46.209203],[-93.810511,46.211127],[-93.810529,46.213051],[-93.810591,46.213342],[-93.810606,46.213407],[-93.810596,46.213461],[-93.810591,46.214032],[-93.810602,46.214488],[-93.81071,46.222794],[-93.810725,46.225038],[-93.810732,46.226042],[-93.81075,46.228737],[-93.810753,46.229175],[-93.81076,46.230103],[-93.810759,46.232597],[-93.810804,46.234297],[-93.81082,46.234939],[-93.810831,46.235387],[-93.810834,46.235538],[-93.810856,46.236418],[-93.810878,46.237272],[-93.810875,46.239512],[-93.810875,46.239967],[-93.810875,46.240491],[-93.810882,46.241061],[-93.810889,46.241514],[-93.810906,46.242612],[-93.810914,46.24313],[-93.810546,46.243125],[-93.809647,46.243114],[-93.809442,46.243112],[-93.809074,46.243111],[-93.808441,46.243108],[-93.80834,46.243107],[-93.807737,46.243103],[-93.807675,46.243104],[-93.806683,46.243099],[-93.805071,46.243116],[-93.804982,46.243117],[-93.804902,46.243116],[-93.804529,46.24312],[-93.804481,46.243121],[-93.803421,46.243133],[-93.799511,46.243171],[-93.799311,46.243172],[-93.798839,46.243173],[-93.797628,46.243177],[-93.797551,46.243178],[-93.796779,46.243179],[-93.796284,46.243201],[-93.796152,46.243207],[-93.794395,46.243193],[-93.790269,46.243252],[-93.779852,46.243404],[-93.774984,46.243455],[-93.772227,46.243506],[-93.77071,46.243535],[-93.766215,46.243648],[-93.761312,46.243698],[-93.75984,46.243728],[-93.758327,46.243761],[-93.755853,46.243734],[-93.753286,46.243812],[-93.750253,46.243772],[-93.740717,46.243893],[-93.734343,46.243974],[-93.734269,46.243975],[-93.732579,46.244003],[-93.727287,46.244094],[-93.725524,46.244125],[-93.723986,46.244151],[-93.721681,46.244192],[-93.719375,46.244232],[-93.717838,46.24426],[-93.715886,46.244292],[-93.71296,46.244342],[-93.710032,46.244392],[-93.708081,46.244426],[-93.707489,46.244436],[-93.706794,46.244448],[-93.705713,46.244464],[-93.705121,46.244473],[-93.704438,46.244483],[-93.703415,46.244498],[-93.702389,46.244513],[-93.701707,46.244523],[-93.701267,46.244529],[-93.700608,46.244539],[-93.699949,46.244548],[-93.69951,46.244555],[-93.698115,46.244575],[-93.696024,46.244606],[-93.693933,46.244637],[-93.692539,46.244658],[-93.691784,46.244669],[-93.690654,46.244686],[-93.689522,46.244702],[-93.688768,46.244713],[-93.688079,46.244723],[-93.687046,46.244738],[-93.686012,46.244753],[-93.685324,46.244764],[-93.685007,46.244768],[-93.684533,46.244776],[-93.684058,46.244782],[-93.683742,46.244787],[-93.678969,46.244858],[-93.676631,46.244893],[-93.673874,46.244971],[-93.669499,46.245043],[-93.666371,46.245047],[-93.664654,46.245085],[-93.662718,46.24513],[-93.660845,46.245123],[-93.659883,46.245145],[-93.655541,46.245247],[-93.655276,46.245251],[-93.650714,46.245324],[-93.646885,46.245406],[-93.641456,46.245477],[-93.641302,46.24548],[-93.639871,46.245498],[-93.63685,46.245552],[-93.63668,46.245555],[-93.636173,46.245563],[-93.636004,46.245567],[-93.635847,46.24557],[-93.635703,46.245571],[-93.634801,46.24558],[-93.634501,46.245584],[-93.63202,46.245611],[-93.629159,46.245607],[-93.625246,46.245655],[-93.618261,46.245765],[-93.569545,46.246537],[-93.559305,46.2467],[-93.553307,46.246818],[-93.551711,46.246849],[-93.546923,46.246943],[-93.545328,46.246975],[-93.543528,46.247011],[-93.543113,46.247017],[-93.53647,46.247115],[-93.534256,46.247148],[-93.533938,46.247152],[-93.530502,46.247118],[-93.528775,46.247142],[-93.528239,46.247131],[-93.527925,46.247132],[-93.526803,46.247134],[-93.526078,46.247136],[-93.524213,46.24712],[-93.521764,46.247092],[-93.519109,46.247059],[-93.519082,46.247058],[-93.516792,46.247029],[-93.509682,46.246992],[-93.506457,46.246944],[-93.505007,46.246936],[-93.499975,46.246862],[-93.499215,46.246854],[-93.497852,46.246862],[-93.496631,46.246842],[-93.495547,46.246829],[-93.495092,46.246819],[-93.494234,46.246802],[-93.493179,46.246786],[-93.485324,46.246841],[-93.484929,46.246835],[-93.477363,46.246769],[-93.476487,46.246758],[-93.472326,46.246761],[-93.465949,46.246711],[-93.451591,46.246599],[-93.437016,46.24648],[-93.430702,46.246413],[-93.43065,46.246414],[-93.430719,46.246014],[-93.430601,46.242569],[-93.43057,46.241499],[-93.430569,46.241458],[-93.430554,46.240967],[-93.430537,46.239961],[-93.430514,46.238583],[-93.430513,46.238542],[-93.430472,46.237065],[-93.430471,46.237047],[-93.43046,46.236552],[-93.430453,46.235043],[-93.430452,46.235028],[-93.43045,46.233662],[-93.430426,46.231743],[-93.430426,46.230215],[-93.430425,46.228361],[-93.430425,46.228343],[-93.430421,46.22666],[-93.430429,46.225983],[-93.430408,46.22554],[-93.430443,46.223455],[-93.430425,46.22238],[-93.43044,46.221139],[-93.430424,46.220296],[-93.43042,46.219345],[-93.430429,46.218176],[-93.430287,46.217156],[-93.430172,46.215462],[-93.430257,46.214058],[-93.430172,46.211213],[-93.430109,46.208571],[-93.430099,46.205941],[-93.430089,46.205513],[-93.430082,46.205498],[-93.43007,46.205467],[-93.430028,46.205411],[-93.429971,46.203357],[-93.429858,46.19803],[-93.429826,46.19637],[-93.429797,46.194928],[-93.429762,46.19214],[-93.429726,46.189231],[-93.429715,46.188352],[-93.429679,46.18724],[-93.429688,46.186104],[-93.429671,46.184726],[-93.429606,46.183203],[-93.429632,46.181712],[-93.429708,46.180309],[-93.429772,46.178931],[-93.429829,46.177979],[-93.42979,46.176682],[-93.429826,46.175852],[-93.429858,46.174683],[-93.429888,46.173369],[-93.429968,46.170177],[-93.429973,46.170009],[-93.430052,46.168833],[-93.430085,46.16807],[-93.430081,46.167723],[-93.4301,46.167698],[-93.430112,46.167678],[-93.430165,46.166111],[-93.430227,46.164246],[-93.430253,46.163167],[-93.430261,46.162858],[-93.43032,46.162046],[-93.430337,46.161824],[-93.430342,46.16178],[-93.430315,46.161528],[-93.430269,46.161078],[-93.430535,46.160158],[-93.43079,46.159205],[-93.43083,46.158963],[-93.430964,46.158177],[-93.431005,46.157938],[-93.431289,46.156567],[-93.431467,46.155842],[-93.431621,46.155219],[-93.431638,46.155158],[-93.431666,46.155072],[-93.431731,46.154861],[-93.431809,46.154613],[-93.431825,46.154213],[-93.431827,46.154186],[-93.431833,46.153993],[-93.431853,46.153444],[-93.43188,46.149108],[-93.431909,46.14697],[-93.431911,46.146832],[-93.431913,46.14672],[-93.431941,46.144684],[-93.431957,46.143388],[-93.431959,46.143247],[-93.431963,46.142953],[-93.43197,46.141955],[-93.432092,46.139613],[-93.432094,46.139184],[-93.432094,46.139171],[-93.432096,46.138528],[-93.432106,46.137522],[-93.432126,46.136053],[-93.432126,46.136016],[-93.432127,46.135784],[-93.432127,46.1357],[-93.432131,46.134859],[-93.432134,46.134208],[-93.432103,46.133111],[-93.432134,46.132242],[-93.43214,46.131758],[-93.432147,46.131002],[-93.432153,46.130376],[-93.432196,46.127916],[-93.432197,46.127595],[-93.432201,46.126407],[-93.432201,46.126346],[-93.432217,46.12531],[-93.432213,46.124857],[-93.432203,46.123514],[-93.432211,46.123098],[-93.432261,46.12029],[-93.432264,46.119796],[-93.432267,46.11936],[-93.432269,46.119007],[-93.432259,46.118179],[-93.432332,46.116576],[-93.43231,46.116437],[-93.432303,46.115973],[-93.432295,46.11549],[-93.432318,46.113859],[-93.43233,46.113023],[-93.432334,46.111044],[-93.432348,46.107654],[-93.432359,46.106482],[-93.43238,46.104726],[-93.432389,46.103005],[-93.432391,46.102605],[-93.432393,46.102176],[-93.432414,46.100958],[-93.432418,46.100786],[-93.432427,46.100246],[-93.432449,46.098939],[-93.432457,46.098436],[-93.432521,46.096948],[-93.432494,46.095367],[-93.4325,46.093897],[-93.432535,46.085317],[-93.432542,46.083902],[-93.432554,46.082897],[-93.432564,46.082146],[-93.432549,46.081582],[-93.432543,46.081028],[-93.432506,46.078925],[-93.432488,46.077914],[-93.432468,46.076758],[-93.432461,46.073936],[-93.432461,46.073925],[-93.432447,46.068036],[-93.432441,46.067337],[-93.432506,46.066026],[-93.432561,46.064678],[-93.432604,46.063313],[-93.43264,46.060951],[-93.43266,46.060147],[-93.432736,46.056435],[-93.43274,46.056243],[-93.432753,46.055204],[-93.432756,46.05396],[-93.432757,46.053638],[-93.432758,46.053344],[-93.432764,46.05065],[-93.43276,46.049675],[-93.432756,46.048743],[-93.432765,46.04724],[-93.432768,46.04629],[-93.432773,46.044848],[-93.432769,46.043939],[-93.432766,46.040848],[-93.432762,46.039265],[-93.432754,46.038278],[-93.432761,46.035338],[-93.432763,46.03434],[-93.432755,46.033182],[-93.432763,46.033007],[-93.432778,46.03173],[-93.432776,46.03056],[-93.43278,46.030071],[-93.432784,46.029563],[-93.432789,46.028924],[-93.432767,46.027884],[-93.43276,46.027546],[-93.432802,46.021902],[-93.432786,46.013844],[-93.432789,46.01312],[-93.432799,46.010833],[-93.432796,46.01054],[-93.432777,46.008112],[-93.432736,46.006547],[-93.432671,45.999997],[-93.432655,45.999168],[-93.432615,45.997061],[-93.432612,45.995991],[-93.432602,45.994255],[-93.432548,45.988905],[-93.432549,45.986556],[-93.432549,45.985568],[-93.432549,45.985327],[-93.432549,45.985305],[-93.432508,45.984669],[-93.432463,45.984251],[-93.432475,45.984237],[-93.432467,45.984037],[-93.432469,45.98395],[-93.432471,45.983894],[-93.432473,45.9838],[-93.432475,45.983702],[-93.432477,45.983609],[-93.432477,45.983585],[-93.43248,45.983068],[-93.432494,45.9814],[-93.444568,45.981689],[-93.444665,45.981691],[-93.451769,45.981862],[-93.452333,45.981876],[-93.464835,45.981933],[-93.470363,45.981959],[-93.47359,45.981988],[-93.49733,45.981835],[-93.498003,45.981831],[-93.500238,45.981869],[-93.510038,45.981826],[-93.516158,45.9818],[-93.518082,45.981791],[-93.518085,45.981723],[-93.518849,45.965673],[-93.518874,45.958703],[-93.518904,45.951197],[-93.518489,45.936713],[-93.518156,45.922519],[-93.518154,45.922432],[-93.518245,45.908685],[-93.518113,45.893644],[-93.518177,45.892822],[-93.51819,45.892166],[-93.5182,45.891638],[-93.518206,45.891324],[-93.518226,45.890987],[-93.518254,45.890502],[-93.51825,45.890478],[-93.518363,45.889967],[-93.518409,45.889759],[-93.518398,45.888856],[-93.518394,45.888358],[-93.518384,45.887077],[-93.518378,45.886338],[-93.51836,45.883911],[-93.518322,45.878387],[-93.518298,45.874961],[-93.517964,45.873357],[-93.517963,45.873317],[-93.517926,45.872064],[-93.517925,45.872028],[-93.517896,45.870992],[-93.517893,45.870902],[-93.517896,45.870786],[-93.517905,45.870377],[-93.517897,45.870154],[-93.517898,45.870139],[-93.518033,45.866843],[-93.518028,45.866781],[-93.517982,45.865962],[-93.517981,45.865952],[-93.517974,45.865818],[-93.517967,45.865074],[-93.517965,45.864848],[-93.517415,45.852202],[-93.51734,45.851051],[-93.517335,45.850511],[-93.517,45.84401],[-93.516701,45.829353],[-93.516631,45.825204],[-93.516628,45.825073],[-93.5168,45.821176],[-93.516754,45.819673],[-93.516742,45.81945],[-93.516732,45.819264],[-93.516672,45.818152],[-93.51665,45.817747],[-93.516617,45.817078],[-93.516607,45.816878],[-93.516606,45.816866],[-93.516603,45.816797],[-93.516547,45.815677],[-93.51645,45.813985],[-93.516373,45.812502],[-93.516261,45.8096],[-93.516172,45.807905],[-93.516121,45.807008],[-93.516081,45.805923],[-93.516034,45.80423],[-93.516012,45.803284],[-93.516003,45.802865],[-93.515961,45.801686],[-93.515946,45.801243],[-93.515931,45.800833],[-93.51593,45.800816],[-93.515922,45.800577],[-93.515907,45.800465],[-93.515811,45.800313],[-93.515769,45.800127],[-93.515715,45.799087],[-93.515409,45.793209],[-93.515405,45.793138],[-93.514639,45.778309],[-93.514552,45.775522],[-93.51455,45.775471],[-93.514344,45.768921],[-93.514377,45.767119],[-93.514372,45.766899],[-93.514371,45.766468],[-93.514364,45.766319],[-93.514307,45.765006],[-93.514212,45.763619],[-93.514208,45.762359],[-93.514159,45.760814],[-93.51413,45.759473],[-93.514095,45.7578],[-93.514054,45.755945],[-93.514011,45.753845],[-93.513982,45.753075],[-93.513964,45.752591],[-93.513917,45.750411],[-93.513896,45.750012],[-93.513888,45.748855],[-93.51391,45.74286],[-93.51381,45.735317],[-93.513709,45.734532],[-93.513684,45.734319],[-93.513587,45.733362],[-93.513484,45.73224],[-93.513394,45.730963],[-93.513315,45.729813],[-93.513189,45.728539],[-93.513176,45.728333],[-93.513138,45.727711],[-93.51311,45.72726],[-93.513071,45.726825],[-93.51301,45.726123],[-93.513,45.725956],[-93.512942,45.724953],[-93.512922,45.724726],[-93.512876,45.724196],[-93.512749,45.722754],[-93.512703,45.722239],[-93.512626,45.721273],[-93.512603,45.720992],[-93.512554,45.720449],[-93.512491,45.719743],[-93.512403,45.718818],[-93.512381,45.718586],[-93.512331,45.71737],[-93.512324,45.71701],[-93.512313,45.715611],[-93.512313,45.715573],[-93.512267,45.714753],[-93.512269,45.714612],[-93.512237,45.712512],[-93.512203,45.711714],[-93.512187,45.710721],[-93.512192,45.710115],[-93.512095,45.702793],[-93.512279,45.690062],[-93.512114,45.688615],[-93.512103,45.688517],[-93.51211,45.688446],[-93.512114,45.688405],[-93.512146,45.688195],[-93.512327,45.678647],[-93.512355,45.678143],[-93.512363,45.677998],[-93.512368,45.677909],[-93.512364,45.677833],[-93.51241,45.677577],[-93.512677,45.676083],[-93.512688,45.663157],[-93.51269,45.654024],[-93.512806,45.651659],[-93.512786,45.650719],[-93.512816,45.649997],[-93.512805,45.649654],[-93.512705,45.649515],[-93.512762,45.649336],[-93.512816,45.648898],[-93.512829,45.648114],[-93.512809,45.646997],[-93.512809,45.646694],[-93.51281,45.64569],[-93.512799,45.645183],[-93.512798,45.645158],[-93.512782,45.644495],[-93.512775,45.643825],[-93.512746,45.641975],[-93.512722,45.64091],[-93.512705,45.640117],[-93.512687,45.639322],[-93.512645,45.637818],[-93.512627,45.636778],[-93.51259,45.635414],[-93.512567,45.633963],[-93.512514,45.632634],[-93.512496,45.631346],[-93.512473,45.630588],[-93.512447,45.629802],[-93.512426,45.628238],[-93.512401,45.627512],[-93.512337,45.625523],[-93.512327,45.625224],[-93.512305,45.624987],[-93.512294,45.62393],[-93.512285,45.623471],[-93.512271,45.622716],[-93.512236,45.62196],[-93.512249,45.621541],[-93.51225,45.621508],[-93.512206,45.620301],[-93.512196,45.619215],[-93.512187,45.618882],[-93.512143,45.617118],[-93.512138,45.615796],[-93.512132,45.615459],[-93.51213,45.61535],[-93.512125,45.615014],[-93.512103,45.613679],[-93.512098,45.613394],[-93.512094,45.612301],[-93.512077,45.611269],[-93.512066,45.609888],[-93.512022,45.607696],[-93.512036,45.606956],[-93.512014,45.605852],[-93.512033,45.605222],[-93.512024,45.604881],[-93.511963,45.602592],[-93.511947,45.60209],[-93.511925,45.600604],[-93.511913,45.599762],[-93.511917,45.598544],[-93.511893,45.59799],[-93.511889,45.597737],[-93.511882,45.597347],[-93.511868,45.597063],[-93.511823,45.596144],[-93.511825,45.594746],[-93.511823,45.594615],[-93.51182,45.594422],[-93.511804,45.593394],[-93.511749,45.592025],[-93.511744,45.591735],[-93.511726,45.590742],[-93.511703,45.590074],[-93.511685,45.589566],[-93.511669,45.588454],[-93.511647,45.588038],[-93.511603,45.587168],[-93.511589,45.58618],[-93.511565,45.584658],[-93.511514,45.58285],[-93.511506,45.582593],[-93.511486,45.581322],[-93.511476,45.581001],[-93.511466,45.580704],[-93.511415,45.577471],[-93.511373,45.576168],[-93.511343,45.575231],[-93.511282,45.573516],[-93.511278,45.573296],[-93.511233,45.57115],[-93.511201,45.569915],[-93.511136,45.568705],[-93.511092,45.567489],[-93.511086,45.567319],[-93.51107,45.566872],[-93.511051,45.566346],[-93.511026,45.565981],[-93.510984,45.565352],[-93.510989,45.565173],[-93.510985,45.565095],[-93.510967,45.564711],[-93.510954,45.56444],[-93.510928,45.563857],[-93.5109,45.563115],[-93.510893,45.562928],[-93.510879,45.562656],[-93.510871,45.56251],[-93.510869,45.561809],[-93.51084,45.561417],[-93.510822,45.561029],[-93.51081,45.56082],[-93.510792,45.560488],[-93.510706,45.558773],[-93.514747,45.558798],[-93.515585,45.558831],[-93.515845,45.558831],[-93.516733,45.55883],[-93.517922,45.55883],[-93.519126,45.55883],[-93.520953,45.558849],[-93.521097,45.558851],[-93.523272,45.55887],[-93.526807,45.558908],[-93.527363,45.558914],[-93.528535,45.55891],[-93.531417,45.558901],[-93.531468,45.558901],[-93.532143,45.558896],[-93.535869,45.558871],[-93.536163,45.558868],[-93.539912,45.558831],[-93.541819,45.558827],[-93.54318,45.558824],[-93.543606,45.558823],[-93.54542,45.558847],[-93.546101,45.558856],[-93.547711,45.558878],[-93.551461,45.558947],[-93.551692,45.558945],[-93.552162,45.55894],[-93.552188,45.55894],[-93.552635,45.558935],[-93.553056,45.55893],[-93.554016,45.558941],[-93.554481,45.558986],[-93.555041,45.559071],[-93.555138,45.558982],[-93.555402,45.558937],[-93.556483,45.558935],[-93.557235,45.558933],[-93.557462,45.558933],[-93.558453,45.558907],[-93.560571,45.558929],[-93.560708,45.55893],[-93.561941,45.558943],[-93.562039,45.558943],[-93.562183,45.558943],[-93.562221,45.558943],[-93.562378,45.558942],[-93.562534,45.558942],[-93.564086,45.558948],[-93.56467,45.55895],[-93.564743,45.55895],[-93.564909,45.558951],[-93.56502,45.558951],[-93.565133,45.558952],[-93.565774,45.558955],[-93.566593,45.558958],[-93.56678,45.558959],[-93.566821,45.558959],[-93.566942,45.558959],[-93.567001,45.55896],[-93.56709,45.558962],[-93.567121,45.558962],[-93.568545,45.558965],[-93.569823,45.55897],[-93.570359,45.558972],[-93.571783,45.558977],[-93.571921,45.558978],[-93.572042,45.558978],[-93.572168,45.558978],[-93.572283,45.558978],[-93.572623,45.558979],[-93.57296,45.55898],[-93.573,45.55898],[-93.573088,45.558981],[-93.576295,45.559014],[-93.577693,45.55903],[-93.578155,45.559035],[-93.578557,45.559039],[-93.578597,45.55904],[-93.578625,45.55904],[-93.580371,45.559059],[-93.581562,45.559072],[-93.582064,45.559026],[-93.583327,45.55906],[-93.583552,45.559063],[-93.584308,45.559072],[-93.588952,45.559129],[-93.58913,45.559131],[-93.589428,45.559145],[-93.590205,45.559179],[-93.590657,45.559198],[-93.591002,45.559197],[-93.59174,45.559195],[-93.59319,45.55919],[-93.593296,45.559212],[-93.593762,45.559218],[-93.593813,45.559218],[-93.594428,45.559222],[-93.594946,45.559225],[-93.600181,45.559257],[-93.601933,45.559268],[-93.603962,45.559283],[-93.60408,45.559284],[-93.605569,45.55929],[-93.607577,45.559299],[-93.607806,45.5593],[-93.607998,45.559301],[-93.608308,45.559302],[-93.608493,45.559303],[-93.608735,45.559304],[-93.609119,45.559306],[-93.609935,45.559309],[-93.611611,45.559316],[-93.613999,45.559324],[-93.614305,45.559326],[-93.614353,45.559327],[-93.61594,45.55935],[-93.616073,45.559336],[-93.616208,45.559337],[-93.616666,45.55934],[-93.6172,45.559343],[-93.621594,45.559383],[-93.621685,45.559384],[-93.622055,45.559387],[-93.623006,45.559403],[-93.624807,45.559432],[-93.624943,45.559434],[-93.625225,45.559438],[-93.625262,45.559439],[-93.626356,45.559455],[-93.629743,45.55952],[-93.634095,45.559605],[-93.634857,45.559613],[-93.634889,45.559613],[-93.639217,45.55966],[-93.640663,45.55968],[-93.64126,45.559688],[-93.641851,45.559696],[-93.64221,45.559702],[-93.642371,45.559704],[-93.642764,45.559709],[-93.643756,45.559724],[-93.645241,45.559733],[-93.646721,45.559743],[-93.646975,45.559745],[-93.648655,45.559755],[-93.649398,45.559758],[-93.650097,45.559762],[-93.65136,45.559767],[-93.651786,45.559764],[-93.65218,45.559762],[-93.652538,45.55976],[-93.652571,45.559756],[-93.652612,45.559751],[-93.652666,45.559744],[-93.652915,45.559752],[-93.654047,45.559787],[-93.654913,45.559791],[-93.655207,45.559792],[-93.655593,45.559794],[-93.676229,45.559787],[-93.681397,45.559771],[-93.685879,45.559757],[-93.685993,45.559757],[-93.717738,45.559661],[-93.728042,45.559621],[-93.738408,45.5596],[-93.738856,45.559605],[-93.739157,45.559609],[-93.741208,45.559636],[-93.742971,45.559645],[-93.743155,45.559646],[-93.74339,45.559647],[-93.743682,45.559649],[-93.744844,45.559654],[-93.747824,45.559638],[-93.749765,45.559647],[-93.749993,45.559648],[-93.751165,45.559646],[-93.752612,45.559644],[-93.753962,45.559633],[-93.755207,45.55964],[-93.756026,45.559645],[-93.756333,45.559656],[-93.756618,45.559651],[-93.75665,45.559644],[-93.756811,45.559644],[-93.756971,45.559644],[-93.757654,45.559645],[-93.757667,45.559645],[-93.759282,45.559648],[-93.759437,45.559647],[-93.759445,45.560038],[-93.759819,45.577063],[-93.759822,45.577191],[-93.759877,45.581992],[-93.759954,45.588623],[-93.759957,45.58888],[-93.759957,45.588963],[-93.760027,45.595082],[-93.760028,45.595131],[-93.760115,45.602651],[-93.760174,45.607692],[-93.760231,45.612375],[-93.760266,45.616769],[-93.760117,45.618775],[-93.760149,45.619517],[-93.760187,45.621453],[-93.760197,45.622631],[-93.7602,45.622964],[-93.760238,45.62466],[-93.760247,45.625276],[-93.760255,45.625842],[-93.760252,45.626171],[-93.76025,45.626464],[-93.760304,45.628961],[-93.760304,45.629837],[-93.760304,45.630066],[-93.760304,45.63044],[-93.760353,45.63208],[-93.760348,45.633186],[-93.760354,45.633562],[-93.760376,45.634804],[-93.760393,45.63653],[-93.760389,45.638095],[-93.760388,45.638697],[-93.760397,45.639331],[-93.760423,45.641343],[-93.760447,45.643034],[-93.760494,45.648064],[-93.760504,45.648784],[-93.760529,45.650142],[-93.760562,45.652858],[-93.760577,45.654487],[-93.760584,45.655194],[-93.760596,45.655592],[-93.760621,45.656502],[-93.760621,45.656516],[-93.760633,45.65696],[-93.760646,45.65751],[-93.760654,45.657839],[-93.760658,45.659131],[-93.760675,45.660409],[-93.760705,45.662092],[-93.760711,45.662795],[-93.760714,45.663251],[-93.760745,45.66442],[-93.760755,45.6648],[-93.760768,45.666239],[-93.760776,45.666853],[-93.760825,45.66794],[-93.760883,45.669211],[-93.760918,45.670451],[-93.760922,45.670613],[-93.760937,45.672168],[-93.760944,45.672514],[-93.760973,45.673794],[-93.761003,45.674812],[-93.761051,45.67623],[-93.761051,45.676353],[-93.761055,45.677417],[-93.761064,45.677746],[-93.761126,45.680023],[-93.761255,45.683442],[-93.761361,45.687702],[-93.761363,45.687858],[-93.761413,45.689395],[-93.761473,45.690949],[-93.761509,45.692205],[-93.761528,45.692874],[-93.761529,45.694721],[-93.761558,45.696105],[-93.76157,45.696646],[-93.761581,45.69822],[-93.761607,45.699416],[-93.761666,45.701958],[-93.761735,45.70433],[-93.761761,45.705345],[-93.761778,45.706665],[-93.76179,45.70742],[-93.761809,45.708524],[-93.761816,45.709457],[-93.761827,45.710842],[-93.761846,45.713199],[-93.761853,45.71465],[-93.761856,45.715554],[-93.761881,45.716667],[-93.761892,45.717169],[-93.761917,45.719578],[-93.76192,45.719972],[-93.761921,45.720002],[-93.76193,45.720662],[-93.761981,45.72295],[-93.76202,45.72476],[-93.762063,45.726715],[-93.762092,45.728065],[-93.762219,45.735002],[-93.762222,45.735221],[-93.76222,45.735421],[-93.762214,45.736142],[-93.762207,45.738222],[-93.762207,45.738369],[-93.762171,45.739689],[-93.762169,45.740844],[-93.762158,45.742388],[-93.762113,45.743653],[-93.762117,45.745119],[-93.762083,45.746601],[-93.762084,45.746965],[-93.762086,45.74746],[-93.762086,45.747732],[-93.762068,45.748817],[-93.762044,45.749659],[-93.762035,45.750006],[-93.762032,45.750265],[-93.762014,45.752041],[-93.761982,45.753974],[-93.761909,45.757559],[-93.761899,45.757941],[-93.76188,45.758672],[-93.761852,45.75951],[-93.761839,45.759886],[-93.761843,45.760759],[-93.761787,45.761966],[-93.761785,45.762409],[-93.761782,45.763135],[-93.76176,45.763775],[-93.761756,45.763899],[-93.761772,45.764196],[-93.761757,45.76529],[-93.761779,45.766388],[-93.761816,45.767759],[-93.761808,45.768788],[-93.761839,45.770012],[-93.761848,45.770564],[-93.761854,45.770872],[-93.761864,45.771856],[-93.761924,45.773197],[-93.761939,45.77353],[-93.761958,45.77396],[-93.762035,45.775083],[-93.762101,45.776173],[-93.762146,45.777121],[-93.762197,45.778694],[-93.762245,45.780204],[-93.762282,45.78118],[-93.762291,45.78144],[-93.76228,45.782731],[-93.762297,45.783267],[-93.762312,45.78378],[-93.762377,45.785449],[-93.762385,45.785634],[-93.762403,45.786696],[-93.762471,45.788694],[-93.762565,45.791453],[-93.762576,45.792743],[-93.762603,45.793196],[-93.76294,45.799444],[-93.763081,45.807737],[-93.763135,45.809522],[-93.763159,45.81051],[-93.763178,45.811593],[-93.763211,45.812505],[-93.763282,45.813794],[-93.763305,45.815751],[-93.763318,45.815873],[-93.76395,45.822144],[-93.764401,45.83079],[-93.764334,45.836631],[-93.764337,45.836854],[-93.764427,45.838318],[-93.764615,45.84131],[-93.764738,45.843543],[-93.764857,45.84546],[-93.764871,45.846899],[-93.764881,45.846928],[-93.765215,45.851055],[-93.76563,45.858532],[-93.765843,45.86211],[-93.766651,45.865823],[-93.766733,45.869125],[-93.766743,45.86946],[-93.766811,45.871755],[-93.766822,45.872259],[-93.766833,45.872659],[-93.766827,45.872911],[-93.766618,45.87318],[-93.766517,45.873497],[-93.766738,45.877385],[-93.766846,45.879308],[-93.766947,45.881313],[-93.766971,45.88181],[-93.767016,45.8828],[-93.767132,45.884854],[-93.767181,45.886979],[-93.767185,45.88713],[-93.767339,45.889552],[-93.767444,45.891947],[-93.767581,45.894624],[-93.76765,45.896646],[-93.767669,45.897158],[-93.767795,45.899587],[-93.767877,45.901905],[-93.768035,45.904223],[-93.76812,45.906431],[-93.76822,45.90854],[-93.768209,45.909312],[-93.76826,45.909461],[-93.768345,45.909606],[-93.768376,45.909703]]]]},"properties":{"neighbourhood":"Mille Lacs","neighbourhood_group":null}},{"type":"Feature","geometry":{"type":"MultiPolygon","coordinates":[[[[-92.776471,44.733732],[-92.776559,44.733764],[-92.781108,44.73543],[-92.792336,44.739362],[-92.801849,44.745573],[-92.801995,44.745668],[-92.802017,44.745673],[-92.803187,44.747097],[-92.803765,44.747435],[-92.803771,44.747457],[-92.803794,44.747512],[-92.803817,44.747566],[-92.80388,44.747715],[-92.803943,44.747864],[-92.803964,44.747919],[-92.804009,44.748023],[-92.804044,44.748105],[-92.804124,44.748291],[-92.804213,44.748499],[-92.80438,44.748782],[-92.804463,44.748885],[-92.804512,44.748935],[-92.804629,44.749075],[-92.804757,44.749235],[-92.805473,44.749773],[-92.806036,44.750028],[-92.806567,44.750198],[-92.806753,44.750258],[-92.807428,44.750476],[-92.807758,44.750678],[-92.808077,44.750881],[-92.808242,44.751083],[-92.808332,44.751317],[-92.808415,44.751604],[-92.808415,44.75186],[-92.808362,44.752222],[-92.80834,44.75252],[-92.808333,44.75275],[-92.80834,44.753388],[-92.808355,44.753883],[-92.8083,44.754431],[-92.808255,44.755245],[-92.808187,44.756117],[-92.808105,44.756953],[-92.808056,44.757288],[-92.808034,44.757437],[-92.807687,44.759285],[-92.807454,44.760434],[-92.807331,44.760935],[-92.806881,44.762723],[-92.806401,44.764567],[-92.806018,44.766289],[-92.805562,44.768383],[-92.804445,44.77076],[-92.804359,44.770909],[-92.804032,44.771475],[-92.803704,44.772041],[-92.803453,44.772476],[-92.802539,44.774138],[-92.801376,44.776076],[-92.80051,44.777439],[-92.799165,44.778969],[-92.797713,44.78053],[-92.797364,44.780895],[-92.797311,44.78095],[-92.797258,44.781005],[-92.796184,44.782128],[-92.794024,44.78374],[-92.793237,44.784327],[-92.79245,44.784913],[-92.792107,44.785166],[-92.791362,44.785803],[-92.791229,44.785916],[-92.78981,44.787223],[-92.789215,44.787749],[-92.788589,44.788328],[-92.787809,44.789031],[-92.787613,44.789208],[-92.786757,44.790227],[-92.786613,44.790399],[-92.786224,44.790952],[-92.786011,44.791276],[-92.785858,44.791492],[-92.785622,44.791887],[-92.785531,44.792079],[-92.785264,44.792644],[-92.784997,44.793209],[-92.784599,44.794051],[-92.78392,44.795683],[-92.7836,44.796479],[-92.783485,44.796826],[-92.783266,44.797684],[-92.783233,44.797811],[-92.78318,44.798067],[-92.783112,44.79849],[-92.78302,44.798945],[-92.78277,44.800954],[-92.782532,44.802882],[-92.78231,44.804579],[-92.782165,44.806104],[-92.781792,44.809025],[-92.781503,44.809937],[-92.781314,44.810536],[-92.781124,44.811134],[-92.780754,44.8123],[-92.779289,44.814462],[-92.779153,44.814603],[-92.778743,44.815029],[-92.778334,44.815456],[-92.776825,44.817027],[-92.77549,44.818474],[-92.774332,44.819834],[-92.772911,44.821503],[-92.772693,44.821899],[-92.772407,44.82242],[-92.772201,44.82305],[-92.772285,44.823711],[-92.772522,44.824518],[-92.772615,44.824818],[-92.772797,44.825405],[-92.77298,44.82604],[-92.772957,44.826841],[-92.772438,44.82819],[-92.769883,44.831355],[-92.769517,44.831848],[-92.76878,44.832613],[-92.768635,44.832769],[-92.767974,44.833485],[-92.767047,44.834347],[-92.76637,44.835011],[-92.765932,44.835632],[-92.765763,44.836234],[-92.7656,44.837202],[-92.765635,44.83914],[-92.765668,44.841011],[-92.765944,44.84224],[-92.766283,44.843597],[-92.766649,44.84484],[-92.766936,44.845816],[-92.767536,44.847579],[-92.767918,44.848845],[-92.768443,44.850549],[-92.76879,44.852399],[-92.769133,44.853995],[-92.76939,44.855853],[-92.769338,44.85712],[-92.769415,44.857526],[-92.769478,44.857942],[-92.769495,44.858192],[-92.76951,44.858411],[-92.769524,44.85863],[-92.769623,44.860125],[-92.769588,44.860666],[-92.769501,44.862002],[-92.768122,44.861988],[-92.766302,44.861971],[-92.766108,44.861969],[-92.766037,44.861968],[-92.765184,44.861977],[-92.762251,44.862001],[-92.7619,44.862005],[-92.761824,44.862016],[-92.761655,44.862024],[-92.761517,44.862028],[-92.760637,44.862018],[-92.758062,44.862045],[-92.75593,44.862058],[-92.754051,44.862078],[-92.751849,44.862097],[-92.750559,44.862102],[-92.748132,44.862137],[-92.747697,44.86214],[-92.746487,44.862151],[-92.746337,44.862167],[-92.746196,44.862228],[-92.731126,44.862377],[-92.725006,44.862363],[-92.718092,44.862419],[-92.718057,44.862419],[-92.715859,44.86237],[-92.710799,44.8624],[-92.7108,44.862462],[-92.704364,44.862492],[-92.698204,44.862542],[-92.696063,44.862459],[-92.695877,44.862441],[-92.695756,44.862423],[-92.695634,44.862399],[-92.695516,44.862372],[-92.694986,44.862258],[-92.694134,44.862501],[-92.692821,44.862504],[-92.690118,44.862557],[-92.686447,44.862668],[-92.685346,44.862626],[-92.680104,44.862572],[-92.675921,44.862649],[-92.675905,44.862657],[-92.673571,44.862652],[-92.668836,44.862646],[-92.668689,44.862645],[-92.664962,44.862648],[-92.65991,44.862615],[-92.65822,44.862621],[-92.655835,44.862625],[-92.653896,44.862664],[-92.650519,44.862619],[-92.650197,44.86262],[-92.649911,44.86262],[-92.649709,44.862664],[-92.649665,44.862674],[-92.64906,44.862676],[-92.644344,44.86263],[-92.642338,44.862635],[-92.639592,44.862627],[-92.638278,44.86261],[-92.636714,44.862619],[-92.636668,44.862618],[-92.636521,44.862615],[-92.636331,44.862611],[-92.635035,44.862617],[-92.63497,44.862617],[-92.634845,44.862618],[-92.633631,44.862621],[-92.63358,44.862623],[-92.632208,44.862617],[-92.630778,44.862606],[-92.629399,44.862619],[-92.628032,44.862615],[-92.626599,44.862597],[-92.625543,44.86261],[-92.624507,44.862603],[-92.624305,44.862612],[-92.623866,44.862613],[-92.62261,44.862609],[-92.622398,44.862608],[-92.622269,44.862608],[-92.62072,44.862603],[-92.619169,44.862601],[-92.618495,44.862593],[-92.617841,44.862594],[-92.616615,44.862593],[-92.615362,44.862601],[-92.61509,44.862602],[-92.610652,44.862582],[-92.610598,44.862582],[-92.609782,44.86258],[-92.60868,44.862578],[-92.608463,44.862578],[-92.60718,44.862575],[-92.606231,44.862568],[-92.605055,44.862571],[-92.603486,44.862577],[-92.602554,44.862505],[-92.602388,44.862505],[-92.602254,44.862505],[-92.6016,44.862505],[-92.593973,44.862498],[-92.583268,44.862488],[-92.582285,44.862486],[-92.580654,44.862485],[-92.579858,44.862484],[-92.579711,44.862484],[-92.565517,44.862471],[-92.56536,44.862471],[-92.552799,44.86246],[-92.552739,44.862459],[-92.552437,44.862456],[-92.552329,44.862454],[-92.535787,44.862444],[-92.525973,44.862434],[-92.524612,44.86243],[-92.524455,44.86243],[-92.500164,44.862409],[-92.497013,44.862467],[-92.496972,44.862467],[-92.492784,44.862455],[-92.492755,44.862454],[-92.485192,44.862445],[-92.485075,44.862445],[-92.476431,44.862425],[-92.476389,44.862425],[-92.463896,44.862403],[-92.45607,44.862388],[-92.456034,44.862388],[-92.451344,44.862378],[-92.435862,44.862348],[-92.431589,44.86234],[-92.425645,44.862329],[-92.415471,44.862306],[-92.415443,44.862306],[-92.414165,44.862302],[-92.409524,44.862278],[-92.409348,44.862277],[-92.409168,44.862282],[-92.404983,44.862399],[-92.404931,44.86237],[-92.404783,44.862351],[-92.404441,44.862337],[-92.400178,44.862277],[-92.398333,44.862293],[-92.397064,44.862313],[-92.396501,44.862328],[-92.394663,44.862359],[-92.394111,44.862355],[-92.393159,44.86234],[-92.390704,44.862324],[-92.389342,44.862312],[-92.385045,44.862256],[-92.379499,44.862267],[-92.376166,44.862295],[-92.374916,44.862302],[-92.368629,44.862058],[-92.365866,44.861961],[-92.365689,44.861956],[-92.359227,44.861733],[-92.358448,44.861696],[-92.358313,44.861691],[-92.354595,44.861522],[-92.354596,44.861478],[-92.350611,44.861345],[-92.350384,44.861339],[-92.347678,44.861224],[-92.345257,44.861124],[-92.342745,44.861036],[-92.341411,44.860984],[-92.340427,44.860944],[-92.338926,44.860888],[-92.335749,44.860757],[-92.324863,44.8603],[-92.323721,44.860253],[-92.323108,44.860239],[-92.321731,44.860193],[-92.318604,44.860067],[-92.317199,44.860003],[-92.306478,44.859593],[-92.305375,44.859557],[-92.304538,44.859527],[-92.303814,44.859489],[-92.303136,44.859452],[-92.302457,44.859421],[-92.301365,44.859381],[-92.298886,44.859316],[-92.298499,44.859306],[-92.29807,44.859283],[-92.297405,44.859251],[-92.296418,44.859213],[-92.295452,44.859183],[-92.291758,44.859063],[-92.290352,44.85903],[-92.289247,44.858988],[-92.288721,44.858957],[-92.2844,44.858808],[-92.28317,44.858769],[-92.279888,44.858653],[-92.278463,44.858632],[-92.275153,44.85854],[-92.272831,44.858475],[-92.268596,44.858364],[-92.267706,44.858343],[-92.265111,44.858286],[-92.262666,44.858215],[-92.258659,44.858087],[-92.258335,44.858084],[-92.251064,44.857994],[-92.250253,44.857994],[-92.247819,44.857929],[-92.247789,44.857928],[-92.247428,44.857927],[-92.247067,44.857919],[-92.245067,44.857878],[-92.243254,44.85784],[-92.236833,44.857708],[-92.236815,44.857708],[-92.236477,44.857701],[-92.235036,44.857809],[-92.234545,44.857846],[-92.234455,44.857857],[-92.234376,44.857858],[-92.234263,44.857859],[-92.233174,44.85785],[-92.232762,44.857854],[-92.232661,44.857853],[-92.232576,44.857853],[-92.232306,44.85785],[-92.231194,44.85784],[-92.227436,44.857835],[-92.225641,44.85783],[-92.223801,44.857831],[-92.222448,44.857845],[-92.218833,44.857844],[-92.218544,44.857825],[-92.217759,44.857887],[-92.21619,44.858011],[-92.215958,44.857997],[-92.215438,44.857983],[-92.213728,44.857969],[-92.21161,44.857955],[-92.209562,44.85794],[-92.201906,44.85788],[-92.200822,44.857878],[-92.198089,44.857929],[-92.197325,44.857942],[-92.190449,44.857888],[-92.188796,44.857878],[-92.188342,44.857875],[-92.181302,44.857761],[-92.18096,44.857755],[-92.179639,44.857757],[-92.179062,44.857758],[-92.172458,44.857936],[-92.172379,44.857882],[-92.17219,44.857877],[-92.171941,44.857876],[-92.168148,44.85792],[-92.167955,44.85792],[-92.166011,44.857901],[-92.163704,44.857894],[-92.159309,44.85789],[-92.157982,44.857899],[-92.156631,44.857892],[-92.154163,44.857818],[-92.152805,44.857799],[-92.150546,44.857796],[-92.148225,44.857809],[-92.146501,44.857817],[-92.144589,44.857823],[-92.140347,44.857812],[-92.136345,44.857849],[-92.136326,44.853022],[-92.136305,44.84772],[-92.136295,44.84528],[-92.136289,44.843763],[-92.136258,44.836362],[-92.136246,44.833464],[-92.136245,44.833158],[-92.136243,44.832791],[-92.136228,44.829193],[-92.136227,44.829016],[-92.136202,44.8284],[-92.136176,44.825058],[-92.136171,44.821746],[-92.136181,44.819026],[-92.136181,44.818915],[-92.136182,44.818618],[-92.136182,44.818419],[-92.136179,44.814769],[-92.136177,44.812913],[-92.136183,44.809762],[-92.13618,44.809593],[-92.136098,44.804511],[-92.136096,44.804398],[-92.136093,44.804217],[-92.136016,44.80187],[-92.135994,44.801683],[-92.135984,44.801594],[-92.135979,44.801552],[-92.135991,44.801417],[-92.135994,44.801383],[-92.135998,44.801339],[-92.136001,44.8013],[-92.136371,44.797133],[-92.136372,44.797029],[-92.136379,44.795596],[-92.13638,44.79477],[-92.136394,44.790984],[-92.136398,44.789956],[-92.136291,44.789533],[-92.136321,44.788492],[-92.136327,44.786089],[-92.136326,44.784856],[-92.136336,44.784709],[-92.136321,44.782429],[-92.136323,44.781392],[-92.13632,44.771528],[-92.13625,44.770385],[-92.136247,44.770315],[-92.136139,44.768738],[-92.136044,44.767341],[-92.135857,44.763687],[-92.135683,44.758594],[-92.135638,44.756842],[-92.135636,44.756557],[-92.135345,44.747654],[-92.135342,44.747617],[-92.135194,44.741072],[-92.135192,44.740975],[-92.135142,44.738176],[-92.135109,44.734917],[-92.134994,44.723255],[-92.135006,44.720533],[-92.13502,44.717925],[-92.135079,44.709586],[-92.13508,44.709493],[-92.135082,44.707589],[-92.13507,44.706067],[-92.135059,44.704734],[-92.135085,44.702465],[-92.135148,44.699422],[-92.135151,44.698865],[-92.135151,44.698754],[-92.135168,44.691626],[-92.135212,44.686111],[-92.135211,44.685951],[-92.135201,44.684458],[-92.1352,44.684375],[-92.1352,44.684364],[-92.1352,44.684294],[-92.135178,44.679905],[-92.13513,44.675175],[-92.135128,44.674221],[-92.135139,44.673475],[-92.135162,44.669442],[-92.13516,44.669358],[-92.135105,44.666105],[-92.135086,44.664984],[-92.135075,44.660947],[-92.135071,44.659504],[-92.135066,44.657264],[-92.13506,44.655176],[-92.135057,44.653734],[-92.135056,44.653527],[-92.135055,44.652906],[-92.135055,44.652699],[-92.135049,44.650362],[-92.135022,44.640507],[-92.135024,44.640357],[-92.135001,44.638899],[-92.134996,44.636288],[-92.134995,44.634852],[-92.134974,44.633253],[-92.135003,44.629904],[-92.135001,44.629865],[-92.134856,44.624966],[-92.134866,44.624722],[-92.13494,44.622888],[-92.134951,44.622264],[-92.134953,44.622174],[-92.13497,44.620613],[-92.134968,44.620451],[-92.134959,44.61968],[-92.134902,44.614992],[-92.134865,44.611805],[-92.134865,44.611781],[-92.134855,44.608133],[-92.13483,44.597295],[-92.134803,44.597258],[-92.134784,44.597187],[-92.134784,44.597062],[-92.134819,44.594958],[-92.134811,44.592867],[-92.134868,44.591304],[-92.134863,44.590887],[-92.134853,44.590406],[-92.134899,44.588446],[-92.134908,44.587831],[-92.134906,44.586566],[-92.134906,44.586408],[-92.134905,44.586382],[-92.134905,44.586105],[-92.134908,44.584787],[-92.134928,44.584518],[-92.134937,44.584498],[-92.135003,44.575623],[-92.135014,44.571326],[-92.135027,44.568309],[-92.135027,44.568274],[-92.135022,44.568227],[-92.135054,44.567208],[-92.135119,44.563235],[-92.135126,44.562759],[-92.135148,44.561333],[-92.135156,44.560858],[-92.135186,44.558887],[-92.135263,44.553998],[-92.135265,44.552977],[-92.13527,44.551007],[-92.135275,44.549148],[-92.135336,44.541753],[-92.135336,44.541602],[-92.135299,44.53958],[-92.135319,44.539579],[-92.135382,44.539579],[-92.135403,44.539579],[-92.13576,44.539577],[-92.140772,44.539552],[-92.146569,44.539522],[-92.150492,44.539502],[-92.150585,44.539502],[-92.152217,44.539493],[-92.155333,44.539478],[-92.155414,44.539477],[-92.155677,44.539466],[-92.155818,44.53946],[-92.163551,44.539479],[-92.16357,44.539479],[-92.166649,44.539486],[-92.17543,44.539508],[-92.175887,44.539514],[-92.178966,44.53956],[-92.179431,44.539567],[-92.180828,44.539588],[-92.181294,44.539595],[-92.18586,44.539668],[-92.186175,44.539655],[-92.187124,44.539617],[-92.18712,44.539647],[-92.1873,44.539621],[-92.195802,44.539723],[-92.197357,44.539745],[-92.197429,44.539745],[-92.201264,44.53978],[-92.201854,44.539781],[-92.20556,44.539829],[-92.205992,44.539828],[-92.206335,44.539827],[-92.206803,44.539818],[-92.207991,44.539808],[-92.208137,44.539803],[-92.208225,44.5398],[-92.208302,44.539799],[-92.208657,44.539795],[-92.211634,44.539769],[-92.214534,44.539736],[-92.215739,44.539735],[-92.215841,44.539725],[-92.21599,44.539748],[-92.216137,44.539753],[-92.216259,44.539758],[-92.223442,44.539806],[-92.22353,44.539805],[-92.22374,44.539807],[-92.224669,44.539814],[-92.224748,44.539814],[-92.22477,44.539815],[-92.224988,44.539816],[-92.225068,44.539817],[-92.225278,44.539818],[-92.225908,44.539824],[-92.226118,44.539826],[-92.226149,44.539826],[-92.228537,44.539843],[-92.235797,44.539895],[-92.236281,44.539899],[-92.238217,44.539881],[-92.239133,44.539868],[-92.241882,44.53983],[-92.242799,44.539818],[-92.243259,44.539811],[-92.24464,44.539792],[-92.245101,44.539786],[-92.246597,44.539765],[-92.250176,44.539715],[-92.251086,44.539718],[-92.252583,44.539724],[-92.254171,44.53973],[-92.2547,44.539735],[-92.261053,44.539795],[-92.263171,44.539816],[-92.265593,44.539839],[-92.270806,44.539889],[-92.27286,44.539936],[-92.275282,44.539993],[-92.276129,44.540013],[-92.27867,44.540073],[-92.279518,44.540093],[-92.279578,44.540094],[-92.279758,44.540097],[-92.279819,44.540099],[-92.282872,44.540171],[-92.286675,44.540261],[-92.292032,44.540393],[-92.295086,44.540469],[-92.295413,44.540475],[-92.296394,44.540495],[-92.296722,44.540502],[-92.296739,44.540502],[-92.296792,44.540505],[-92.29681,44.540507],[-92.296823,44.540507],[-92.296863,44.540507],[-92.296877,44.540507],[-92.29692,44.540508],[-92.297049,44.540511],[-92.297092,44.540512],[-92.300907,44.540611],[-92.312352,44.540909],[-92.316168,44.541009],[-92.317356,44.542512],[-92.317664,44.542802],[-92.317802,44.542931],[-92.319937,44.54494],[-92.32234,44.546779],[-92.325553,44.548716],[-92.32613,44.54908],[-92.329012,44.550895],[-92.332675,44.552574],[-92.335728,44.553844],[-92.336113,44.554004],[-92.340057,44.555274],[-92.343229,44.556096],[-92.344205,44.556349],[-92.347566,44.55715],[-92.35059,44.557516],[-92.354052,44.558026],[-92.357312,44.558481],[-92.35756,44.558508],[-92.361517,44.558936],[-92.365891,44.559117],[-92.368297,44.559183],[-92.375182,44.558762],[-92.375648,44.558741],[-92.380295,44.558542],[-92.382774,44.558198],[-92.385972,44.557803],[-92.389039,44.557698],[-92.391544,44.557644],[-92.395289,44.557961],[-92.39928,44.558293],[-92.402104,44.558607],[-92.404252,44.558877],[-92.406064,44.559124],[-92.407663,44.559517],[-92.409858,44.559883],[-92.411112,44.560106],[-92.41148,44.560172],[-92.412953,44.560316],[-92.413783,44.560207],[-92.415088,44.56036],[-92.417003,44.56084],[-92.418806,44.561393],[-92.420701,44.562042],[-92.421762,44.562502],[-92.423434,44.563394],[-92.424655,44.564111],[-92.425773,44.564603],[-92.426205,44.564733],[-92.427058,44.56499],[-92.427914,44.565194],[-92.429479,44.565515],[-92.4311,44.565787],[-92.431741,44.565807],[-92.432526,44.565706],[-92.433255,44.565501],[-92.434755,44.564953],[-92.435851,44.564456],[-92.436958,44.563983],[-92.43817,44.563581],[-92.438369,44.563518],[-92.439625,44.563151],[-92.440745,44.562856],[-92.442124,44.562827],[-92.443672,44.562718],[-92.444951,44.562696],[-92.446543,44.562658],[-92.448281,44.562454],[-92.449526,44.562311],[-92.45095,44.562161],[-92.451645,44.562139],[-92.452936,44.562077],[-92.454023,44.562055],[-92.455089,44.562024],[-92.456017,44.562075],[-92.45603,44.562076],[-92.456042,44.562077],[-92.456132,44.562082],[-92.456671,44.562164],[-92.45785,44.562391],[-92.458895,44.562746],[-92.460843,44.563264],[-92.461364,44.563402],[-92.46262,44.563685],[-92.463228,44.563822],[-92.465698,44.564396],[-92.466719,44.564623],[-92.468964,44.565044],[-92.470142,44.565287],[-92.471277,44.565627],[-92.472411,44.566006],[-92.473219,44.566313],[-92.473416,44.566368],[-92.474103,44.566541],[-92.475183,44.566842],[-92.476588,44.567278],[-92.476709,44.567315],[-92.476914,44.567379],[-92.476927,44.567383],[-92.477648,44.567646],[-92.478236,44.567861],[-92.480009,44.568309],[-92.480985,44.56845],[-92.482217,44.568521],[-92.482343,44.568513],[-92.482395,44.56851],[-92.483164,44.56846],[-92.483363,44.568425],[-92.484737,44.568185],[-92.485136,44.568049],[-92.4857,44.567857],[-92.485742,44.567833],[-92.486712,44.567295],[-92.487848,44.566907],[-92.487916,44.566884],[-92.487937,44.566877],[-92.488111,44.566818],[-92.48838,44.566726],[-92.488477,44.566703],[-92.490467,44.566231],[-92.490852,44.566165],[-92.49177,44.566009],[-92.491877,44.566006],[-92.492047,44.566002],[-92.492398,44.565998],[-92.492787,44.565995],[-92.493716,44.566053],[-92.494497,44.56622],[-92.496314,44.566701],[-92.49697,44.566875],[-92.497073,44.566903],[-92.497223,44.566953],[-92.497655,44.567098],[-92.49815,44.567265],[-92.499968,44.567851],[-92.500605,44.568005],[-92.500807,44.568054],[-92.502809,44.568593],[-92.505027,44.569247],[-92.506963,44.569721],[-92.507942,44.570062],[-92.508113,44.570121],[-92.508666,44.570314],[-92.510529,44.57103],[-92.512528,44.571815],[-92.513007,44.572081],[-92.513648,44.572538],[-92.514365,44.573077],[-92.514738,44.573333],[-92.514917,44.573455],[-92.515096,44.573577],[-92.515113,44.573589],[-92.515522,44.573793],[-92.515996,44.574029],[-92.516171,44.574116],[-92.516229,44.574145],[-92.516347,44.574203],[-92.516463,44.574261],[-92.517356,44.574692],[-92.517631,44.574824],[-92.518081,44.575019],[-92.518424,44.575142],[-92.518699,44.575229],[-92.519217,44.575276],[-92.51979,44.575314],[-92.520233,44.575285],[-92.520682,44.575287],[-92.521179,44.575212],[-92.521789,44.575084],[-92.523124,44.574725],[-92.525,44.574238],[-92.526419,44.573816],[-92.527999,44.573251],[-92.531974,44.571395],[-92.532651,44.571062],[-92.532946,44.570917],[-92.534113,44.570343],[-92.534185,44.570306],[-92.535636,44.56956],[-92.538223,44.568206],[-92.538774,44.567961],[-92.539908,44.567457],[-92.541015,44.567128],[-92.541648,44.567],[-92.54209,44.566899],[-92.54251,44.56686],[-92.543212,44.566867],[-92.543578,44.566886],[-92.544013,44.566938],[-92.544468,44.56697],[-92.544555,44.566976],[-92.544808,44.567001],[-92.545066,44.567027],[-92.545371,44.567069],[-92.545928,44.567175],[-92.546386,44.567271],[-92.546694,44.567356],[-92.546767,44.567376],[-92.54694,44.567431],[-92.547062,44.567469],[-92.547172,44.567504],[-92.547964,44.567849],[-92.548888,44.568253],[-92.549338,44.56857],[-92.549934,44.568916],[-92.550025,44.568969],[-92.550346,44.569237],[-92.550719,44.569688],[-92.551185,44.570554],[-92.551337,44.57104],[-92.551459,44.571473],[-92.551528,44.57186],[-92.551566,44.572216],[-92.55146,44.572567],[-92.551429,44.572985],[-92.551168,44.573508],[-92.551002,44.573839],[-92.550383,44.574939],[-92.550017,44.575636],[-92.549956,44.575791],[-92.549826,44.576121],[-92.549338,44.577848],[-92.549298,44.578119],[-92.549247,44.578468],[-92.549278,44.578986],[-92.549384,44.579972],[-92.549521,44.580486],[-92.549826,44.581099],[-92.55004,44.581469],[-92.550399,44.582056],[-92.55062,44.582318],[-92.551299,44.583018],[-92.552032,44.583858],[-92.552825,44.584694],[-92.554557,44.586245],[-92.555648,44.587253],[-92.556121,44.587732],[-92.556442,44.588093],[-92.557006,44.588789],[-92.557298,44.589201],[-92.557393,44.589335],[-92.557448,44.589412],[-92.557975,44.590305],[-92.558359,44.590991],[-92.558837,44.591848],[-92.558981,44.592115],[-92.559002,44.592155],[-92.559013,44.592174],[-92.559024,44.592194],[-92.559067,44.592274],[-92.55914,44.592409],[-92.559183,44.592488],[-92.559204,44.592528],[-92.559226,44.592568],[-92.559348,44.592795],[-92.559859,44.593643],[-92.560516,44.594555],[-92.561072,44.59521],[-92.561492,44.59572],[-92.561942,44.596221],[-92.562395,44.596652],[-92.56256,44.596809],[-92.563346,44.597415],[-92.563986,44.598066],[-92.564406,44.59845],[-92.565085,44.599213],[-92.56568,44.599864],[-92.566169,44.600472],[-92.566268,44.600595],[-92.56668,44.601222],[-92.566732,44.601304],[-92.566962,44.601669],[-92.567427,44.602152],[-92.567825,44.602527],[-92.56798,44.602636],[-92.568117,44.602733],[-92.568181,44.602779],[-92.568511,44.603012],[-92.568945,44.603373],[-92.569054,44.603433],[-92.569404,44.603623],[-92.569953,44.603799],[-92.57051,44.604019],[-92.572722,44.604621],[-92.573249,44.604749],[-92.574737,44.604863],[-92.576705,44.604996],[-92.577155,44.605038],[-92.577201,44.60489],[-92.577401,44.604688],[-92.577468,44.604621],[-92.57801,44.60433],[-92.578122,44.604273],[-92.578612,44.604026],[-92.578702,44.603975],[-92.57883,44.603904],[-92.579035,44.603802],[-92.579149,44.60366],[-92.580418,44.602075],[-92.581587,44.600852],[-92.582815,44.600373],[-92.583344,44.600167],[-92.58471,44.599862],[-92.586215,44.600089],[-92.587292,44.600434],[-92.588252,44.601092],[-92.588796,44.601699],[-92.589028,44.602235],[-92.589214,44.60266],[-92.589252,44.602786],[-92.589632,44.604036],[-92.590386,44.605406],[-92.590456,44.605533],[-92.590467,44.605684],[-92.590487,44.605945],[-92.591911,44.606408],[-92.592066,44.606458],[-92.592509,44.60665],[-92.594128,44.607352],[-92.594852,44.607683],[-92.59567,44.608058],[-92.598186,44.610125],[-92.600159,44.611367],[-92.6003,44.611455],[-92.601607,44.612039],[-92.6026,44.612275],[-92.603853,44.61248],[-92.604984,44.612458],[-92.607257,44.612396],[-92.607377,44.612384],[-92.609067,44.612222],[-92.609995,44.612062],[-92.610123,44.61204],[-92.61025,44.612018],[-92.611161,44.611862],[-92.61134,44.611846],[-92.611865,44.611798],[-92.612389,44.61175],[-92.612812,44.611712],[-92.613853,44.611592],[-92.614712,44.611658],[-92.615548,44.611854],[-92.6168,44.612244],[-92.618187,44.612788],[-92.618955,44.61317],[-92.619091,44.613238],[-92.619786,44.613584],[-92.621641,44.614929],[-92.62212,44.615531],[-92.622536,44.616054],[-92.622889,44.616788],[-92.62296,44.616936],[-92.623369,44.618142],[-92.623564,44.619225],[-92.623565,44.62064],[-92.623511,44.620977],[-92.623375,44.62182],[-92.622797,44.62346],[-92.621909,44.624919],[-92.621832,44.625049],[-92.621474,44.625831],[-92.621123,44.626505],[-92.620765,44.627323],[-92.620467,44.627894],[-92.620261,44.628654],[-92.620183,44.629408],[-92.62017,44.629531],[-92.620162,44.630566],[-92.620205,44.631022],[-92.620261,44.631607],[-92.620192,44.633601],[-92.620214,44.634195],[-92.621166,44.637018],[-92.621687,44.63855],[-92.621846,44.639019],[-92.625066,44.642168],[-92.627733,44.644861],[-92.630447,44.647599],[-92.632021,44.649188],[-92.639479,44.652218],[-92.643255,44.653068],[-92.643555,44.653136],[-92.644788,44.653763],[-92.646563,44.654666],[-92.655788,44.658082],[-92.660988,44.6609],[-92.664715,44.663379],[-92.665754,44.664325],[-92.667808,44.666194],[-92.670034,44.667902],[-92.672026,44.669206],[-92.673947,44.670872],[-92.67613,44.672529],[-92.677635,44.674165],[-92.679568,44.676267],[-92.68327,44.679604],[-92.683502,44.679813],[-92.686197,44.682375],[-92.690549,44.685573],[-92.693578,44.688017],[-92.69432,44.688615],[-92.694659,44.688806],[-92.694748,44.688856],[-92.694895,44.688941],[-92.694916,44.688953],[-92.695488,44.689286],[-92.697021,44.690113],[-92.698311,44.690832],[-92.699249,44.691294],[-92.699337,44.691354],[-92.699897,44.691736],[-92.699937,44.691763],[-92.701518,44.6934],[-92.706888,44.696696],[-92.709523,44.698464],[-92.711919,44.700073],[-92.712287,44.70032],[-92.712497,44.700461],[-92.712515,44.700473],[-92.713129,44.700886],[-92.713428,44.701086],[-92.71734,44.703812],[-92.720085,44.705726],[-92.726344,44.710339],[-92.726354,44.710346],[-92.728624,44.711942],[-92.732043,44.714345],[-92.732306,44.714467],[-92.73649,44.716413],[-92.739159,44.718039],[-92.749705,44.721731],[-92.750098,44.721805],[-92.751964,44.722155],[-92.753322,44.722553],[-92.754184,44.722806],[-92.755671,44.723243],[-92.76177,44.726267],[-92.769417,44.730712],[-92.771948,44.732077],[-92.773597,44.732681],[-92.776346,44.733687],[-92.776471,44.733732]]]]},"properties":{"neighbourhood":"Pierce","neighbourhood_group":null}},{"type":"Feature","geometry":{"type":"MultiPolygon","coordinates":[[[[-94.624345,44.542316],[-94.624985,44.542311],[-94.625333,44.542313],[-94.627703,44.542328],[-94.628298,44.54233],[-94.629287,44.542334],[-94.629295,44.54276],[-94.629288,44.544775],[-94.629283,44.545242],[-94.629278,44.545764],[-94.629265,44.548076],[-94.629277,44.549437],[-94.62933,44.553966],[-94.62935,44.555601],[-94.629358,44.556875],[-94.629352,44.557684],[-94.629347,44.55842],[-94.629353,44.560114],[-94.629356,44.560932],[-94.629356,44.561329],[-94.629358,44.561852],[-94.629341,44.562498],[-94.629337,44.562545],[-94.629327,44.562695],[-94.629328,44.562951],[-94.629332,44.563886],[-94.629333,44.563939],[-94.629324,44.565204],[-94.629335,44.566619],[-94.629334,44.566694],[-94.629328,44.56763],[-94.629327,44.567642],[-94.629327,44.567913],[-94.629324,44.568056],[-94.629307,44.568952],[-94.629305,44.569336],[-94.629304,44.569763],[-94.629302,44.570082],[-94.629296,44.571039],[-94.629295,44.571359],[-94.629297,44.572377],[-94.629303,44.575434],[-94.629306,44.576453],[-94.629307,44.577132],[-94.629311,44.579169],[-94.629313,44.579848],[-94.629315,44.580214],[-94.629323,44.581314],[-94.629326,44.581681],[-94.629324,44.581691],[-94.629321,44.58252],[-94.629313,44.584118],[-94.629314,44.585037],[-94.629316,44.58551],[-94.629322,44.585876],[-94.629328,44.586213],[-94.629318,44.586792],[-94.629313,44.587139],[-94.629326,44.589542],[-94.629331,44.590459],[-94.629336,44.59128],[-94.629323,44.592146],[-94.629323,44.592164],[-94.629324,44.597282],[-94.629325,44.598988],[-94.629325,44.599254],[-94.629325,44.600052],[-94.629325,44.600319],[-94.62931,44.603216],[-94.629279,44.609546],[-94.62925,44.610843],[-94.629249,44.611909],[-94.629249,44.6137],[-94.629227,44.614807],[-94.629237,44.615713],[-94.629242,44.616056],[-94.629222,44.617228],[-94.629218,44.618434],[-94.629216,44.619342],[-94.629215,44.619733],[-94.629213,44.620907],[-94.629213,44.621299],[-94.629211,44.621683],[-94.629204,44.622838],[-94.629203,44.623223],[-94.629193,44.623721],[-94.629191,44.623731],[-94.629191,44.623834],[-94.629191,44.623914],[-94.629207,44.62501],[-94.629203,44.62567],[-94.629201,44.626283],[-94.629198,44.626886],[-94.629189,44.628695],[-94.629187,44.629299],[-94.629187,44.629961],[-94.62919,44.631338],[-94.629201,44.631947],[-94.629213,44.63261],[-94.629213,44.632622],[-94.629224,44.633175],[-94.62923,44.634739],[-94.629258,44.641129],[-94.629268,44.64326],[-94.629268,44.643367],[-94.629269,44.64369],[-94.62927,44.643798],[-94.629273,44.646078],[-94.629283,44.65292],[-94.629287,44.655201],[-94.629288,44.655844],[-94.629291,44.657774],[-94.629292,44.658418],[-94.629291,44.658862],[-94.629289,44.660195],[-94.629289,44.66064],[-94.629287,44.661905],[-94.629281,44.665702],[-94.62928,44.666968],[-94.629279,44.66776],[-94.629275,44.670138],[-94.629275,44.670931],[-94.629273,44.673021],[-94.629264,44.673222],[-94.629254,44.673498],[-94.629133,44.676502],[-94.629324,44.684018],[-94.629339,44.687349],[-94.629344,44.687557],[-94.629345,44.687693],[-94.629347,44.687906],[-94.629369,44.689892],[-94.629378,44.690569],[-94.629404,44.692324],[-94.629398,44.694515],[-94.629413,44.69763],[-94.62942,44.699197],[-94.629424,44.699902],[-94.629428,44.702081],[-94.629428,44.702094],[-94.629428,44.702154],[-94.629428,44.702175],[-94.629432,44.703339],[-94.629439,44.704843],[-94.629464,44.706834],[-94.62947,44.707261],[-94.629471,44.707999],[-94.629472,44.708659],[-94.629473,44.709693],[-94.629472,44.709732],[-94.629469,44.712486],[-94.629481,44.714931],[-94.629491,44.716664],[-94.627581,44.716667],[-94.62501,44.716672],[-94.621851,44.716684],[-94.620905,44.716688],[-94.620164,44.716707],[-94.619942,44.716721],[-94.619709,44.716713],[-94.618751,44.716707],[-94.617563,44.716701],[-94.615178,44.716715],[-94.615053,44.716716],[-94.614011,44.716717],[-94.613988,44.716719],[-94.613417,44.71672],[-94.611874,44.716724],[-94.611706,44.716725],[-94.611136,44.716731],[-94.60982,44.716742],[-94.608838,44.716745],[-94.605806,44.716756],[-94.603165,44.716756],[-94.601944,44.716762],[-94.600859,44.716768],[-94.599647,44.716765],[-94.595567,44.716778],[-94.583326,44.716817],[-94.579247,44.716831],[-94.577211,44.716837],[-94.571104,44.716857],[-94.569069,44.716864],[-94.567197,44.71687],[-94.561581,44.716889],[-94.55971,44.716896],[-94.559547,44.716896],[-94.559058,44.716897],[-94.558896,44.716898],[-94.55483,44.716911],[-94.542634,44.716953],[-94.538569,44.716968],[-94.534515,44.716982],[-94.522353,44.717026],[-94.5183,44.717041],[-94.516222,44.717032],[-94.509991,44.717008],[-94.507943,44.717],[-94.507914,44.717],[-94.507869,44.717038],[-94.50785,44.717046],[-94.507748,44.717093],[-94.507624,44.717107],[-94.507546,44.717116],[-94.507353,44.717119],[-94.50729,44.71712],[-94.506776,44.717117],[-94.506584,44.717116],[-94.505995,44.717113],[-94.503518,44.717158],[-94.503038,44.71717],[-94.502136,44.717166],[-94.500266,44.717096],[-94.499223,44.717132],[-94.498649,44.717152],[-94.498075,44.717172],[-94.498073,44.715093],[-94.49807,44.712939],[-94.498065,44.708526],[-94.498062,44.704116],[-94.498077,44.702141],[-94.498078,44.701628],[-94.498083,44.701118],[-94.498085,44.700714],[-94.497984,44.69877],[-94.497945,44.6987],[-94.497949,44.697927],[-94.497938,44.696898],[-94.4979,44.693989],[-94.497906,44.6932],[-94.497876,44.6893],[-94.497859,44.688547],[-94.497844,44.688376],[-94.497865,44.688102],[-94.497837,44.687068],[-94.497844,44.685719],[-94.497793,44.680631],[-94.497761,44.67952],[-94.497776,44.678321],[-94.49776,44.677388],[-94.497721,44.673465],[-94.497738,44.670445],[-94.497736,44.667868],[-94.497749,44.667467],[-94.497768,44.663762],[-94.497785,44.661141],[-94.497791,44.657056],[-94.497798,44.656564],[-94.497822,44.655003],[-94.497821,44.654991],[-94.497814,44.651708],[-94.497831,44.649567],[-94.497825,44.648306],[-94.49784,44.647224],[-94.497827,44.645693],[-94.497833,44.644452],[-94.497826,44.642837],[-94.497839,44.641393],[-94.497837,44.640494],[-94.497832,44.637135],[-94.497826,44.633148],[-94.497817,44.632045],[-94.497843,44.630661],[-94.497837,44.629922],[-94.492899,44.629912],[-94.477915,44.629878],[-94.46135,44.629896],[-94.45744,44.629927],[-94.45416,44.629953],[-94.454099,44.629951],[-94.453842,44.629943],[-94.453447,44.629956],[-94.445002,44.630032],[-94.444431,44.630055],[-94.44148,44.630074],[-94.441463,44.630076],[-94.441009,44.630085],[-94.43625,44.630101],[-94.431141,44.630163],[-94.429928,44.630159],[-94.42705,44.630182],[-94.421871,44.630224],[-94.417872,44.63026],[-94.416833,44.630269],[-94.41655,44.630272],[-94.40971,44.630317],[-94.408536,44.630327],[-94.408446,44.630327],[-94.405891,44.630332],[-94.402849,44.630338],[-94.401021,44.630358],[-94.398572,44.630356],[-94.39655,44.630365],[-94.396481,44.630367],[-94.391414,44.630396],[-94.390591,44.630392],[-94.388726,44.630403],[-94.379512,44.630439],[-94.376107,44.630452],[-94.375257,44.630457],[-94.368919,44.630498],[-94.36843,44.630493],[-94.368374,44.630493],[-94.363463,44.630526],[-94.361274,44.630541],[-94.3605,44.630535],[-94.360464,44.630535],[-94.359097,44.630548],[-94.358562,44.630545],[-94.356175,44.630558],[-94.354902,44.630577],[-94.350202,44.630608],[-94.348522,44.630618],[-94.346171,44.630646],[-94.346127,44.630647],[-94.344966,44.630657],[-94.341071,44.630679],[-94.338441,44.630706],[-94.336008,44.630713],[-94.332845,44.630629],[-94.331356,44.630583],[-94.326024,44.630447],[-94.320391,44.630414],[-94.315742,44.630386],[-94.312496,44.630379],[-94.309264,44.6304],[-94.309158,44.6304],[-94.308335,44.630397],[-94.305561,44.630376],[-94.304204,44.630381],[-94.301962,44.630389],[-94.295457,44.630411],[-94.294417,44.630414],[-94.291811,44.630452],[-94.288459,44.630467],[-94.286055,44.630503],[-94.285168,44.630499],[-94.279992,44.630479],[-94.277144,44.630446],[-94.275292,44.630443],[-94.275141,44.630443],[-94.275124,44.630443],[-94.271622,44.63042],[-94.270242,44.630412],[-94.264951,44.630379],[-94.261897,44.630359],[-94.258672,44.630326],[-94.25472,44.630312],[-94.254679,44.632369],[-94.254642,44.634914],[-94.254605,44.636289],[-94.25458,44.636743],[-94.254547,44.637301],[-94.254483,44.638398],[-94.254464,44.640855],[-94.254444,44.641274],[-94.25447,44.641389],[-94.254738,44.643408],[-94.254756,44.643794],[-94.254744,44.644952],[-94.254739,44.645302],[-94.254736,44.645652],[-94.254671,44.651964],[-94.254615,44.657676],[-94.254537,44.664466],[-94.25451,44.666667],[-94.254506,44.667193],[-94.254432,44.673986],[-94.254272,44.688538],[-94.25415,44.700813],[-94.2541,44.702612],[-94.254101,44.702808],[-94.254101,44.703263],[-94.254115,44.703278],[-94.254109,44.704426],[-94.254131,44.705638],[-94.254122,44.707082],[-94.254115,44.707411],[-94.2541,44.708229],[-94.254076,44.709487],[-94.254081,44.710482],[-94.254076,44.717856],[-94.250256,44.717806],[-94.248023,44.717816],[-94.236817,44.717924],[-94.236746,44.717902],[-94.236249,44.717829],[-94.235602,44.717812],[-94.233715,44.71782],[-94.231763,44.717828],[-94.227993,44.717804],[-94.226505,44.717916],[-94.220822,44.717947],[-94.218408,44.717907],[-94.217685,44.717907],[-94.212983,44.717889],[-94.212086,44.717886],[-94.211191,44.717883],[-94.203473,44.717849],[-94.201578,44.717844],[-94.19311,44.717803],[-94.190236,44.717749],[-94.189003,44.717702],[-94.188635,44.717705],[-94.187331,44.717699],[-94.172966,44.717654],[-94.168193,44.717641],[-94.152643,44.717584],[-94.132426,44.717555],[-94.132403,44.717495],[-94.132366,44.717466],[-94.132313,44.717425],[-94.131981,44.717379],[-94.131536,44.717376],[-94.130344,44.717367],[-94.130164,44.717367],[-94.126489,44.717361],[-94.124751,44.71737],[-94.123286,44.717365],[-94.121467,44.71736],[-94.112551,44.71736],[-94.109385,44.717361],[-94.105735,44.717363],[-94.102295,44.717368],[-94.097134,44.717375],[-94.092163,44.717377],[-94.090174,44.717383],[-94.086743,44.717397],[-94.084372,44.717398],[-94.081667,44.717409],[-94.079386,44.717408],[-94.074295,44.717407],[-94.071732,44.717394],[-94.070597,44.71739],[-94.066253,44.717377],[-94.063583,44.717377],[-94.06137,44.717368],[-94.061303,44.717368],[-94.057596,44.71736],[-94.057262,44.717359],[-94.051427,44.717366],[-94.048053,44.717382],[-94.043557,44.717395],[-94.030918,44.717432],[-94.023605,44.717443],[-94.021095,44.717447],[-94.017487,44.717457],[-94.01416,44.717461],[-94.012708,44.717478],[-94.010495,44.717465],[-94.009578,44.717459],[-94.008888,44.717455],[-94.003709,44.717449],[-94.000246,44.717444],[-93.999995,44.717444],[-93.99362,44.717419],[-93.990629,44.71741],[-93.98623,44.717404],[-93.984232,44.717396],[-93.98046,44.717392],[-93.97861,44.717387],[-93.978231,44.717385],[-93.977831,44.717383],[-93.977651,44.717383],[-93.976847,44.717382],[-93.972894,44.717375],[-93.971539,44.717365],[-93.970271,44.717369],[-93.969421,44.717365],[-93.967718,44.717355],[-93.9677,44.717354],[-93.966438,44.717346],[-93.965718,44.71734],[-93.962983,44.717337],[-93.96076,44.717319],[-93.95925,44.717315],[-93.95887,44.717314],[-93.95778,44.717311],[-93.954645,44.717289],[-93.954541,44.717288],[-93.954444,44.717288],[-93.949841,44.717271],[-93.943114,44.717262],[-93.941488,44.717263],[-93.941431,44.717263],[-93.941322,44.717263],[-93.93849,44.717262],[-93.937478,44.717262],[-93.936777,44.717255],[-93.93516,44.717258],[-93.935042,44.71726],[-93.934243,44.717261],[-93.933889,44.717264],[-93.930879,44.717248],[-93.929461,44.717248],[-93.927852,44.717249],[-93.924542,44.717235],[-93.922606,44.717227],[-93.920354,44.71721],[-93.918362,44.717211],[-93.917983,44.71721],[-93.917711,44.71721],[-93.917655,44.71721],[-93.916121,44.717201],[-93.916084,44.717201],[-93.913584,44.717193],[-93.912146,44.717188],[-93.910186,44.717175],[-93.909055,44.717172],[-93.907891,44.717166],[-93.907814,44.717166],[-93.906359,44.717155],[-93.904856,44.717148],[-93.902085,44.717134],[-93.897519,44.717099],[-93.896608,44.717098],[-93.895288,44.717096],[-93.895023,44.717093],[-93.894281,44.717087],[-93.894229,44.717087],[-93.892751,44.717074],[-93.890801,44.717056],[-93.888637,44.717045],[-93.888653,44.715354],[-93.888687,44.71338],[-93.888699,44.71215],[-93.888682,44.709876],[-93.888702,44.70806],[-93.888707,44.706794],[-93.888707,44.706591],[-93.888707,44.706557],[-93.888707,44.705901],[-93.888707,44.703757],[-93.888713,44.702478],[-93.888735,44.699726],[-93.888713,44.697533],[-93.888717,44.697195],[-93.888728,44.696171],[-93.888746,44.695385],[-93.888731,44.694434],[-93.888727,44.694155],[-93.888736,44.693196],[-93.888733,44.692858],[-93.888731,44.692561],[-93.888731,44.692515],[-93.888725,44.691958],[-93.888713,44.690888],[-93.888731,44.688609],[-93.888716,44.687964],[-93.888768,44.686481],[-93.888768,44.686368],[-93.888768,44.686084],[-93.888768,44.682735],[-93.888768,44.682701],[-93.888781,44.680422],[-93.888798,44.679736],[-93.888799,44.679386],[-93.888801,44.678129],[-93.888807,44.677156],[-93.888811,44.677021],[-93.888811,44.676962],[-93.888827,44.674528],[-93.888832,44.67341],[-93.887381,44.67341],[-93.883991,44.673419],[-93.883473,44.673427],[-93.880766,44.673468],[-93.879654,44.673471],[-93.878359,44.673482],[-93.875262,44.673475],[-93.875249,44.673475],[-93.873136,44.67347],[-93.871343,44.67347],[-93.871077,44.67347],[-93.869931,44.673475],[-93.867111,44.673495],[-93.864986,44.673518],[-93.862685,44.673553],[-93.86023,44.673597],[-93.860092,44.6736],[-93.855445,44.673652],[-93.85308,44.67367],[-93.851115,44.673701],[-93.850437,44.673712],[-93.849611,44.673705],[-93.848159,44.673693],[-93.845625,44.673659],[-93.843444,44.67362],[-93.842701,44.673608],[-93.840521,44.673574],[-93.838786,44.673541],[-93.834175,44.673469],[-93.832269,44.673419],[-93.830423,44.673385],[-93.82922,44.673377],[-93.829172,44.673377],[-93.828686,44.673374],[-93.826662,44.673378],[-93.82533,44.673369],[-93.825277,44.673369],[-93.822631,44.673353],[-93.822275,44.673358],[-93.821766,44.673358],[-93.821242,44.673371],[-93.819002,44.673414],[-93.818699,44.673414],[-93.818531,44.673422],[-93.818446,44.673424],[-93.818126,44.673427],[-93.815017,44.673455],[-93.813016,44.673494],[-93.812011,44.673494],[-93.811969,44.673501],[-93.811364,44.673501],[-93.811239,44.673507],[-93.810891,44.673509],[-93.810866,44.67351],[-93.810072,44.673514],[-93.80955,44.673517],[-93.809139,44.673519],[-93.804793,44.673513],[-93.802294,44.673518],[-93.801036,44.673518],[-93.79997,44.673528],[-93.79989,44.673537],[-93.798743,44.673538],[-93.796371,44.673538],[-93.796355,44.673541],[-93.794425,44.673543],[-93.79071,44.67353],[-93.790694,44.67353],[-93.789487,44.673526],[-93.788563,44.673528],[-93.787047,44.673531],[-93.78241,44.673522],[-93.778571,44.673526],[-93.778547,44.673527],[-93.776866,44.67353],[-93.771541,44.673515],[-93.769023,44.673516],[-93.768177,44.673522],[-93.768176,44.672209],[-93.768175,44.670536],[-93.768175,44.66646],[-93.768158,44.664986],[-93.768155,44.661761],[-93.768155,44.661684],[-93.768155,44.661616],[-93.768154,44.660365],[-93.768146,44.659137],[-93.768145,44.659056],[-93.768138,44.659004],[-93.768138,44.658932],[-93.768142,44.658364],[-93.768171,44.656628],[-93.768198,44.655389],[-93.768217,44.653527],[-93.768217,44.653501],[-93.768225,44.652805],[-93.768214,44.651312],[-93.768212,44.651062],[-93.768211,44.651043],[-93.768211,44.650563],[-93.768211,44.650112],[-93.768211,44.649992],[-93.768211,44.649976],[-93.76821,44.649822],[-93.768205,44.649736],[-93.768196,44.64957],[-93.768206,44.649403],[-93.768209,44.649346],[-93.768234,44.64934],[-93.76804,44.645571],[-93.768041,44.644924],[-93.76804,44.644804],[-93.76804,44.642826],[-93.768041,44.642799],[-93.768041,44.640509],[-93.76804,44.640305],[-93.768942,44.640248],[-93.770241,44.640083],[-93.771362,44.639776],[-93.772345,44.639336],[-93.772555,44.639079],[-93.772508,44.638831],[-93.772354,44.638513],[-93.771823,44.638359],[-93.770489,44.638418],[-93.76804,44.638635],[-93.767773,44.63866],[-93.767537,44.638636],[-93.767159,44.638471],[-93.7671,44.638437],[-93.766929,44.638347],[-93.766872,44.638317],[-93.766794,44.638276],[-93.766724,44.638205],[-93.766666,44.638145],[-93.766332,44.637803],[-93.766202,44.637671],[-93.765817,44.637278],[-93.765761,44.63722],[-93.764762,44.636011],[-93.764716,44.635955],[-93.764462,44.635552],[-93.764322,44.63533],[-93.763962,44.634759],[-93.763912,44.634661],[-93.763794,44.634428],[-93.76378,44.634401],[-93.763663,44.634148],[-93.765735,44.63322],[-93.766879,44.632579],[-93.767915,44.631949],[-93.768692,44.631454],[-93.769616,44.631146],[-93.770758,44.630774],[-93.77108,44.630641],[-93.772457,44.63029],[-93.772976,44.630344],[-93.773284,44.630439],[-93.773493,44.630625],[-93.773524,44.630851],[-93.773444,44.631058],[-93.773345,44.631321],[-93.77322,44.631656],[-93.772469,44.633309],[-93.772106,44.634441],[-93.772381,44.636424],[-93.772945,44.637302],[-93.773372,44.637637],[-93.774151,44.637828],[-93.774757,44.637743],[-93.775188,44.637683],[-93.776006,44.637032],[-93.776531,44.636615],[-93.778729,44.633869],[-93.78143,44.632137],[-93.782732,44.631554],[-93.783747,44.631394],[-93.784857,44.631252],[-93.786439,44.630851],[-93.787926,44.630331],[-93.788716,44.629859],[-93.788878,44.629762],[-93.790875,44.628591],[-93.791326,44.628619],[-93.791775,44.628666],[-93.792117,44.628985],[-93.792374,44.629831],[-93.792429,44.63001],[-93.792431,44.630041],[-93.792437,44.63012],[-93.792518,44.63052],[-93.792679,44.63131],[-93.792944,44.632397],[-93.793546,44.633023],[-93.79462,44.633767],[-93.795671,44.634156],[-93.797643,44.634664],[-93.799012,44.634912],[-93.799662,44.634935],[-93.800807,44.634825],[-93.803121,44.634639],[-93.804034,44.634264],[-93.806238,44.633648],[-93.808457,44.633293],[-93.810346,44.633246],[-93.812684,44.633364],[-93.814667,44.633317],[-93.815517,44.632986],[-93.816072,44.632176],[-93.816721,44.630979],[-93.817382,44.629681],[-93.817996,44.62902],[-93.821278,44.62732],[-93.825977,44.624817],[-93.828181,44.623649],[-93.82985,44.62288],[-93.832031,44.62166],[-93.834424,44.619974],[-93.836537,44.61848],[-93.837287,44.618536],[-93.837654,44.618844],[-93.837986,44.619115],[-93.838225,44.61941],[-93.83844,44.620047],[-93.838577,44.620453],[-93.839207,44.62232],[-93.839553,44.622919],[-93.840056,44.623667],[-93.840499,44.624079],[-93.840911,44.624453],[-93.842444,44.624964],[-93.842834,44.625262],[-93.843582,44.62546],[-93.844123,44.625588],[-93.844444,44.625664],[-93.845062,44.625559],[-93.845489,44.625368],[-93.846044,44.624964],[-93.8461,44.624811],[-93.846222,44.624392],[-93.846213,44.624323],[-93.846203,44.624246],[-93.846149,44.623833],[-93.846096,44.623419],[-93.846084,44.623324],[-93.845967,44.623173],[-93.845842,44.623012],[-93.845716,44.622851],[-93.845367,44.622401],[-93.844689,44.621905],[-93.844344,44.621653],[-93.843769,44.621318],[-93.842644,44.620664],[-93.842468,44.620539],[-93.841338,44.619334],[-93.841326,44.61923],[-93.84125,44.618566],[-93.841375,44.618349],[-93.841497,44.618227],[-93.842581,44.617471],[-93.842984,44.617615],[-93.843928,44.6183],[-93.845652,44.61948],[-93.846809,44.620637],[-93.848509,44.621794],[-93.850492,44.622007],[-93.853137,44.621723],[-93.855404,44.621393],[-93.857679,44.621096],[-93.85845,44.620755],[-93.858709,44.62033],[-93.858582,44.619968],[-93.858359,44.619771],[-93.858105,44.619714],[-93.857507,44.61958],[-93.856309,44.619478],[-93.855174,44.619211],[-93.85443,44.618846],[-93.854351,44.618759],[-93.853885,44.618242],[-93.853889,44.617905],[-93.854056,44.61714],[-93.854585,44.616262],[-93.855522,44.614988],[-93.856238,44.613785],[-93.856411,44.613423],[-93.856445,44.613353],[-93.856478,44.613282],[-93.856702,44.612751],[-93.85691,44.612351],[-93.857264,44.611615],[-93.857741,44.611181],[-93.858484,44.61066],[-93.859146,44.609976],[-93.86002,44.609197],[-93.860516,44.608087],[-93.860398,44.606978],[-93.860516,44.606199],[-93.861319,44.605419],[-93.862381,44.604971],[-93.863703,44.60464],[-93.865026,44.604286],[-93.866348,44.603625],[-93.86793,44.602846],[-93.868922,44.602444],[-93.869983,44.602469],[-93.870697,44.602503],[-93.871444,44.602864],[-93.871612,44.603022],[-93.87175,44.60322],[-93.871994,44.60351],[-93.872314,44.603846],[-93.872528,44.604212],[-93.872681,44.604502],[-93.872665,44.604998],[-93.872589,44.605311],[-93.872604,44.605814],[-93.872635,44.606219],[-93.873044,44.606664],[-93.873382,44.606806],[-93.873871,44.606844],[-93.874679,44.60673],[-93.875244,44.606664],[-93.876083,44.606409],[-93.876739,44.606188],[-93.877899,44.605723],[-93.878265,44.605196],[-93.878265,44.604937],[-93.878128,44.604357],[-93.877243,44.603678],[-93.876587,44.603052],[-93.876236,44.602114],[-93.876236,44.601382],[-93.876602,44.600489],[-93.877182,44.600283],[-93.87886,44.600603],[-93.880035,44.600809],[-93.880768,44.600916],[-93.881866,44.600809],[-93.882309,44.600344],[-93.882156,44.599085],[-93.88179,44.597994],[-93.881866,44.597208],[-93.882385,44.596216],[-93.883407,44.595484],[-93.884658,44.595064],[-93.885894,44.595072],[-93.887405,44.595417],[-93.887496,44.595438],[-93.888381,44.59601],[-93.889113,44.596537],[-93.889665,44.596701],[-93.890154,44.596803],[-93.890713,44.596627],[-93.891153,44.596289],[-93.891462,44.59598],[-93.891609,44.595481],[-93.891623,44.594996],[-93.891756,44.594379],[-93.891976,44.594071],[-93.892471,44.593618],[-93.89343,44.592793],[-93.894738,44.592026],[-93.895233,44.591393],[-93.895694,44.590636],[-93.896442,44.589771],[-93.897347,44.58927],[-93.898583,44.588992],[-93.899552,44.588899],[-93.900948,44.588616],[-93.901916,44.588141],[-93.90248,44.587648],[-93.902829,44.587066],[-93.902901,44.586618],[-93.902731,44.586072],[-93.901889,44.585552],[-93.90091,44.5855],[-93.900349,44.585581],[-93.898175,44.587028],[-93.898124,44.587056],[-93.89769,44.58729],[-93.897244,44.587264],[-93.897018,44.58729],[-93.896349,44.58713],[-93.896055,44.587061],[-93.89576,44.586992],[-93.895703,44.58698],[-93.895658,44.586952],[-93.893814,44.585879],[-93.892715,44.584986],[-93.892563,44.584254],[-93.892792,44.583628],[-93.893661,44.58269],[-93.894989,44.581431],[-93.895064,44.581276],[-93.895155,44.581088],[-93.895246,44.580901],[-93.895645,44.58008],[-93.895065,44.578715],[-93.894597,44.578323],[-93.894328,44.578019],[-93.894292,44.577902],[-93.89431,44.577374],[-93.894399,44.576785],[-93.894463,44.576057],[-93.894516,44.575421],[-93.894678,44.575018],[-93.895126,44.574543],[-93.895657,44.574248],[-93.89629,44.573979],[-93.896693,44.573853],[-93.897392,44.57371],[-93.898135,44.573567],[-93.89887,44.573343],[-93.900227,44.572687],[-93.900482,44.572504],[-93.901077,44.571932],[-93.901367,44.570887],[-93.901214,44.570154],[-93.900421,44.569422],[-93.89917,44.569155],[-93.89772,44.569208],[-93.896469,44.569575],[-93.89566,44.569628],[-93.894638,44.569468],[-93.893982,44.569262],[-93.893463,44.568941],[-93.892883,44.568629],[-93.892227,44.567583],[-93.891723,44.567065],[-93.891067,44.566592],[-93.890915,44.566118],[-93.891357,44.565653],[-93.892822,44.56518],[-93.894729,44.564455],[-93.896408,44.563357],[-93.897873,44.562052],[-93.898544,44.560764],[-93.899124,44.559595],[-93.899856,44.557451],[-93.900299,44.555414],[-93.900146,44.554949],[-93.89949,44.554476],[-93.897598,44.554316],[-93.896133,44.554316],[-93.895614,44.554369],[-93.894745,44.554102],[-93.893509,44.553683],[-93.89241,44.55295],[-93.891678,44.552218],[-93.89125,44.550287],[-93.891098,44.548876],[-93.891174,44.547991],[-93.89125,44.547045],[-93.891324,44.54677],[-93.89165,44.546192],[-93.892125,44.545833],[-93.892599,44.545627],[-93.893639,44.545439],[-93.895556,44.545036],[-93.896666,44.544696],[-93.897553,44.54462],[-93.898037,44.544636],[-93.898618,44.544691],[-93.898951,44.544839],[-93.899255,44.545117],[-93.899488,44.545475],[-93.899488,44.546012],[-93.899398,44.546469],[-93.89921,44.546971],[-93.898927,44.547609],[-93.898559,44.548411],[-93.898559,44.549036],[-93.89862,44.550036],[-93.899643,44.551447],[-93.899944,44.551764],[-93.900375,44.552019],[-93.901611,44.552279],[-93.902862,44.552332],[-93.90371,44.552165],[-93.904678,44.551974],[-93.906738,44.551089],[-93.9078,44.550153],[-93.909227,44.548845],[-93.909905,44.548302],[-93.910241,44.548006],[-93.911308,44.546515],[-93.911402,44.545645],[-93.910797,44.544214],[-93.910406,44.543164],[-93.910461,44.542303],[-93.910844,44.541452],[-93.910844,44.541422],[-93.911057,44.541003],[-93.911387,44.539848],[-93.91185,44.539265],[-93.912148,44.538728],[-93.912268,44.538459],[-93.912223,44.538056],[-93.911845,44.537664],[-93.910581,44.537449],[-93.909616,44.537537],[-93.909323,44.537598],[-93.908544,44.537764],[-93.907722,44.537951],[-93.907305,44.538046],[-93.9069,44.538139],[-93.905816,44.538371],[-93.904444,44.538564],[-93.903763,44.538492],[-93.903557,44.538423],[-93.902801,44.538172],[-93.902588,44.537966],[-93.902444,44.537864],[-93.901365,44.536975],[-93.900786,44.535887],[-93.900514,44.534984],[-93.900738,44.534213],[-93.901101,44.533302],[-93.901289,44.532969],[-93.901342,44.532881],[-93.901428,44.53274],[-93.901485,44.532541],[-93.901526,44.53239],[-93.901568,44.53224],[-93.901794,44.531435],[-93.901763,44.530985],[-93.901733,44.530543],[-93.901504,44.52997],[-93.901044,44.529464],[-93.90087,44.529406],[-93.900784,44.529377],[-93.900529,44.529292],[-93.900444,44.529264],[-93.899536,44.528872],[-93.898887,44.528702],[-93.898647,44.528611],[-93.897878,44.528318],[-93.897433,44.528023],[-93.896819,44.527461],[-93.896047,44.526812],[-93.895204,44.526408],[-93.89392,44.526212],[-93.892606,44.526148],[-93.891237,44.52646],[-93.890156,44.526725],[-93.889043,44.526776],[-93.888218,44.526513],[-93.887863,44.526169],[-93.887568,44.525653],[-93.887148,44.524365],[-93.886603,44.523038],[-93.886129,44.521528],[-93.88568,44.520075],[-93.885427,44.51893],[-93.885374,44.51821],[-93.885392,44.517859],[-93.885569,44.517458],[-93.885936,44.517218],[-93.886199,44.517046],[-93.886993,44.516314],[-93.887211,44.515788],[-93.887512,44.515063],[-93.887588,44.514178],[-93.887643,44.513857],[-93.887878,44.512507],[-93.887878,44.512191],[-93.887513,44.510555],[-93.887248,44.509745],[-93.887155,44.508545],[-93.887046,44.507018],[-93.886952,44.506208],[-93.886968,44.505756],[-93.886998,44.505319],[-93.887108,44.504806],[-93.887311,44.504432],[-93.887607,44.504167],[-93.887934,44.503949],[-93.888339,44.503933],[-93.889607,44.503922],[-93.889762,44.503907],[-93.890842,44.503844],[-93.89096,44.503569],[-93.890978,44.503489],[-93.891019,44.503313],[-93.891073,44.503137],[-93.891108,44.503024],[-93.891119,44.502702],[-93.891084,44.502594],[-93.891006,44.502358],[-93.890877,44.501993],[-93.890703,44.501738],[-93.890466,44.501407],[-93.890324,44.501163],[-93.890196,44.500887],[-93.890054,44.500655],[-93.889879,44.500389],[-93.889829,44.500123],[-93.889827,44.499968],[-93.889815,44.49991],[-93.889778,44.499724],[-93.889768,44.499024],[-93.889795,44.498669],[-93.889776,44.498391],[-93.889897,44.498168],[-93.889981,44.498121],[-93.890082,44.498067],[-93.890444,44.497896],[-93.890776,44.497763],[-93.891115,44.497605],[-93.891378,44.497488],[-93.89147,44.497447],[-93.891825,44.497301],[-93.89204,44.497144],[-93.892206,44.497035],[-93.892348,44.496942],[-93.892701,44.496673],[-93.893039,44.496393],[-93.893268,44.496136],[-93.893559,44.495868],[-93.893835,44.495555],[-93.893893,44.495352],[-93.893938,44.495199],[-93.894072,44.494765],[-93.894119,44.494447],[-93.894129,44.494365],[-93.894138,44.494045],[-93.89414,44.493955],[-93.894181,44.49371],[-93.894198,44.49361],[-93.894256,44.49331],[-93.894268,44.493032],[-93.894308,44.492928],[-93.89434,44.492844],[-93.894358,44.492799],[-93.894431,44.492476],[-93.894552,44.492209],[-93.894719,44.491974],[-93.894964,44.491717],[-93.895209,44.491449],[-93.895405,44.491268],[-93.895456,44.491226],[-93.895761,44.491023],[-93.896085,44.490855],[-93.896486,44.49073],[-93.89678,44.490661],[-93.89709,44.490592],[-93.89743,44.490501],[-93.897745,44.490473],[-93.898189,44.490441],[-93.898592,44.490405],[-93.898932,44.490369],[-93.899227,44.490378],[-93.899413,44.490383],[-93.899569,44.490387],[-93.899926,44.490363],[-93.900359,44.490337],[-93.900777,44.490301],[-93.901226,44.49022],[-93.901598,44.490174],[-93.902016,44.490137],[-93.902403,44.490024],[-93.902695,44.489844],[-93.902909,44.489632],[-93.903215,44.489308],[-93.903282,44.489195],[-93.903367,44.489051],[-93.903453,44.48885],[-93.903517,44.488695],[-93.90369,44.488435],[-93.904012,44.487467],[-93.904071,44.487042],[-93.904179,44.485561],[-93.904191,44.485466],[-93.904205,44.48327],[-93.904348,44.482206],[-93.904685,44.481061],[-93.904666,44.480838],[-93.904683,44.480713],[-93.904737,44.480505],[-93.904742,44.480482],[-93.904785,44.480318],[-93.904813,44.48021],[-93.904841,44.479683],[-93.905044,44.479232],[-93.905089,44.479132],[-93.905116,44.479012],[-93.90522,44.478547],[-93.905754,44.47689],[-93.906618,44.474703],[-93.907038,44.473671],[-93.907498,44.472848],[-93.90831,44.472088],[-93.909283,44.471522],[-93.909914,44.471308],[-93.909965,44.471303],[-93.910038,44.471296],[-93.91092,44.471121],[-93.912076,44.47115],[-93.912174,44.471147],[-93.912895,44.47117],[-93.913086,44.471176],[-93.913545,44.471187],[-93.914384,44.471474],[-93.916495,44.472609],[-93.917367,44.473045],[-93.91822,44.473519],[-93.918864,44.473955],[-93.919149,44.474087],[-93.919566,44.474277],[-93.920286,44.474391],[-93.921158,44.474315],[-93.921898,44.474125],[-93.922466,44.473841],[-93.923225,44.473234],[-93.924381,44.472476],[-93.925936,44.4713],[-93.926523,44.470618],[-93.926827,44.470334],[-93.927035,44.469917],[-93.926884,44.469556],[-93.926467,44.469234],[-93.925841,44.469082],[-93.924343,44.468779],[-93.922713,44.468286],[-93.921139,44.467414],[-93.920511,44.466645],[-93.919747,44.466215],[-93.91897,44.465477],[-93.918036,44.464584],[-93.917416,44.46394],[-93.917151,44.463618],[-93.916803,44.463164],[-93.916813,44.463046],[-93.916804,44.462909],[-93.916804,44.46274],[-93.916821,44.462595],[-93.916845,44.462499],[-93.916925,44.462346],[-93.91699,44.462225],[-93.917228,44.46196],[-93.917512,44.461796],[-93.917771,44.461742],[-93.918125,44.461726],[-93.918584,44.46175],[-93.919043,44.461814],[-93.919494,44.461879],[-93.919897,44.461943],[-93.920195,44.461959],[-93.920621,44.461935],[-93.921104,44.461879],[-93.921776,44.461735],[-93.921863,44.461734],[-93.921896,44.461824],[-93.921955,44.46198],[-93.922154,44.462309],[-93.92225,44.462467],[-93.922283,44.462516],[-93.922533,44.46271],[-93.922549,44.462717],[-93.922995,44.462909],[-93.923681,44.463026],[-93.92379,44.463004],[-93.923968,44.462969],[-93.923968,44.462917],[-93.923965,44.462844],[-93.923965,44.462693],[-93.923998,44.462612],[-93.92364,44.462028],[-93.922891,44.461406],[-93.922452,44.461045],[-93.922356,44.460967],[-93.922181,44.460821],[-93.922085,44.460007],[-93.922572,44.459317],[-93.922594,44.459052],[-93.922787,44.458698],[-93.923061,44.458633],[-93.92356,44.458533],[-93.923753,44.458417],[-93.925043,44.458222],[-93.926355,44.458384],[-93.92726,44.458545],[-93.927931,44.458422],[-93.928423,44.458199],[-93.929385,44.457442],[-93.929564,44.457306],[-93.929551,44.456717],[-93.929551,44.456641],[-93.930473,44.456645],[-93.934457,44.456661],[-93.935414,44.456665],[-93.9356,44.456666],[-93.935786,44.456667],[-93.935829,44.456667],[-93.935998,44.456665],[-93.936016,44.456665],[-93.936502,44.45666],[-93.936541,44.45666],[-93.936636,44.45666],[-93.936849,44.45666],[-93.937162,44.45666],[-93.938104,44.456661],[-93.938418,44.456662],[-93.938531,44.456662],[-93.93887,44.456662],[-93.938983,44.456662],[-93.943204,44.456664],[-93.955867,44.456673],[-93.960088,44.456676],[-93.967058,44.456664],[-93.98797,44.45663],[-93.994941,44.456619],[-93.994972,44.456619],[-93.997854,44.456547],[-94.000245,44.456488],[-94.006598,44.456507],[-94.009513,44.456517],[-94.011455,44.456523],[-94.017283,44.456541],[-94.019075,44.456547],[-94.019226,44.456547],[-94.024288,44.456563],[-94.039477,44.456611],[-94.044541,44.456627],[-94.045381,44.456629],[-94.047904,44.456637],[-94.048745,44.45664],[-94.050428,44.456645],[-94.055479,44.456661],[-94.057163,44.456667],[-94.061718,44.456681],[-94.075385,44.456724],[-94.079873,44.456739],[-94.079941,44.456739],[-94.081952,44.456745],[-94.087987,44.456764],[-94.089999,44.456771],[-94.091017,44.456774],[-94.094071,44.456783],[-94.09509,44.456787],[-94.096483,44.456791],[-94.100665,44.456804],[-94.102059,44.456809],[-94.102591,44.45681],[-94.104188,44.456816],[-94.104721,44.456818],[-94.105813,44.456822],[-94.109092,44.456835],[-94.110185,44.45684],[-94.112014,44.456847],[-94.117501,44.456868],[-94.119331,44.456876],[-94.119533,44.45687],[-94.120139,44.456856],[-94.120341,44.456851],[-94.121591,44.456831],[-94.122209,44.456829],[-94.125011,44.456821],[-94.127281,44.456821],[-94.127816,44.456816],[-94.129511,44.456801],[-94.129685,44.4568],[-94.131091,44.456791],[-94.131335,44.456786],[-94.131621,44.456781],[-94.135771,44.456711],[-94.136285,44.456703],[-94.137936,44.456681],[-94.138543,44.456672],[-94.140366,44.456647],[-94.140974,44.456639],[-94.142819,44.456613],[-94.142971,44.456611],[-94.146761,44.456531],[-94.148355,44.456499],[-94.149811,44.456471],[-94.150201,44.456471],[-94.15339,44.456489],[-94.16296,44.456543],[-94.16561,44.456558],[-94.166151,44.456561],[-94.167108,44.456566],[-94.167193,44.456566],[-94.168849,44.456576],[-94.170319,44.456584],[-94.171361,44.456591],[-94.171441,44.456591],[-94.171541,44.456602],[-94.171611,44.456611],[-94.171731,44.456641],[-94.171891,44.456711],[-94.172038,44.456806],[-94.172061,44.456821],[-94.172131,44.456911],[-94.172149,44.456947],[-94.174711,44.456908],[-94.182398,44.456793],[-94.184961,44.456755],[-94.185358,44.456748],[-94.185545,44.456746],[-94.186129,44.456737],[-94.186538,44.456731],[-94.186947,44.456725],[-94.187288,44.456719],[-94.187344,44.456719],[-94.187481,44.456717],[-94.187619,44.456715],[-94.188314,44.456704],[-94.188657,44.4567],[-94.189155,44.456682],[-94.190652,44.456628],[-94.191151,44.456611],[-94.191771,44.456621],[-94.193123,44.456614],[-94.195911,44.456601],[-94.198321,44.456601],[-94.199039,44.456597],[-94.200561,44.456591],[-94.201011,44.456571],[-94.201149,44.456582],[-94.201566,44.456615],[-94.201705,44.456627],[-94.203506,44.456614],[-94.20891,44.456577],[-94.209607,44.456573],[-94.210712,44.456557],[-94.210834,44.456555],[-94.211213,44.45655],[-94.211326,44.456551],[-94.212436,44.456559],[-94.215768,44.456584],[-94.216879,44.456593],[-94.216946,44.456599],[-94.217062,44.456611],[-94.217149,44.456611],[-94.217217,44.456612],[-94.219604,44.456623],[-94.226768,44.456656],[-94.229156,44.456668],[-94.229368,44.456669],[-94.230005,44.456672],[-94.230218,44.456673],[-94.230458,44.456662],[-94.23118,44.456631],[-94.231421,44.456621],[-94.232131,44.456631],[-94.234182,44.456625],[-94.239731,44.456611],[-94.241931,44.456621],[-94.242468,44.456619],[-94.245231,44.456611],[-94.245452,44.456611],[-94.245651,44.456611],[-94.246116,44.456606],[-94.246338,44.456605],[-94.246751,44.456601],[-94.247993,44.456592],[-94.248131,44.456591],[-94.248408,44.456592],[-94.250061,44.456601],[-94.250711,44.456601],[-94.255836,44.456603],[-94.257733,44.456602],[-94.258933,44.456651],[-94.259342,44.456681],[-94.259702,44.456691],[-94.260072,44.456691],[-94.260571,44.456681],[-94.260851,44.456671],[-94.261401,44.456641],[-94.262061,44.456621],[-94.262491,44.456611],[-94.264201,44.456631],[-94.267531,44.456641],[-94.270961,44.456641],[-94.27103,44.456641],[-94.272022,44.456641],[-94.274998,44.456641],[-94.275991,44.456641],[-94.276399,44.456643],[-94.277623,44.456649],[-94.278031,44.456651],[-94.27882,44.456651],[-94.280241,44.456651],[-94.281189,44.456653],[-94.281979,44.456656],[-94.283811,44.456661],[-94.286121,44.456661],[-94.290978,44.456667],[-94.296742,44.456671],[-94.301312,44.456681],[-94.302221,44.456681],[-94.305771,44.45669],[-94.308001,44.456691],[-94.311292,44.456691],[-94.312511,44.45669],[-94.313881,44.4567],[-94.315904,44.4567],[-94.320311,44.4567],[-94.322851,44.45671],[-94.32319,44.456711],[-94.324672,44.456711],[-94.324699,44.456711],[-94.324781,44.456711],[-94.324809,44.456711],[-94.326159,44.456711],[-94.329572,44.456711],[-94.330211,44.456707],[-94.331562,44.456701],[-94.332568,44.456706],[-94.335222,44.456721],[-94.335586,44.456718],[-94.336592,44.456711],[-94.338072,44.456711],[-94.339612,44.456705],[-94.340972,44.456701],[-94.343942,44.456721],[-94.346502,44.456711],[-94.348671,44.456711],[-94.349612,44.456711],[-94.351692,44.456701],[-94.351912,44.456701],[-94.352572,44.456701],[-94.352792,44.456701],[-94.352962,44.456691],[-94.354595,44.456685],[-94.356192,44.456681],[-94.359142,44.456681],[-94.360007,44.456677],[-94.361812,44.456671],[-94.36248,44.456668],[-94.364492,44.456661],[-94.365152,44.456651],[-94.366444,44.456651],[-94.368852,44.456651],[-94.369582,44.456641],[-94.369802,44.456631],[-94.369962,44.456601],[-94.370313,44.456542],[-94.370562,44.456501],[-94.371512,44.456301],[-94.371582,44.456301],[-94.371816,44.456276],[-94.371962,44.456261],[-94.372252,44.456261],[-94.372492,44.456291],[-94.372519,44.456297],[-94.372662,44.456331],[-94.372747,44.456358],[-94.372774,44.456366],[-94.372854,44.456392],[-94.372882,44.456401],[-94.373152,44.456481],[-94.373372,44.456531],[-94.373692,44.456591],[-94.374002,44.456621],[-94.374619,44.456633],[-94.375012,44.456641],[-94.379852,44.456641],[-94.379904,44.456641],[-94.381062,44.456651],[-94.381597,44.456648],[-94.381636,44.456648],[-94.381666,44.456648],[-94.381972,44.456646],[-94.382892,44.456641],[-94.383199,44.45664],[-94.38354,44.456638],[-94.384567,44.456633],[-94.384909,44.456632],[-94.385092,44.456631],[-94.385493,44.456627],[-94.387192,44.456611],[-94.387247,44.456611],[-94.387572,44.456611],[-94.387832,44.456591],[-94.388339,44.456591],[-94.389864,44.456591],[-94.390372,44.456591],[-94.390407,44.456591],[-94.390514,44.456591],[-94.39055,44.456591],[-94.390622,44.456591],[-94.390776,44.456588],[-94.390912,44.456586],[-94.391455,44.456575],[-94.391682,44.456571],[-94.392702,44.456563],[-94.393112,44.456561],[-94.394692,44.456561],[-94.395762,44.456553],[-94.396102,44.456551],[-94.396782,44.456541],[-94.397274,44.456534],[-94.397512,44.456531],[-94.398682,44.456531],[-94.39875,44.456526],[-94.399242,44.456491],[-94.399742,44.456521],[-94.401248,44.456512],[-94.401462,44.456511],[-94.40175,44.456511],[-94.401809,44.456511],[-94.40184,44.456511],[-94.402686,44.456511],[-94.404082,44.456511],[-94.405332,44.456491],[-94.405497,44.456491],[-94.406372,44.456491],[-94.406434,44.456491],[-94.407134,44.456485],[-94.407822,44.456481],[-94.409234,44.456481],[-94.409462,44.456481],[-94.409932,44.456531],[-94.410182,44.456481],[-94.410321,44.45647],[-94.410452,44.456461],[-94.411506,44.456453],[-94.411902,44.456451],[-94.412462,44.456451],[-94.413832,44.456431],[-94.415921,44.456426],[-94.427267,44.456402],[-94.427981,44.4564],[-94.432002,44.456392],[-94.432682,44.456392],[-94.43377,44.456384],[-94.434072,44.456382],[-94.437502,44.456382],[-94.439075,44.456379],[-94.440155,44.456377],[-94.440844,44.456376],[-94.443111,44.45637],[-94.449914,44.456356],[-94.452182,44.456352],[-94.453816,44.456341],[-94.457147,44.456319],[-94.458718,44.456308],[-94.459712,44.456302],[-94.460162,44.456292],[-94.460352,44.456272],[-94.460996,44.456274],[-94.462928,44.45628],[-94.463572,44.456282],[-94.463672,44.456292],[-94.463842,44.456302],[-94.464162,44.456312],[-94.465337,44.456306],[-94.470636,44.456282],[-94.470822,44.456282],[-94.471412,44.456272],[-94.472402,44.456292],[-94.476363,44.456303],[-94.486512,44.456332],[-94.488248,44.456342],[-94.49221,44.456366],[-94.493121,44.456371],[-94.495855,44.456387],[-94.496767,44.456393],[-94.497865,44.456399],[-94.500002,44.456412],[-94.501162,44.456417],[-94.502262,44.456422],[-94.502472,44.456423],[-94.504412,44.456427],[-94.510867,44.456444],[-94.513019,44.456451],[-94.513837,44.456439],[-94.516291,44.456409],[-94.51711,44.456399],[-94.518371,44.456383],[-94.522158,44.456337],[-94.52342,44.456322],[-94.52525,44.456312],[-94.53074,44.456283],[-94.532571,44.456274],[-94.532635,44.456274],[-94.535747,44.45624],[-94.545277,44.456138],[-94.546782,44.456122],[-94.546982,44.456112],[-94.547972,44.456112],[-94.548212,44.456092],[-94.548382,44.456062],[-94.548449,44.456046],[-94.548655,44.455998],[-94.548741,44.455978],[-94.548811,44.455961],[-94.548951,44.455941],[-94.549441,44.455941],[-94.55017,44.455972],[-94.552782,44.455882],[-94.553972,44.455872],[-94.556492,44.455872],[-94.556672,44.455892],[-94.556842,44.455932],[-94.556881,44.455948],[-94.556959,44.45598],[-94.557193,44.456079],[-94.557272,44.456112],[-94.560412,44.456068],[-94.569832,44.455936],[-94.572972,44.455892],[-94.574009,44.4559],[-94.576832,44.455922],[-94.577123,44.455922],[-94.578162,44.455922],[-94.578188,44.455921],[-94.578266,44.45592],[-94.578293,44.45592],[-94.578852,44.455912],[-94.580782,44.455912],[-94.581092,44.455909],[-94.582102,44.455902],[-94.585282,44.455912],[-94.589492,44.455912],[-94.592292,44.455912],[-94.593212,44.455912],[-94.59334,44.455913],[-94.598193,44.455958],[-94.600842,44.455981],[-94.601332,44.455981],[-94.602782,44.455972],[-94.603232,44.455982],[-94.60484,44.455988],[-94.605911,44.455992],[-94.607517,44.455974],[-94.609411,44.455951],[-94.610351,44.455961],[-94.615121,44.455971],[-94.615915,44.455984],[-94.617481,44.456011],[-94.620211,44.456011],[-94.620881,44.456021],[-94.621961,44.456031],[-94.622991,44.456031],[-94.624051,44.456041],[-94.624151,44.456031],[-94.624202,44.456032],[-94.624167,44.456502],[-94.624156,44.456928],[-94.62416,44.457054],[-94.62415,44.457828],[-94.624139,44.458746],[-94.62414,44.459576],[-94.624176,44.460089],[-94.624165,44.463333],[-94.624162,44.464377],[-94.624171,44.465169],[-94.624175,44.465555],[-94.624176,44.465625],[-94.624174,44.466716],[-94.624174,44.467104],[-94.624173,44.467783],[-94.624173,44.468109],[-94.624188,44.469801],[-94.624187,44.46982],[-94.624178,44.4705],[-94.624175,44.471245],[-94.624172,44.472338],[-94.624147,44.473479],[-94.624142,44.473715],[-94.624141,44.474225],[-94.624138,44.476379],[-94.624134,44.479857],[-94.624107,44.480191],[-94.624085,44.481601],[-94.624088,44.482843],[-94.624094,44.484998],[-94.624095,44.485697],[-94.624101,44.487901],[-94.624102,44.48797],[-94.624128,44.495741],[-94.624123,44.49661],[-94.624112,44.498572],[-94.624118,44.499514],[-94.62412,44.499999],[-94.624154,44.501073],[-94.624156,44.50163],[-94.624188,44.507981],[-94.624199,44.510098],[-94.624203,44.510884],[-94.624215,44.513243],[-94.624219,44.51403],[-94.62422,44.516128],[-94.624223,44.522425],[-94.624225,44.524524],[-94.624225,44.525414],[-94.624227,44.528085],[-94.624228,44.528976],[-94.624253,44.529077],[-94.624328,44.529381],[-94.624353,44.529483],[-94.624337,44.532049],[-94.624314,44.535852],[-94.624336,44.537018],[-94.624319,44.537552],[-94.624319,44.53975],[-94.624321,44.542084],[-94.624345,44.542316]]]]},"properties":{"neighbourhood":"Sibley","neighbourhood_group":null}},{"type":"Feature","geometry":{"type":"MultiPolygon","coordinates":[[[[-94.256683,45.239273],[-94.256991,45.239273],[-94.25743,45.239285],[-94.257566,45.239289],[-94.258023,45.23934],[-94.258115,45.239363],[-94.258405,45.239436],[-94.258882,45.239593],[-94.259249,45.239776],[-94.25982,45.240183],[-94.259912,45.240291],[-94.259938,45.240322],[-94.260126,45.240641],[-94.260144,45.240672],[-94.260191,45.240751],[-94.260335,45.241077],[-94.260346,45.241141],[-94.260369,45.241273],[-94.260372,45.24129],[-94.260381,45.241339],[-94.260388,45.241767],[-94.260399,45.242367],[-94.260442,45.243165],[-94.260485,45.243952],[-94.260494,45.244128],[-94.260495,45.244142],[-94.260536,45.245048],[-94.260574,45.246479],[-94.260676,45.249876],[-94.260705,45.250021],[-94.260763,45.250295],[-94.260689,45.255631],[-94.260711,45.256268],[-94.261162,45.269135],[-94.261026,45.274211],[-94.260978,45.275683],[-94.260898,45.278604],[-94.260823,45.283942],[-94.260986,45.287202],[-94.261444,45.296168],[-94.26146,45.29648],[-94.261471,45.296695],[-94.261496,45.297207],[-94.261517,45.297589],[-94.261522,45.297689],[-94.261472,45.297703],[-94.261348,45.297756],[-94.261063,45.29788],[-94.260906,45.298068],[-94.260901,45.298077],[-94.260821,45.298248],[-94.260819,45.298266],[-94.260816,45.298322],[-94.260816,45.298341],[-94.260789,45.298646],[-94.260312,45.298865],[-94.260181,45.298948],[-94.259163,45.299073],[-94.257966,45.299205],[-94.257669,45.299255],[-94.256776,45.299405],[-94.256391,45.299471],[-94.255347,45.299811],[-94.255094,45.299893],[-94.254637,45.300659],[-94.254643,45.300686],[-94.255008,45.302226],[-94.255884,45.303848],[-94.256859,45.305202],[-94.257117,45.305701],[-94.257118,45.306041],[-94.256984,45.30627],[-94.25666,45.306474],[-94.255743,45.306891],[-94.255692,45.306914],[-94.254106,45.307622],[-94.253564,45.307865],[-94.252614,45.308306],[-94.251697,45.308509],[-94.251651,45.308519],[-94.250959,45.308658],[-94.250267,45.308798],[-94.249225,45.308834],[-94.248451,45.308861],[-94.248223,45.308847],[-94.247868,45.308826],[-94.247564,45.308807],[-94.246722,45.3086],[-94.24425,45.308083],[-94.24267,45.308224],[-94.242219,45.30843],[-94.24158,45.308725],[-94.240651,45.309484],[-94.240558,45.30959],[-94.24042,45.309747],[-94.240221,45.309976],[-94.240006,45.310121],[-94.239956,45.310132],[-94.239943,45.310134],[-94.239848,45.310156],[-94.239739,45.31018],[-94.23944,45.31012],[-94.239404,45.310112],[-94.239216,45.310059],[-94.239008,45.30999],[-94.238633,45.309831],[-94.238585,45.309809],[-94.238309,45.309683],[-94.237832,45.309684],[-94.236991,45.309895],[-94.236298,45.310106],[-94.235527,45.310242],[-94.234775,45.310375],[-94.232626,45.310582],[-94.230955,45.310618],[-94.230148,45.310765],[-94.229,45.311025],[-94.228052,45.311224],[-94.227602,45.311318],[-94.227078,45.311422],[-94.226091,45.311619],[-94.225454,45.311637],[-94.225101,45.311533],[-94.224575,45.31143],[-94.224426,45.311401],[-94.224278,45.311372],[-94.224202,45.311358],[-94.223746,45.311381],[-94.223349,45.311401],[-94.222112,45.311726],[-94.222054,45.311753],[-94.221631,45.311953],[-94.221554,45.311989],[-94.22134,45.31209],[-94.220717,45.312663],[-94.220254,45.31342],[-94.219836,45.314114],[-94.2191,45.314872],[-94.218767,45.315135],[-94.218183,45.315598],[-94.218033,45.315658],[-94.217592,45.315833],[-94.217379,45.315787],[-94.217296,45.315769],[-94.216974,45.315806],[-94.216432,45.315869],[-94.216335,45.315904],[-94.215663,45.31614],[-94.215282,45.316214],[-94.214998,45.31622],[-94.214878,45.316223],[-94.214758,45.316225],[-94.214506,45.316248],[-94.21413,45.316313],[-94.213955,45.316356],[-94.213908,45.316368],[-94.213739,45.316487],[-94.213517,45.316668],[-94.213241,45.316879],[-94.213133,45.316987],[-94.212805,45.316996],[-94.212505,45.316856],[-94.212253,45.316607],[-94.211985,45.316434],[-94.211923,45.316407],[-94.211723,45.316321],[-94.211228,45.316256],[-94.211131,45.31626],[-94.211056,45.316262],[-94.210833,45.31627],[-94.210759,45.316273],[-94.210731,45.316274],[-94.210349,45.316352],[-94.210073,45.316591],[-94.210134,45.316674],[-94.210311,45.316725],[-94.210442,45.316798],[-94.210448,45.31687],[-94.210455,45.316935],[-94.210336,45.317071],[-94.209961,45.317183],[-94.209547,45.317327],[-94.209385,45.317271],[-94.209066,45.317037],[-94.2088,45.316981],[-94.208522,45.316964],[-94.208325,45.316888],[-94.208142,45.316791],[-94.208055,45.316625],[-94.208052,45.316468],[-94.208158,45.316212],[-94.208293,45.316034],[-94.208414,45.315826],[-94.208369,45.31567],[-94.208348,45.315664],[-94.208075,45.315594],[-94.2077,45.315618],[-94.207366,45.315621],[-94.207079,45.315529],[-94.206641,45.315458],[-94.206255,45.315524],[-94.205722,45.315759],[-94.205708,45.315767],[-94.2052,45.316098],[-94.204112,45.316945],[-94.203375,45.317302],[-94.202841,45.31742],[-94.201913,45.317628],[-94.201625,45.317693],[-94.200488,45.317736],[-94.199814,45.31773],[-94.199591,45.317653],[-94.199457,45.317608],[-94.198213,45.31718],[-94.197529,45.317264],[-94.197268,45.317349],[-94.196982,45.317444],[-94.196075,45.31833],[-94.195893,45.318507],[-94.195461,45.318775],[-94.194834,45.318931],[-94.194298,45.318949],[-94.194077,45.3189],[-94.192698,45.318594],[-94.190718,45.317683],[-94.190114,45.317686],[-94.189646,45.317744],[-94.188771,45.318079],[-94.188644,45.318128],[-94.188145,45.318218],[-94.187869,45.318269],[-94.187264,45.318279],[-94.186578,45.318154],[-94.186063,45.317809],[-94.185991,45.317725],[-94.185741,45.31743],[-94.185464,45.317006],[-94.185438,45.316966],[-94.185431,45.316954],[-94.185401,45.316905],[-94.185425,45.316731],[-94.185336,45.316321],[-94.185272,45.316134],[-94.185168,45.315994],[-94.18488,45.315839],[-94.184382,45.315644],[-94.183792,45.315289],[-94.183283,45.314972],[-94.182916,45.314715],[-94.182564,45.314495],[-94.182342,45.314351],[-94.182261,45.31427],[-94.182002,45.314011],[-94.181649,45.313744],[-94.181256,45.313568],[-94.18064,45.313316],[-94.180352,45.313245],[-94.180115,45.313221],[-94.179892,45.313152],[-94.179723,45.313001],[-94.179631,45.312823],[-94.179582,45.312542],[-94.179598,45.312227],[-94.179547,45.311929],[-94.179524,45.311669],[-94.17946,45.311398],[-94.179331,45.311229],[-94.179095,45.311058],[-94.178807,45.310977],[-94.178438,45.310962],[-94.178136,45.310871],[-94.177927,45.310775],[-94.177665,45.310538],[-94.177512,45.310144],[-94.177567,45.309877],[-94.177765,45.309695],[-94.178043,45.309552],[-94.178281,45.309463],[-94.178426,45.309402],[-94.178388,45.309242],[-94.178165,45.309164],[-94.177903,45.309066],[-94.177707,45.30896],[-94.177576,45.308828],[-94.177485,45.308677],[-94.177433,45.308537],[-94.177422,45.308378],[-94.177557,45.307983],[-94.177625,45.307808],[-94.177678,45.30765],[-94.177641,45.30752],[-94.177523,45.307369],[-94.177275,45.307225],[-94.176894,45.307134],[-94.176632,45.307035],[-94.176397,45.306883],[-94.176227,45.306676],[-94.176191,45.306405],[-94.176272,45.306165],[-94.176305,45.306102],[-94.176499,45.305752],[-94.176593,45.30542],[-94.176623,45.305096],[-94.176678,45.304818],[-94.176694,45.304466],[-94.17674,45.303751],[-94.176587,45.303285],[-94.176432,45.303126],[-94.176234,45.302924],[-94.175751,45.302581],[-94.175422,45.302474],[-94.174913,45.302117],[-94.174794,45.302062],[-94.173421,45.301423],[-94.172686,45.30135],[-94.17194,45.301278],[-94.171247,45.301302],[-94.170849,45.301397],[-94.17036,45.301524],[-94.16985,45.301749],[-94.169361,45.301917],[-94.168606,45.302048],[-94.168585,45.302052],[-94.168204,45.302117],[-94.167399,45.302092],[-94.166502,45.301986],[-94.165537,45.30176],[-94.164891,45.301503],[-94.163948,45.301172],[-94.163188,45.301123],[-94.161894,45.301234],[-94.161304,45.30141],[-94.161161,45.301548],[-94.161088,45.301618],[-94.161008,45.302012],[-94.161064,45.302477],[-94.161111,45.302879],[-94.161075,45.303173],[-94.161032,45.303522],[-94.160956,45.303621],[-94.160692,45.303963],[-94.160618,45.304],[-94.160283,45.304172],[-94.160007,45.304282],[-94.15984,45.304349],[-94.159284,45.30438],[-94.1587,45.304252],[-94.158681,45.304256],[-94.157924,45.303995],[-94.157341,45.303785],[-94.15732,45.303789],[-94.157257,45.303801],[-94.157238,45.303806],[-94.157192,45.303813],[-94.157055,45.303835],[-94.15701,45.303843],[-94.156627,45.303933],[-94.156055,45.304267],[-94.155812,45.304426],[-94.155648,45.304525],[-94.155534,45.304593],[-94.155421,45.304662],[-94.154179,45.305413],[-94.153732,45.305684],[-94.153145,45.306039],[-94.152334,45.306532],[-94.150935,45.30738],[-94.150322,45.307751],[-94.149709,45.308123],[-94.143796,45.311709],[-94.141698,45.31298],[-94.137883,45.315295],[-94.1366,45.316073],[-94.135318,45.316851],[-94.134472,45.317364],[-94.134432,45.317389],[-94.133546,45.317926],[-94.125263,45.32295],[-94.124237,45.323568],[-94.122296,45.324738],[-94.120821,45.325628],[-94.12001,45.326105],[-94.117577,45.32754],[-94.116767,45.32802],[-94.116712,45.328057],[-94.116581,45.32815],[-94.116557,45.328182],[-94.116519,45.328236],[-94.116371,45.328394],[-94.116257,45.328514],[-94.116096,45.328686],[-94.115758,45.329022],[-94.11551,45.329292],[-94.115448,45.329324],[-94.11511,45.329502],[-94.114839,45.330633],[-94.114804,45.33078],[-94.113663,45.332651],[-94.112769,45.333372],[-94.112391,45.333678],[-94.111972,45.334209],[-94.111185,45.335032],[-94.111046,45.335327],[-94.110925,45.335609],[-94.11077,45.335994],[-94.110502,45.336226],[-94.110379,45.336381],[-94.110293,45.336637],[-94.11017,45.336843],[-94.110011,45.337049],[-94.109745,45.337332],[-94.109424,45.337604],[-94.1088,45.338095],[-94.108087,45.338664],[-94.107026,45.339549],[-94.106491,45.339938],[-94.106334,45.339989],[-94.105716,45.340315],[-94.104795,45.340708],[-94.104152,45.340976],[-94.102954,45.341387],[-94.101728,45.341842],[-94.101339,45.341946],[-94.101148,45.341997],[-94.100958,45.342047],[-94.099963,45.342312],[-94.099945,45.342317],[-94.099447,45.342705],[-94.099098,45.34327],[-94.098917,45.343375],[-94.098741,45.343366],[-94.098016,45.343347],[-94.097841,45.34334],[-94.097491,45.343327],[-94.096621,45.343309],[-94.095567,45.343141],[-94.095221,45.343029],[-94.095176,45.343007],[-94.0948,45.342829],[-94.094618,45.342711],[-94.094394,45.342564],[-94.093873,45.34233],[-94.093754,45.342277],[-94.093349,45.342247],[-94.092722,45.342468],[-94.092351,45.342815],[-94.09228,45.342883],[-94.092145,45.343236],[-94.092132,45.343334],[-94.092121,45.343681],[-94.092121,45.343697],[-94.092094,45.343845],[-94.092075,45.34388],[-94.091854,45.344143],[-94.091633,45.344353],[-94.091487,45.344449],[-94.091202,45.344639],[-94.091191,45.344646],[-94.090984,45.344848],[-94.090569,45.345124],[-94.090291,45.34527],[-94.089913,45.345469],[-94.089489,45.345997],[-94.089511,45.346621],[-94.090195,45.347128],[-94.091246,45.347734],[-94.092948,45.348228],[-94.093189,45.34851],[-94.093214,45.348539],[-94.093216,45.348609],[-94.093222,45.3488],[-94.093229,45.348992],[-94.093229,45.349173],[-94.093123,45.349327],[-94.093017,45.349469],[-94.092929,45.34961],[-94.092896,45.349764],[-94.092918,45.349968],[-94.093137,45.350055],[-94.093428,45.350117],[-94.093682,45.35014],[-94.0941,45.3502],[-94.094447,45.350349],[-94.094758,45.350525],[-94.094907,45.350703],[-94.095037,45.350893],[-94.095096,45.351122],[-94.095172,45.351301],[-94.095301,45.351402],[-94.095594,45.351603],[-94.095889,45.351843],[-94.095946,45.351996],[-94.095967,45.352136],[-94.09593,45.35223],[-94.095971,45.352353],[-94.095866,45.352533],[-94.095707,45.352739],[-94.095511,45.35292],[-94.095225,45.353101],[-94.094973,45.353206],[-94.094703,45.353272],[-94.094322,45.353289],[-94.093996,45.353266],[-94.093687,45.353231],[-94.093471,45.353271],[-94.093419,45.353412],[-94.09346,45.353655],[-94.093553,45.353794],[-94.093574,45.353947],[-94.093614,45.354139],[-94.093508,45.354267],[-94.093364,45.35432],[-94.093165,45.354347],[-94.092947,45.354298],[-94.092738,45.354357],[-94.092604,45.354554],[-94.092573,45.354621],[-94.092567,45.354692],[-94.092618,45.354814],[-94.092777,45.355021],[-94.092846,45.35516],[-94.09287,45.355233],[-94.092876,45.355304],[-94.092793,45.355426],[-94.09272,45.355482],[-94.092659,45.355541],[-94.092614,45.355606],[-94.092576,45.355674],[-94.092547,45.355743],[-94.092529,45.355813],[-94.092522,45.355886],[-94.092525,45.355958],[-94.092539,45.35603],[-94.092569,45.356101],[-94.092591,45.356171],[-94.092583,45.356243],[-94.092542,45.356321],[-94.092389,45.356363],[-94.092288,45.356337],[-94.092091,45.356269],[-94.09192,45.356187],[-94.091832,45.356152],[-94.091737,45.35613],[-94.091637,45.356117],[-94.091533,45.356111],[-94.09143,45.356111],[-94.091222,45.356119],[-94.091116,45.356127],[-94.091015,45.356144],[-94.090927,45.356174],[-94.090853,45.356219],[-94.090787,45.356277],[-94.090734,45.356343],[-94.090693,45.356411],[-94.09067,45.356478],[-94.090664,45.35655],[-94.090675,45.356689],[-94.090693,45.356914],[-94.090725,45.357055],[-94.090781,45.357194],[-94.090859,45.357328],[-94.090958,45.357454],[-94.091016,45.357513],[-94.091173,45.357611],[-94.091219,45.35767],[-94.09124,45.357739],[-94.091248,45.357813],[-94.091249,45.357884],[-94.091251,45.358038],[-94.091244,45.358114],[-94.091216,45.358179],[-94.091195,45.358189],[-94.091059,45.358256],[-94.090853,45.358295],[-94.09055,45.35833],[-94.090348,45.358368],[-94.090253,45.358394],[-94.09017,45.358433],[-94.090099,45.358484],[-94.090038,45.358544],[-94.089986,45.358608],[-94.089945,45.358674],[-94.089912,45.358745],[-94.089895,45.358818],[-94.089903,45.358887],[-94.089943,45.35895],[-94.090065,45.359071],[-94.090115,45.359135],[-94.09016,45.359208],[-94.090186,45.359278],[-94.09004,45.359353],[-94.089939,45.359355],[-94.089734,45.359341],[-94.089528,45.35934],[-94.089323,45.359345],[-94.089223,45.359355],[-94.089011,45.359391],[-94.088911,45.359419],[-94.088796,45.359517],[-94.088778,45.359591],[-94.08878,45.359671],[-94.088799,45.359746],[-94.088837,45.359808],[-94.088902,45.359861],[-94.089065,45.359957],[-94.089206,45.360067],[-94.089265,45.360127],[-94.089297,45.360192],[-94.08929,45.36027],[-94.089237,45.360329],[-94.089159,45.360371],[-94.08907,45.360407],[-94.088786,45.360505],[-94.088744,45.360515],[-94.088576,45.360558],[-94.08849,45.36059],[-94.088456,45.360701],[-94.088504,45.360778],[-94.088573,45.360917],[-94.088598,45.360986],[-94.088611,45.361135],[-94.088612,45.361212],[-94.088601,45.361284],[-94.088574,45.361349],[-94.088433,45.361437],[-94.088333,45.361468],[-94.088237,45.361504],[-94.088078,45.361597],[-94.088002,45.361648],[-94.087934,45.361702],[-94.087878,45.361761],[-94.087839,45.361825],[-94.087815,45.361894],[-94.087766,45.362111],[-94.087753,45.362145],[-94.087687,45.362321],[-94.087652,45.362388],[-94.087607,45.362452],[-94.087429,45.362629],[-94.087377,45.362691],[-94.087332,45.362756],[-94.087293,45.362825],[-94.087264,45.362895],[-94.087251,45.362964],[-94.087256,45.363035],[-94.087275,45.363106],[-94.087358,45.363316],[-94.087531,45.363651],[-94.087612,45.363795],[-94.087636,45.363864],[-94.087639,45.363933],[-94.087618,45.364004],[-94.087578,45.364075],[-94.087524,45.364141],[-94.087501,45.364159],[-94.087458,45.364193],[-94.087377,45.36423],[-94.08728,45.364256],[-94.087175,45.364273],[-94.08707,45.364285],[-94.086971,45.364287],[-94.08687,45.364266],[-94.086769,45.364257],[-94.086666,45.364258],[-94.086564,45.364264],[-94.086465,45.36428],[-94.08637,45.364305],[-94.085996,45.364425],[-94.0859,45.364449],[-94.085799,45.364465],[-94.085695,45.364473],[-94.085595,45.364467],[-94.085501,45.364441],[-94.085413,45.3644],[-94.085338,45.364351],[-94.085279,45.364293],[-94.085181,45.364165],[-94.085102,45.364031],[-94.085051,45.363969],[-94.084989,45.363912],[-94.084919,45.363858],[-94.084841,45.363812],[-94.084754,45.363769],[-94.084662,45.363734],[-94.084566,45.363718],[-94.084463,45.363718],[-94.084356,45.363726],[-94.084253,45.363745],[-94.084164,45.363775],[-94.084095,45.363822],[-94.084041,45.363884],[-94.083993,45.363952],[-94.083939,45.364016],[-94.083751,45.364189],[-94.0837,45.36425],[-94.083661,45.364316],[-94.083627,45.364388],[-94.083602,45.364461],[-94.08359,45.364533],[-94.083595,45.364601],[-94.083629,45.364668],[-94.08369,45.364732],[-94.083767,45.364785],[-94.083849,45.364821],[-94.083951,45.364836],[-94.08406,45.364834],[-94.084159,45.364818],[-94.084247,45.36478],[-94.084332,45.364733],[-94.084419,45.364695],[-94.084516,45.364681],[-94.084629,45.364682],[-94.084739,45.364697],[-94.084825,45.364729],[-94.084904,45.364855],[-94.084912,45.364936],[-94.084896,45.365011],[-94.08479,45.365122],[-94.084548,45.365269],[-94.08448,45.365323],[-94.084429,45.365386],[-94.084384,45.365452],[-94.084333,45.365515],[-94.084266,45.365568],[-94.08411,45.365666],[-94.084025,45.365707],[-94.083935,45.365739],[-94.08384,45.36576],[-94.083741,45.36577],[-94.083638,45.365774],[-94.083429,45.365774],[-94.082816,45.3658],[-94.082202,45.365811],[-94.082099,45.365816],[-94.082001,45.365833],[-94.081897,45.365866],[-94.081826,45.365913],[-94.081847,45.366048],[-94.081883,45.366122],[-94.081973,45.366337],[-94.081991,45.366407],[-94.081934,45.366533],[-94.081854,45.366587],[-94.08177,45.36663],[-94.081575,45.366685],[-94.081485,45.366717],[-94.081416,45.366771],[-94.081376,45.366845],[-94.081459,45.36696],[-94.081619,45.367062],[-94.081686,45.367117],[-94.081778,45.367246],[-94.081821,45.367314],[-94.081875,45.367374],[-94.081951,45.367419],[-94.082039,45.367456],[-94.08232,45.367549],[-94.082519,45.367599],[-94.08261,45.36763],[-94.082689,45.36767],[-94.082746,45.367725],[-94.082849,45.367912],[-94.082749,45.368118],[-94.082688,45.368216],[-94.082605,45.368306],[-94.082415,45.368477],[-94.082338,45.36857],[-94.082272,45.368669],[-94.082239,45.368737],[-94.082206,45.368846],[-94.082189,45.368925],[-94.082187,45.369],[-94.082231,45.369088],[-94.082315,45.369125],[-94.082426,45.369146],[-94.082584,45.369152],[-94.082736,45.369134],[-94.082886,45.369102],[-94.083026,45.369059],[-94.083106,45.369015],[-94.083218,45.368938],[-94.083291,45.368882],[-94.083375,45.368851],[-94.083494,45.368846],[-94.083611,45.368854],[-94.083689,45.36891],[-94.083656,45.369051],[-94.083614,45.369129],[-94.083569,45.369199],[-94.083489,45.369289],[-94.083273,45.369489],[-94.083142,45.369647],[-94.083052,45.369776],[-94.083017,45.369844],[-94.082956,45.369983],[-94.082917,45.370048],[-94.082836,45.370145],[-94.082769,45.370205],[-94.082693,45.370248],[-94.08255,45.370265],[-94.082442,45.37025],[-94.082345,45.370225],[-94.082204,45.370119],[-94.082119,45.370077],[-94.082025,45.370042],[-94.081929,45.370023],[-94.081825,45.37003],[-94.081729,45.370064],[-94.081676,45.37012],[-94.081638,45.370188],[-94.08161,45.37026],[-94.081587,45.370369],[-94.081585,45.370442],[-94.081595,45.370515],[-94.081618,45.370586],[-94.081675,45.370685],[-94.08175,45.370783],[-94.08181,45.370843],[-94.08188,45.370894],[-94.082038,45.370984],[-94.082208,45.371068],[-94.082388,45.371143],[-94.082572,45.371205],[-94.082665,45.37123],[-94.082811,45.37125],[-94.082913,45.371251],[-94.083175,45.371239],[-94.08338,45.371244],[-94.083685,45.371266],[-94.083989,45.371296],[-94.08414,45.371317],[-94.084334,45.371359],[-94.084478,45.3714],[-94.084661,45.371466],[-94.084746,45.371504],[-94.084862,45.371576],[-94.084926,45.371634],[-94.084976,45.371696],[-94.085011,45.371763],[-94.08506,45.371905],[-94.085091,45.371973],[-94.085157,45.37207],[-94.085264,45.372194],[-94.085357,45.37228],[-94.085462,45.372358],[-94.085645,45.372485],[-94.085849,45.372607],[-94.085912,45.37266],[-94.085955,45.372757],[-94.085955,45.372872],[-94.085936,45.372947],[-94.085903,45.373012],[-94.08584,45.373063],[-94.085607,45.373155],[-94.085349,45.373219],[-94.085267,45.373254],[-94.085206,45.373339],[-94.085199,45.373414],[-94.085211,45.373493],[-94.085234,45.373566],[-94.085297,45.373662],[-94.085356,45.373723],[-94.085516,45.373866],[-94.085587,45.373919],[-94.085633,45.373948],[-94.085663,45.373967],[-94.085749,45.374006],[-94.085894,45.37405],[-94.085966,45.374096],[-94.086026,45.374163],[-94.08606,45.374236],[-94.086025,45.374329],[-94.085967,45.374388],[-94.085894,45.374444],[-94.085812,45.374495],[-94.085686,45.374558],[-94.085597,45.374592],[-94.085455,45.374635],[-94.085113,45.374715],[-94.085013,45.374732],[-94.084861,45.374746],[-94.08476,45.374746],[-94.084556,45.374726],[-94.084401,45.374706],[-94.084302,45.374706],[-94.084088,45.374804],[-94.083996,45.374836],[-94.083895,45.374841],[-94.083686,45.374828],[-94.083589,45.374837],[-94.0835,45.374867],[-94.083263,45.374966],[-94.083278,45.375266],[-94.083291,45.37541],[-94.083312,45.375553],[-94.083341,45.375696],[-94.083361,45.375914],[-94.083384,45.375982],[-94.083436,45.376045],[-94.083511,45.376098],[-94.083599,45.37613],[-94.083698,45.376149],[-94.083803,45.376159],[-94.083905,45.376162],[-94.084007,45.376157],[-94.084211,45.376139],[-94.084312,45.37614],[-94.084412,45.376156],[-94.084603,45.376209],[-94.08497,45.376337],[-94.085158,45.376394],[-94.085269,45.376443],[-94.085421,45.37651],[-94.085504,45.376553],[-94.085578,45.376601],[-94.085639,45.376656],[-94.085685,45.376723],[-94.085714,45.376795],[-94.085725,45.376866],[-94.085717,45.376936],[-94.085697,45.377007],[-94.085616,45.377218],[-94.085492,45.377493],[-94.085467,45.377562],[-94.085448,45.377635],[-94.085457,45.377705],[-94.085487,45.377773],[-94.08557,45.377906],[-94.085685,45.378026],[-94.085707,45.378095],[-94.085709,45.378241],[-94.085703,45.378313],[-94.0857,45.378529],[-94.085711,45.3786],[-94.085734,45.37867],[-94.085766,45.378739],[-94.08584,45.378874],[-94.086009,45.379138],[-94.086043,45.379205],[-94.086066,45.379274],[-94.086078,45.379346],[-94.086081,45.379418],[-94.086067,45.379563],[-94.086033,45.379706],[-94.086009,45.379776],[-94.085943,45.379912],[-94.085899,45.379977],[-94.085849,45.38004],[-94.085576,45.380346],[-94.085515,45.380404],[-94.085449,45.380459],[-94.085375,45.38051],[-94.085291,45.380555],[-94.085201,45.380587],[-94.085103,45.380603],[-94.084997,45.380608],[-94.084891,45.380602],[-94.084796,45.380586],[-94.084721,45.380534],[-94.084678,45.380468],[-94.084659,45.380397],[-94.084645,45.380252],[-94.084634,45.379964],[-94.084603,45.379899],[-94.084422,45.379825],[-94.084327,45.3798],[-94.08423,45.379795],[-94.084129,45.379811],[-94.084027,45.379832],[-94.083923,45.379842],[-94.083813,45.379846],[-94.083712,45.379857],[-94.083571,45.379944],[-94.083527,45.380014],[-94.083499,45.380088],[-94.083487,45.380158],[-94.083498,45.380232],[-94.083527,45.380303],[-94.083571,45.380367],[-94.08363,45.380425],[-94.083772,45.380532],[-94.083846,45.380581],[-94.084091,45.380714],[-94.084185,45.380754],[-94.084266,45.380798],[-94.084301,45.380936],[-94.084265,45.381007],[-94.084076,45.381019],[-94.083877,45.380984],[-94.083486,45.380899],[-94.083102,45.3808],[-94.082908,45.380743],[-94.082812,45.380725],[-94.082714,45.380728],[-94.082616,45.380756],[-94.082597,45.380764],[-94.08253,45.380797],[-94.08245,45.380841],[-94.082295,45.380935],[-94.082072,45.381085],[-94.081945,45.381199],[-94.081868,45.381244],[-94.081695,45.381322],[-94.081514,45.381389],[-94.081421,45.381418],[-94.081134,45.381497],[-94.080844,45.381571],[-94.080751,45.3816],[-94.080662,45.381634],[-94.080581,45.381676],[-94.080504,45.381724],[-94.080275,45.381883],[-94.080209,45.381928],[-94.08015,45.381985],[-94.080107,45.38205],[-94.080075,45.38212],[-94.080055,45.382191],[-94.080047,45.382262],[-94.080056,45.382333],[-94.080082,45.382463],[-94.080085,45.382477],[-94.08012,45.382692],[-94.080138,45.38277],[-94.080132,45.382837],[-94.079943,45.38289],[-94.07984,45.382892],[-94.079651,45.382833],[-94.07955,45.382821],[-94.079346,45.382809],[-94.079244,45.382809],[-94.079143,45.382821],[-94.078848,45.382886],[-94.078756,45.382916],[-94.078687,45.382967],[-94.078638,45.383032],[-94.078621,45.383079],[-94.078613,45.383103],[-94.078566,45.383164],[-94.078495,45.383216],[-94.078264,45.383359],[-94.078204,45.383418],[-94.078133,45.383516],[-94.078115,45.383609],[-94.078114,45.38362],[-94.078133,45.383836],[-94.078142,45.383894],[-94.078159,45.383988],[-94.078163,45.384008],[-94.078177,45.384123],[-94.07818,45.3842],[-94.07806,45.384291],[-94.077956,45.384316],[-94.077854,45.384348],[-94.07776,45.384384],[-94.077723,45.384506],[-94.077755,45.384581],[-94.077792,45.38465],[-94.077999,45.384902],[-94.078035,45.38497],[-94.078024,45.385037],[-94.077966,45.385102],[-94.077888,45.385145],[-94.077792,45.385176],[-94.077693,45.385197],[-94.077578,45.385195],[-94.07748,45.385202],[-94.077419,45.385324],[-94.077413,45.385403],[-94.077398,45.385478],[-94.077368,45.385552],[-94.077353,45.385623],[-94.077482,45.385731],[-94.077769,45.385683],[-94.077873,45.385675],[-94.077978,45.385677],[-94.078071,45.385699],[-94.07812,45.385765],[-94.07802,45.385858],[-94.077844,45.385931],[-94.077679,45.386017],[-94.077601,45.386063],[-94.077529,45.386115],[-94.077464,45.386175],[-94.077424,45.386238],[-94.077431,45.386308],[-94.077468,45.386379],[-94.07751,45.386445],[-94.077613,45.38657],[-94.077708,45.386655],[-94.077751,45.386721],[-94.077707,45.386781],[-94.077498,45.386891],[-94.077409,45.386927],[-94.077314,45.386949],[-94.077212,45.386961],[-94.077107,45.386965],[-94.077006,45.38696],[-94.076907,45.386931],[-94.076844,45.386881],[-94.0769,45.386815],[-94.076918,45.386743],[-94.07678,45.386702],[-94.076677,45.386706],[-94.076532,45.386748],[-94.076445,45.386787],[-94.076368,45.386835],[-94.076276,45.386918],[-94.076227,45.386985],[-94.076171,45.387087],[-94.076143,45.387156],[-94.076127,45.387227],[-94.07613,45.387299],[-94.076148,45.387371],[-94.076205,45.387509],[-94.076275,45.387645],[-94.076336,45.387743],[-94.076394,45.387802],[-94.0765,45.387881],[-94.076705,45.38799],[-94.076792,45.388029],[-94.076886,45.388053],[-94.077244,45.3881],[-94.07734,45.388122],[-94.077414,45.388173],[-94.077422,45.388242],[-94.077362,45.388297],[-94.077167,45.388423],[-94.076893,45.388586],[-94.076783,45.388661],[-94.076666,45.388761],[-94.076654,45.388772],[-94.07654,45.388894],[-94.076469,45.38899],[-94.07643,45.389055],[-94.076407,45.389124],[-94.076371,45.389305],[-94.076322,45.389445],[-94.076271,45.389559],[-94.076197,45.389681],[-94.076147,45.389745],[-94.076053,45.389829],[-94.075975,45.389881],[-94.07589,45.389928],[-94.0758,45.389961],[-94.075659,45.389967],[-94.075509,45.389922],[-94.075424,45.389882],[-94.075324,45.389799],[-94.075268,45.389738],[-94.075154,45.389576],[-94.075069,45.389485],[-94.074974,45.389398],[-94.074902,45.389348],[-94.074817,45.389313],[-94.074709,45.389303],[-94.074611,45.389319],[-94.074518,45.38935],[-94.074428,45.38939],[-94.07435,45.389438],[-94.074294,45.389494],[-94.074239,45.389636],[-94.074153,45.389773],[-94.074124,45.389841],[-94.074128,45.389908],[-94.074184,45.39001],[-94.074271,45.390103],[-94.07434,45.390155],[-94.074991,45.39051],[-94.075061,45.390561],[-94.07507,45.39063],[-94.075046,45.390702],[-94.074992,45.390763],[-94.074922,45.390816],[-94.074843,45.390864],[-94.074755,45.390897],[-94.074602,45.390916],[-94.074448,45.390921],[-94.074347,45.39093],[-94.074247,45.390949],[-94.074156,45.390984],[-94.074049,45.391059],[-94.073951,45.391144],[-94.073833,45.391262],[-94.073809,45.391332],[-94.073728,45.391466],[-94.073702,45.391534],[-94.073691,45.391608],[-94.0737,45.391681],[-94.073734,45.391746],[-94.073792,45.391805],[-94.07393,45.391914],[-94.074091,45.392004],[-94.074192,45.392042],[-94.074248,45.392118],[-94.074193,45.392188],[-94.07413,45.392248],[-94.074055,45.392298],[-94.073965,45.392333],[-94.073863,45.392353],[-94.073768,45.392346],[-94.07364,45.392281],[-94.073535,45.392252],[-94.073426,45.392293],[-94.073394,45.392365],[-94.073359,45.392511],[-94.073342,45.39262],[-94.07334,45.392692],[-94.073349,45.392762],[-94.073428,45.39286],[-94.073464,45.392924],[-94.073441,45.392996],[-94.073381,45.393055],[-94.073288,45.393082],[-94.073132,45.393095],[-94.073029,45.393093],[-94.072879,45.39307],[-94.072488,45.392974],[-94.072391,45.392958],[-94.072293,45.392951],[-94.072195,45.392969],[-94.072001,45.393027],[-94.071921,45.393069],[-94.071871,45.393133],[-94.071839,45.393202],[-94.071831,45.393279],[-94.071919,45.393355],[-94.072244,45.393472],[-94.072331,45.393512],[-94.07238,45.39358],[-94.072291,45.393643],[-94.07213,45.39366],[-94.071834,45.393601],[-94.071627,45.393591],[-94.071524,45.393596],[-94.071431,45.393617],[-94.071342,45.39366],[-94.071274,45.393717],[-94.071245,45.393781],[-94.07125,45.393892],[-94.071266,45.393965],[-94.071292,45.394034],[-94.071437,45.394306],[-94.071483,45.39437],[-94.071548,45.394424],[-94.071838,45.394574],[-94.071924,45.394613],[-94.072029,45.394636],[-94.072099,45.394714],[-94.072039,45.39477],[-94.071804,45.394864],[-94.071551,45.394894],[-94.071452,45.39491],[-94.071355,45.394931],[-94.071263,45.394962],[-94.070778,45.395163],[-94.070563,45.395261],[-94.07044,45.395326],[-94.070205,45.395467],[-94.070136,45.39552],[-94.070083,45.39558],[-94.070049,45.395651],[-94.070038,45.395723],[-94.070053,45.395792],[-94.070137,45.395964],[-94.0702,45.396063],[-94.070241,45.396168],[-94.070252,45.39624],[-94.070236,45.39631],[-94.070142,45.396482],[-94.070093,45.396544],[-94.070018,45.39659],[-94.06992,45.396618],[-94.069768,45.396629],[-94.069613,45.396614],[-94.06952,45.396589],[-94.069334,45.396462],[-94.069266,45.396409],[-94.069212,45.396349],[-94.069152,45.396248],[-94.069104,45.396184],[-94.069036,45.396131],[-94.068934,45.396118],[-94.068828,45.396117],[-94.068736,45.396138],[-94.068656,45.396184],[-94.068559,45.396271],[-94.068521,45.396337],[-94.068503,45.396446],[-94.068521,45.39659],[-94.068523,45.396698],[-94.068474,45.396837],[-94.068385,45.397008],[-94.068346,45.397111],[-94.068339,45.397182],[-94.068369,45.397363],[-94.068396,45.397434],[-94.0684,45.397504],[-94.068365,45.39757],[-94.068311,45.397634],[-94.06822,45.397724],[-94.068148,45.397777],[-94.068063,45.397808],[-94.067906,45.397798],[-94.067807,45.397779],[-94.067701,45.397779],[-94.067601,45.397791],[-94.067531,45.397839],[-94.067489,45.397908],[-94.067466,45.397978],[-94.067446,45.398088],[-94.06765,45.398175],[-94.067747,45.398246],[-94.067757,45.398323],[-94.067711,45.398463],[-94.067632,45.398597],[-94.067562,45.398651],[-94.067467,45.398674],[-94.067364,45.398671],[-94.06706,45.398627],[-94.066963,45.398634],[-94.066865,45.398662],[-94.066771,45.398698],[-94.066693,45.398742],[-94.066647,45.398804],[-94.066643,45.398881],[-94.066676,45.398945],[-94.066767,45.399036],[-94.06682,45.399099],[-94.06683,45.39917],[-94.066809,45.399241],[-94.066694,45.399361],[-94.066588,45.399487],[-94.066544,45.399553],[-94.066523,45.39962],[-94.066535,45.399696],[-94.066572,45.399764],[-94.066817,45.399789],[-94.066912,45.399804],[-94.067027,45.399877],[-94.067116,45.399916],[-94.06721,45.399947],[-94.06731,45.399955],[-94.067416,45.399934],[-94.067486,45.399845],[-94.067496,45.399768],[-94.067475,45.3997],[-94.067346,45.399541],[-94.067291,45.399437],[-94.067277,45.399367],[-94.067303,45.399293],[-94.067361,45.399227],[-94.0675,45.39921],[-94.067613,45.399232],[-94.067689,45.399275],[-94.067727,45.399336],[-94.067752,45.399449],[-94.067751,45.399561],[-94.067672,45.399733],[-94.067656,45.39984],[-94.067657,45.399948],[-94.067675,45.400092],[-94.0677,45.400198],[-94.067785,45.400444],[-94.067851,45.400618],[-94.067871,45.400689],[-94.067882,45.40076],[-94.067886,45.400832],[-94.067883,45.400904],[-94.067868,45.401012],[-94.06784,45.401119],[-94.06781,45.401188],[-94.067767,45.401253],[-94.067729,45.401289],[-94.067708,45.401311],[-94.067542,45.40145],[-94.067437,45.401532],[-94.067375,45.401588],[-94.067307,45.40169],[-94.067283,45.401767],[-94.067337,45.401851],[-94.067419,45.401892],[-94.067519,45.401925],[-94.067624,45.40195],[-94.067724,45.401964],[-94.067882,45.401966],[-94.068095,45.401955],[-94.068196,45.401956],[-94.068327,45.401982],[-94.068364,45.402058],[-94.068358,45.40213],[-94.068219,45.402404],[-94.068193,45.402473],[-94.068179,45.402581],[-94.068175,45.402654],[-94.068179,45.402726],[-94.068191,45.402797],[-94.068222,45.402865],[-94.068297,45.402961],[-94.068357,45.403019],[-94.068463,45.403099],[-94.068512,45.403161],[-94.068497,45.403233],[-94.068455,45.403304],[-94.068495,45.403394],[-94.068575,45.403447],[-94.068737,45.403588],[-94.068794,45.403647],[-94.06888,45.403779],[-94.068912,45.40385],[-94.068932,45.40392],[-94.068934,45.40399],[-94.068916,45.40406],[-94.068884,45.40413],[-94.068802,45.404264],[-94.06873,45.404317],[-94.068545,45.404394],[-94.068449,45.404425],[-94.068321,45.404425],[-94.068025,45.404118],[-94.067962,45.404062],[-94.067876,45.404022],[-94.067713,45.404003],[-94.067602,45.403999],[-94.06748,45.404035],[-94.06741,45.404123],[-94.067348,45.404272],[-94.067314,45.404341],[-94.067372,45.404663],[-94.067379,45.404771],[-94.067374,45.404842],[-94.067325,45.405095],[-94.06728,45.405157],[-94.06721,45.405211],[-94.067128,45.405257],[-94.06704,45.405289],[-94.066884,45.405302],[-94.06679,45.405327],[-94.066586,45.405438],[-94.066501,45.405476],[-94.066404,45.405496],[-94.06625,45.405511],[-94.066097,45.405516],[-94.065996,45.405507],[-94.065901,45.405476],[-94.065762,45.405411],[-94.065636,45.405408],[-94.06556,45.405466],[-94.065498,45.405569],[-94.065479,45.405644],[-94.065478,45.405718],[-94.065535,45.405808],[-94.065675,45.405866],[-94.065771,45.405889],[-94.065801,45.405894],[-94.065846,45.405906],[-94.065922,45.405915],[-94.066026,45.40594],[-94.066101,45.406014],[-94.066066,45.40609],[-94.066,45.406142],[-94.065917,45.406184],[-94.065797,45.406234],[-94.06565,45.406297],[-94.065534,45.406372],[-94.065467,45.406428],[-94.065435,45.406493],[-94.065416,45.406565],[-94.065408,45.406677],[-94.065419,45.406749],[-94.065449,45.406815],[-94.0655,45.406878],[-94.065567,45.406937],[-94.065641,45.40699],[-94.065716,45.407032],[-94.065823,45.40702],[-94.06593,45.40703],[-94.066013,45.407063],[-94.066059,45.407132],[-94.066058,45.407202],[-94.066017,45.407269],[-94.065922,45.407357],[-94.06583,45.407386],[-94.065728,45.407402],[-94.065508,45.407429],[-94.065476,45.407433],[-94.065271,45.407478],[-94.065174,45.407507],[-94.065076,45.407573],[-94.065066,45.407645],[-94.065098,45.407869],[-94.065116,45.40794],[-94.065146,45.408008],[-94.065196,45.408072],[-94.065265,45.408128],[-94.06535,45.408169],[-94.065457,45.408195],[-94.065578,45.408158],[-94.065731,45.408003],[-94.065843,45.407873],[-94.065954,45.407813],[-94.066065,45.407809],[-94.066171,45.407829],[-94.066263,45.407906],[-94.066299,45.407981],[-94.066311,45.408056],[-94.066295,45.408123],[-94.066257,45.408189],[-94.066111,45.408385],[-94.065979,45.40862],[-94.065918,45.408719],[-94.065858,45.408829],[-94.065806,45.40889],[-94.065686,45.408933],[-94.06553,45.408935],[-94.065261,45.408918],[-94.065164,45.408894],[-94.065112,45.408837],[-94.065057,45.408732],[-94.064946,45.408598],[-94.064876,45.408547],[-94.064739,45.408537],[-94.064631,45.408554],[-94.064528,45.408584],[-94.064445,45.408624],[-94.064383,45.408677],[-94.064334,45.408744],[-94.0643,45.408817],[-94.064279,45.408889],[-94.064279,45.40896],[-94.064332,45.409144],[-94.06434,45.409213],[-94.064311,45.409278],[-94.06422,45.409331],[-94.064093,45.409317],[-94.063976,45.409233],[-94.063831,45.409184],[-94.063724,45.409161],[-94.063627,45.409156],[-94.063518,45.409221],[-94.063472,45.409297],[-94.063472,45.409364],[-94.063518,45.409426],[-94.063819,45.40969],[-94.063874,45.409749],[-94.063904,45.409815],[-94.063911,45.409895],[-94.063894,45.409974],[-94.063814,45.410043],[-94.063712,45.410055],[-94.063596,45.410048],[-94.063492,45.41003],[-94.063363,45.409917],[-94.063281,45.409869],[-94.063187,45.409844],[-94.063081,45.409862],[-94.062988,45.409904],[-94.062985,45.409992],[-94.063056,45.410095],[-94.063083,45.410134],[-94.063221,45.410369],[-94.063274,45.410469],[-94.063301,45.410539],[-94.063281,45.410611],[-94.063204,45.410654],[-94.063074,45.410715],[-94.062936,45.410769],[-94.062799,45.410813],[-94.062703,45.410784],[-94.06261,45.410751],[-94.06254,45.4107],[-94.062488,45.410636],[-94.062386,45.410553],[-94.062226,45.410451],[-94.062113,45.410407],[-94.062082,45.410485],[-94.062102,45.410592],[-94.062185,45.410875],[-94.062194,45.410947],[-94.06217,45.411198],[-94.062164,45.411374],[-94.062157,45.411596],[-94.062159,45.411717],[-94.062161,45.411779],[-94.062155,45.41185],[-94.062135,45.411919],[-94.062095,45.411983],[-94.062038,45.412044],[-94.061873,45.412185],[-94.061649,45.412337],[-94.061584,45.412392],[-94.061526,45.412468],[-94.061514,45.412485],[-94.061477,45.412551],[-94.061382,45.41278],[-94.061341,45.41288],[-94.061331,45.412891],[-94.061086,45.413167],[-94.06106,45.413197],[-94.061005,45.413259],[-94.060831,45.413455],[-94.060789,45.413502],[-94.060643,45.413667],[-94.060446,45.413965],[-94.05992,45.414168],[-94.059423,45.41426],[-94.059267,45.414228],[-94.059155,45.414087],[-94.059013,45.413978],[-94.058734,45.414025],[-94.058564,45.414114],[-94.058081,45.414108],[-94.057693,45.414199],[-94.057464,45.414421],[-94.057442,45.414904],[-94.057405,45.415431],[-94.057314,45.415574],[-94.05705,45.415631],[-94.056926,45.415643],[-94.056817,45.415716],[-94.056695,45.415799],[-94.056493,45.415845],[-94.056294,45.416022],[-94.056326,45.416262],[-94.056375,45.416614],[-94.056329,45.416859],[-94.056262,45.417218],[-94.056144,45.417592],[-94.055931,45.41788],[-94.055928,45.418121],[-94.055953,45.418214],[-94.056029,45.418493],[-94.056094,45.418635],[-94.056471,45.41884],[-94.056541,45.419234],[-94.05635,45.419862],[-94.056542,45.420123],[-94.056929,45.420427],[-94.056983,45.420777],[-94.056645,45.421055],[-94.056133,45.42118],[-94.05584,45.421207],[-94.055496,45.421241],[-94.05489,45.421334],[-94.05443,45.421513],[-94.054343,45.421617],[-94.054246,45.421739],[-94.054173,45.421856],[-94.054112,45.421952],[-94.05408,45.422004],[-94.054043,45.422069],[-94.05296,45.423666],[-94.052933,45.423648],[-94.052818,45.42361],[-94.052727,45.423609],[-94.052689,45.423572],[-94.052199,45.423613],[-94.051996,45.423631],[-94.051323,45.423483],[-94.050806,45.42322],[-94.05071,45.423171],[-94.050399,45.422949],[-94.050331,45.4229],[-94.050186,45.422842],[-94.050142,45.422824],[-94.049985,45.422761],[-94.0495,45.422689],[-94.049348,45.422683],[-94.049304,45.42268],[-94.049018,45.422669],[-94.048992,45.422667],[-94.048911,45.422664],[-94.048884,45.422663],[-94.048579,45.422743],[-94.048517,45.42276],[-94.04794,45.422841],[-94.047765,45.422848],[-94.047643,45.422852],[-94.047572,45.422855],[-94.047329,45.422862],[-94.047049,45.422516],[-94.046519,45.421859],[-94.046018,45.421239],[-94.044351,45.418664],[-94.044342,45.41865],[-94.04351,45.41769],[-94.042383,45.416566],[-94.041855,45.416242],[-94.041351,45.415933],[-94.039721,45.415285],[-94.038401,45.414892],[-94.036785,45.414477],[-94.035621,45.414044],[-94.03503,45.413824],[-94.033579,45.4132],[-94.032402,45.412411],[-94.031919,45.411938],[-94.031184,45.411219],[-94.030158,45.409964],[-94.029622,45.408893],[-94.028865,45.407807],[-94.028158,45.406956],[-94.027419,45.406065],[-94.026745,45.405418],[-94.026209,45.404948],[-94.025664,45.404471],[-94.024367,45.403914],[-94.023713,45.403633],[-94.023676,45.403623],[-94.023621,45.40361],[-94.023565,45.403595],[-94.023529,45.403586],[-94.023346,45.403539],[-94.023073,45.403471],[-94.022799,45.403401],[-94.022617,45.403355],[-94.022315,45.403278],[-94.022182,45.403245],[-94.0214,45.403093],[-94.021094,45.403048],[-94.020934,45.403019],[-94.020486,45.402938],[-94.020454,45.402934],[-94.020293,45.402917],[-94.019946,45.402879],[-94.019713,45.402852],[-94.019599,45.40284],[-94.018903,45.402763],[-94.018099,45.402791],[-94.01797,45.402795],[-94.017744,45.402803],[-94.017388,45.402816],[-94.017145,45.402824],[-94.017075,45.40283],[-94.01614,45.402911],[-94.015922,45.402931],[-94.015829,45.402939],[-94.015703,45.40295],[-94.015637,45.402964],[-94.015066,45.403082],[-94.01488,45.403134],[-94.01478,45.403165],[-94.014355,45.403298],[-94.013528,45.403558],[-94.01199,45.404103],[-94.010141,45.404485],[-94.008786,45.404636],[-94.007949,45.404654],[-94.006991,45.404309],[-94.006336,45.403876],[-94.005839,45.403129],[-94.005629,45.402443],[-94.005621,45.402055],[-94.005614,45.401742],[-94.005683,45.401207],[-94.005986,45.400894],[-94.006006,45.400872],[-94.00624,45.400623],[-94.007189,45.4],[-94.008029,45.399247],[-94.008964,45.398644],[-94.010219,45.397876],[-94.010941,45.397236],[-94.011241,45.396669],[-94.011494,45.394695],[-94.011281,45.393693],[-94.011037,45.392913],[-94.010852,45.392466],[-94.01058,45.392036],[-94.010427,45.391799],[-94.009816,45.39115],[-94.009779,45.391134],[-94.009142,45.390869],[-94.008006,45.390738],[-94.006248,45.391143],[-94.006099,45.391178],[-94.005136,45.391618],[-94.005068,45.391748],[-94.004968,45.391945],[-94.004867,45.39214],[-94.004801,45.392271],[-94.00474,45.392391],[-94.004623,45.393082],[-94.00462,45.393111],[-94.004561,45.393947],[-94.004563,45.395702],[-94.004565,45.396318],[-94.004521,45.396542],[-94.004517,45.396563],[-94.004481,45.396742],[-94.004429,45.397012],[-94.004376,45.397281],[-94.004348,45.397427],[-94.004341,45.397461],[-94.004331,45.397514],[-94.004303,45.39755],[-94.004125,45.397791],[-94.004066,45.397872],[-94.004047,45.397886],[-94.004014,45.397913],[-94.003994,45.397929],[-94.003977,45.397945],[-94.003899,45.398038],[-94.003791,45.398171],[-94.00365,45.398304],[-94.003563,45.398389],[-94.003415,45.398514],[-94.003372,45.398538],[-94.00334,45.398557],[-94.002981,45.398763],[-94.00274,45.3989],[-94.002622,45.398968],[-94.002586,45.398988],[-94.002539,45.399033],[-94.002398,45.399196],[-94.002104,45.399539],[-94.001985,45.399693],[-94.001854,45.399864],[-94.001744,45.400006],[-94.001686,45.400083],[-94.001318,45.400332],[-94.00117,45.400433],[-94.001021,45.400596],[-94.000379,45.40056],[-94.000308,45.400542],[-94.000263,45.400521],[-94.000261,45.400176],[-94.000087,45.400263],[-93.999912,45.400351],[-93.99931,45.400654],[-93.99937,45.40072],[-93.999395,45.400747],[-93.999324,45.400775],[-93.999247,45.400805],[-93.998976,45.400913],[-93.998701,45.401024],[-93.998519,45.401097],[-93.997748,45.401404],[-93.997643,45.401446],[-93.997525,45.401501],[-93.997344,45.401522],[-93.996414,45.401632],[-93.996211,45.401657],[-93.99611,45.401623],[-93.996077,45.401612],[-93.995103,45.401274],[-93.993951,45.400759],[-93.993795,45.400686],[-93.991188,45.400313],[-93.989505,45.400148],[-93.987806,45.39999],[-93.987562,45.399973],[-93.987522,45.399963],[-93.987458,45.399946],[-93.986212,45.399576],[-93.984499,45.398414],[-93.982722,45.396391],[-93.979604,45.391962],[-93.979473,45.391594],[-93.97851,45.390925],[-93.974416,45.389137],[-93.973727,45.388846],[-93.973644,45.388811],[-93.973066,45.388568],[-93.973021,45.388548],[-93.972894,45.38848],[-93.972845,45.388472],[-93.972719,45.388419],[-93.972485,45.388307],[-93.972175,45.388148],[-93.97202,45.388062],[-93.970059,45.386976],[-93.966735,45.384728],[-93.963941,45.382665],[-93.961133,45.380523],[-93.957403,45.37795],[-93.956254,45.377742],[-93.955618,45.377708],[-93.95465,45.37765],[-93.954422,45.377718],[-93.953745,45.377931],[-93.952507,45.378638],[-93.949749,45.380256],[-93.948738,45.381761],[-93.946818,45.384209],[-93.945646,45.384981],[-93.945328,45.385036],[-93.944946,45.385115],[-93.943839,45.385197],[-93.941766,45.38461],[-93.940423,45.38415],[-93.939748,45.383918],[-93.939239,45.383952],[-93.937449,45.383952],[-93.937023,45.383991],[-93.936764,45.384015],[-93.932052,45.384456],[-93.929024,45.38561],[-93.928487,45.385687],[-93.92775,45.385731],[-93.926931,45.385721],[-93.925912,45.385566],[-93.922318,45.385022],[-93.922253,45.385013],[-93.920172,45.384786],[-93.918527,45.384374],[-93.916366,45.383347],[-93.915059,45.382916],[-93.914287,45.382566],[-93.913199,45.38182],[-93.912291,45.38087],[-93.912084,45.38059],[-93.911866,45.380294],[-93.911737,45.379907],[-93.911549,45.37934],[-93.911466,45.378409],[-93.911308,45.377416],[-93.911111,45.37661],[-93.910999,45.376151],[-93.910794,45.375534],[-93.910756,45.37542],[-93.9107,45.375251],[-93.910643,45.375081],[-93.910606,45.374969],[-93.91054,45.374826],[-93.910442,45.374613],[-93.910343,45.3744],[-93.910278,45.374258],[-93.91021,45.374112],[-93.91016,45.374003],[-93.910143,45.373966],[-93.909933,45.373512],[-93.909865,45.373365],[-93.909856,45.373346],[-93.909766,45.373269],[-93.909552,45.373088],[-93.909355,45.372923],[-93.909059,45.372677],[-93.908765,45.37243],[-93.908569,45.372265],[-93.908406,45.372126],[-93.908163,45.371919],[-93.907919,45.371712],[-93.907757,45.371574],[-93.907663,45.371494],[-93.907523,45.371375],[-93.907378,45.371258],[-93.907283,45.371181],[-93.907064,45.371072],[-93.906738,45.370911],[-93.906406,45.370752],[-93.906333,45.370717],[-93.906187,45.370648],[-93.904375,45.36978],[-93.902564,45.368913],[-93.901811,45.368552],[-93.900986,45.368277],[-93.895871,45.366575],[-93.895577,45.366442],[-93.893198,45.365362],[-93.890821,45.364285],[-93.889889,45.363695],[-93.888958,45.363104],[-93.888931,45.363086],[-93.88888,45.363054],[-93.888856,45.363028],[-93.888835,45.363005],[-93.888719,45.362879],[-93.888547,45.362691],[-93.888374,45.362502],[-93.888259,45.362377],[-93.888199,45.362312],[-93.88814,45.362247],[-93.888027,45.362123],[-93.888016,45.36209],[-93.887986,45.362001],[-93.887938,45.361858],[-93.887866,45.361645],[-93.887793,45.361432],[-93.887745,45.36129],[-93.88774,45.361026],[-93.887733,45.360632],[-93.88773,45.360474],[-93.887726,45.360237],[-93.887726,45.360224],[-93.887721,45.359974],[-93.887703,45.358979],[-93.887683,45.358892],[-93.887667,45.358822],[-93.887444,45.357854],[-93.887222,45.356886],[-93.887187,45.356735],[-93.886673,45.355832],[-93.886138,45.35489],[-93.885,45.352888],[-93.884316,45.352029],[-93.883807,45.351387],[-93.883298,45.350745],[-93.883172,45.350587],[-93.883046,45.350428],[-93.882214,45.349377],[-93.879769,45.347168],[-93.879251,45.346707],[-93.879209,45.346667],[-93.8791,45.346562],[-93.87897,45.346484],[-93.877065,45.345227],[-93.875368,45.344295],[-93.875251,45.344231],[-93.874278,45.343696],[-93.874042,45.343612],[-93.873528,45.343429],[-93.873118,45.343185],[-93.872812,45.343003],[-93.872597,45.342856],[-93.872,45.342448],[-93.87107,45.341772],[-93.870395,45.341152],[-93.869102,45.340226],[-93.868506,45.339839],[-93.867592,45.339282],[-93.867236,45.339178],[-93.866404,45.338937],[-93.865842,45.338816],[-93.865055,45.338647],[-93.86492,45.338635],[-93.864396,45.338587],[-93.863922,45.338537],[-93.86269,45.338408],[-93.861803,45.338388],[-93.860929,45.338266],[-93.860883,45.33826],[-93.860242,45.3382],[-93.859937,45.338135],[-93.859656,45.338087],[-93.859278,45.338023],[-93.858815,45.337945],[-93.858535,45.337899],[-93.858504,45.337893],[-93.858446,45.337883],[-93.858411,45.337877],[-93.85838,45.337872],[-93.858258,45.337849],[-93.858176,45.337835],[-93.857895,45.337775],[-93.857775,45.33775],[-93.857741,45.337743],[-93.857562,45.337742],[-93.857025,45.337741],[-93.857005,45.337741],[-93.856851,45.337778],[-93.856812,45.337786],[-93.856696,45.337811],[-93.856658,45.33782],[-93.856413,45.337874],[-93.855883,45.337854],[-93.855818,45.337852],[-93.855043,45.337759],[-93.853605,45.337347],[-93.853508,45.33732],[-93.852856,45.33713],[-93.852783,45.337115],[-93.852564,45.337073],[-93.852491,45.337059],[-93.852164,45.337],[-93.851183,45.336824],[-93.850856,45.336766],[-93.850807,45.336762],[-93.850661,45.336751],[-93.850613,45.336748],[-93.850158,45.336718],[-93.849678,45.336688],[-93.849324,45.336631],[-93.849023,45.336502],[-93.848831,45.336452],[-93.848391,45.33634],[-93.848367,45.33634],[-93.848296,45.336342],[-93.848273,45.336344],[-93.848168,45.336347],[-93.84793,45.336355],[-93.847789,45.336358],[-93.847489,45.336367],[-93.846474,45.336488],[-93.846345,45.336493],[-93.845862,45.336516],[-93.845813,45.33652],[-93.845666,45.336533],[-93.845618,45.336538],[-93.845539,45.336536],[-93.845305,45.336533],[-93.845227,45.336532],[-93.844295,45.336556],[-93.843613,45.336574],[-93.841502,45.336488],[-93.841085,45.336471],[-93.840576,45.336405],[-93.839847,45.33631],[-93.839725,45.336285],[-93.839055,45.33615],[-93.838305,45.336053],[-93.837465,45.33583],[-93.8372,45.335785],[-93.836353,45.335645],[-93.836223,45.335624],[-93.836057,45.335596],[-93.835557,45.335512],[-93.835173,45.335448],[-93.834878,45.3354],[-93.833949,45.33524],[-93.833832,45.335225],[-93.833034,45.335124],[-93.831141,45.33478],[-93.830731,45.334589],[-93.830005,45.33425],[-93.829786,45.334113],[-93.82961,45.333996],[-93.829572,45.333971],[-93.829331,45.33352],[-93.829307,45.333448],[-93.82924,45.333249],[-93.829159,45.333011],[-93.829056,45.332125],[-93.828872,45.3316],[-93.828836,45.331495],[-93.828437,45.330773],[-93.828265,45.330555],[-93.827934,45.330109],[-93.82715,45.329222],[-93.825787,45.328049],[-93.825496,45.327867],[-93.824528,45.327262],[-93.824073,45.326941],[-93.823334,45.326421],[-93.8232,45.326334],[-93.822325,45.325767],[-93.821214,45.325188],[-93.820472,45.324691],[-93.820181,45.324496],[-93.819755,45.324212],[-93.81958,45.324115],[-93.818812,45.323669],[-93.818354,45.323366],[-93.817739,45.322959],[-93.816548,45.322145],[-93.816111,45.321876],[-93.815684,45.321503],[-93.815398,45.321183],[-93.815316,45.321091],[-93.815018,45.32069],[-93.814838,45.320447],[-93.814601,45.319798],[-93.814528,45.319361],[-93.814474,45.3191],[-93.814415,45.318811],[-93.814146,45.318387],[-93.814119,45.318344],[-93.813965,45.318196],[-93.813916,45.31819],[-93.813769,45.318173],[-93.813721,45.318168],[-93.81367,45.318092],[-93.813565,45.317973],[-93.813492,45.317894],[-93.813423,45.317838],[-93.813325,45.317745],[-93.813122,45.317552],[-93.813021,45.31748],[-93.812911,45.317403],[-93.81273,45.317275],[-93.812187,45.316891],[-93.812006,45.316764],[-93.811328,45.316323],[-93.811139,45.3162],[-93.809504,45.31514],[-93.808509,45.314557],[-93.808367,45.314474],[-93.807634,45.314007],[-93.80733,45.313816],[-93.807287,45.313789],[-93.806467,45.313177],[-93.806181,45.312963],[-93.805148,45.312323],[-93.804955,45.312219],[-93.802795,45.311061],[-93.801787,45.310693],[-93.801032,45.310512],[-93.800752,45.310446],[-93.799624,45.310245],[-93.799135,45.310157],[-93.798717,45.310096],[-93.797594,45.309933],[-93.796008,45.3096],[-93.795902,45.309578],[-93.795127,45.309343],[-93.794962,45.309288],[-93.79447,45.309123],[-93.794306,45.309068],[-93.793759,45.308934],[-93.793107,45.308775],[-93.792129,45.308505],[-93.792073,45.30849],[-93.791587,45.308358],[-93.791444,45.308319],[-93.791015,45.308205],[-93.790872,45.308167],[-93.790273,45.308009],[-93.790079,45.307948],[-93.789157,45.307657],[-93.788117,45.307136],[-93.787819,45.306982],[-93.78709,45.306604],[-93.786669,45.306399],[-93.785406,45.305784],[-93.784986,45.305579],[-93.784484,45.305223],[-93.784348,45.305126],[-93.783844,45.304851],[-93.782809,45.304471],[-93.782232,45.30426],[-93.781756,45.304086],[-93.781022,45.303817],[-93.780345,45.303528],[-93.780262,45.303493],[-93.779892,45.303304],[-93.779386,45.303045],[-93.779278,45.30299],[-93.777922,45.302173],[-93.777436,45.301881],[-93.776842,45.30153],[-93.776349,45.30124],[-93.77503,45.300533],[-93.774532,45.300266],[-93.774432,45.300194],[-93.772924,45.299337],[-93.77284,45.299293],[-93.771591,45.298644],[-93.770658,45.29822],[-93.769914,45.297921],[-93.76939,45.297711],[-93.768282,45.29736],[-93.766921,45.297054],[-93.765457,45.296849],[-93.763874,45.296678],[-93.762371,45.296455],[-93.761411,45.296188],[-93.760399,45.295749],[-93.759201,45.295312],[-93.757789,45.294893],[-93.756612,45.294722],[-93.755174,45.294674],[-93.753969,45.294635],[-93.752738,45.294808],[-93.751661,45.295079],[-93.75083,45.295338],[-93.750253,45.295596],[-93.749896,45.295791],[-93.749362,45.296084],[-93.748826,45.296376],[-93.74847,45.296572],[-93.748226,45.296704],[-93.747588,45.297054],[-93.747493,45.297096],[-93.74724,45.297209],[-93.747108,45.297267],[-93.74691,45.297355],[-93.746712,45.297442],[-93.746581,45.297501],[-93.746243,45.297651],[-93.745904,45.297802],[-93.745198,45.298019],[-93.744845,45.298129],[-93.744285,45.29826],[-93.743447,45.298458],[-93.742607,45.298655],[-93.742048,45.298787],[-93.741405,45.298951],[-93.740173,45.299267],[-93.739462,45.299366],[-93.738806,45.299458],[-93.738732,45.299465],[-93.738518,45.299515],[-93.738447,45.299533],[-93.738359,45.299553],[-93.738228,45.299585],[-93.738114,45.299613],[-93.738096,45.299617],[-93.738009,45.299638],[-93.737539,45.299707],[-93.737214,45.299756],[-93.73623,45.299831],[-93.73612,45.299841],[-93.735648,45.299887],[-93.735336,45.299896],[-93.734901,45.299909],[-93.7344,45.299886],[-93.734089,45.299873],[-93.733779,45.299891],[-93.733697,45.299897],[-93.73285,45.299888],[-93.732541,45.299885],[-93.731356,45.299983],[-93.731287,45.299988],[-93.7305,45.300054],[-93.730171,45.300082],[-93.730015,45.300095],[-93.729725,45.300094],[-93.726905,45.300086],[-93.726048,45.299933],[-93.724375,45.299972],[-93.723959,45.299982],[-93.722332,45.29987],[-93.722142,45.299856],[-93.721719,45.299827],[-93.721574,45.29983],[-93.721385,45.299834],[-93.721037,45.299798],[-93.720516,45.299745],[-93.719995,45.299691],[-93.71978,45.29967],[-93.719648,45.299657],[-93.719609,45.299654],[-93.719583,45.299652],[-93.719495,45.299642],[-93.719458,45.299638],[-93.719433,45.299635],[-93.719359,45.299627],[-93.719335,45.299625],[-93.719311,45.299622],[-93.71924,45.299614],[-93.719217,45.299612],[-93.719171,45.299608],[-93.719097,45.299602],[-93.719036,45.299596],[-93.718991,45.299592],[-93.718135,45.299516],[-93.715568,45.299291],[-93.71509,45.29925],[-93.714716,45.299189],[-93.714643,45.299177],[-93.714532,45.299161],[-93.714424,45.299147],[-93.714351,45.299138],[-93.713756,45.299046],[-93.712133,45.298795],[-93.711971,45.298769],[-93.711377,45.298676],[-93.710948,45.298609],[-93.710738,45.298576],[-93.710518,45.298543],[-93.70978,45.298429],[-93.708821,45.29828],[-93.708183,45.298182],[-93.707468,45.298061],[-93.707112,45.298002],[-93.705994,45.29777],[-93.705327,45.297701],[-93.705189,45.297687],[-93.704604,45.297682],[-93.704392,45.297724],[-93.704147,45.297772],[-93.702779,45.298044],[-93.702323,45.298135],[-93.70172,45.298271],[-93.701488,45.298324],[-93.701251,45.298378],[-93.700908,45.298456],[-93.700561,45.298535],[-93.700053,45.298648],[-93.699545,45.298761],[-93.699177,45.298842],[-93.698772,45.298933],[-93.698063,45.299034],[-93.697691,45.299088],[-93.696918,45.299198],[-93.696201,45.299301],[-93.694607,45.29957],[-93.69414,45.29965],[-93.693848,45.299742],[-93.6935,45.299848],[-93.692977,45.300008],[-93.692504,45.300272],[-93.692188,45.30045],[-93.69211,45.300493],[-93.691994,45.300559],[-93.691877,45.300623],[-93.6918,45.300667],[-93.691496,45.301008],[-93.69104,45.301521],[-93.690584,45.302032],[-93.69028,45.302374],[-93.690245,45.302413],[-93.689806,45.302829],[-93.688834,45.303751],[-93.688305,45.304095],[-93.687834,45.304402],[-93.687739,45.304402],[-93.687262,45.304627],[-93.686639,45.304922],[-93.685847,45.305057],[-93.685758,45.30505],[-93.685396,45.305023],[-93.685315,45.305017],[-93.685233,45.305011],[-93.685046,45.304997],[-93.684996,45.304989],[-93.684291,45.304878],[-93.684056,45.304841],[-93.683937,45.304821],[-93.683869,45.30481],[-93.683603,45.304688],[-93.683494,45.304638],[-93.683403,45.304594],[-93.683133,45.304462],[-93.683043,45.304418],[-93.682778,45.30427],[-93.68271,45.304208],[-93.682255,45.303793],[-93.681942,45.30332],[-93.681725,45.302991],[-93.681645,45.302872],[-93.681408,45.302515],[-93.681329,45.302397],[-93.681298,45.302351],[-93.681291,45.302341],[-93.681253,45.302284],[-93.681214,45.302227],[-93.681205,45.302214],[-93.681175,45.302169],[-93.681049,45.301859],[-93.681002,45.301744],[-93.680923,45.301548],[-93.680886,45.301457],[-93.680811,45.301359],[-93.680407,45.300834],[-93.680209,45.300637],[-93.679884,45.300314],[-93.679798,45.300253],[-93.679543,45.300073],[-93.679458,45.300013],[-93.678541,45.299344],[-93.677679,45.29875],[-93.677392,45.298552],[-93.677106,45.298354],[-93.676887,45.298203],[-93.675708,45.297455],[-93.675211,45.29714],[-93.674725,45.296893],[-93.673371,45.296207],[-93.671832,45.2957],[-93.671354,45.295543],[-93.670783,45.295433],[-93.669671,45.295221],[-93.667449,45.295182],[-93.66377,45.295453],[-93.662503,45.295654],[-93.660887,45.295911],[-93.659387,45.29595],[-93.658943,45.295965],[-93.658816,45.295952],[-93.657828,45.295858],[-93.657112,45.295766],[-93.656752,45.29572],[-93.656649,45.295707],[-93.656546,45.295694],[-93.655113,45.29551],[-93.652997,45.295238],[-93.650925,45.295201],[-93.6508,45.295209],[-93.64936,45.295306],[-93.649157,45.295374],[-93.64855,45.295578],[-93.64853,45.295585],[-93.648348,45.295646],[-93.648218,45.295689],[-93.648024,45.295755],[-93.64783,45.295819],[-93.647701,45.295863],[-93.647663,45.295876],[-93.647607,45.295895],[-93.646719,45.296055],[-93.646029,45.29618],[-93.644388,45.296294],[-93.643732,45.296288],[-93.642732,45.29628],[-93.641989,45.296201],[-93.64127,45.296126],[-93.641246,45.296123],[-93.638996,45.295819],[-93.638747,45.295811],[-93.638498,45.295804],[-93.636413,45.295742],[-93.634328,45.295681],[-93.633009,45.29572],[-93.632103,45.295698],[-93.63101,45.295881],[-93.630606,45.295918],[-93.629908,45.296025],[-93.629463,45.296066],[-93.628867,45.296061],[-93.628785,45.296086],[-93.628737,45.296102],[-93.628528,45.296058],[-93.628471,45.296005],[-93.628183,45.295987],[-93.627318,45.295936],[-93.627031,45.295919],[-93.626988,45.295902],[-93.626858,45.295852],[-93.626816,45.295836],[-93.626097,45.295792],[-93.623942,45.29566],[-93.623224,45.295617],[-93.62295,45.295538],[-93.622129,45.295303],[-93.621856,45.295225],[-93.621768,45.295201],[-93.621638,45.295166],[-93.621507,45.295131],[-93.62142,45.295108],[-93.620721,45.294959],[-93.619732,45.29477],[-93.618453,45.294526],[-93.616921,45.294003],[-93.615978,45.293577],[-93.615108,45.29332],[-93.614816,45.293249],[-93.614636,45.293206],[-93.614443,45.29316],[-93.613883,45.292959],[-93.613152,45.292836],[-93.612967,45.292812],[-93.612413,45.29274],[-93.612229,45.292716],[-93.611344,45.292573],[-93.610508,45.292549],[-93.608801,45.292413],[-93.608629,45.292404],[-93.608317,45.292389],[-93.607726,45.292365],[-93.606158,45.292296],[-93.605668,45.292277],[-93.603806,45.29233],[-93.602135,45.292352],[-93.599678,45.292398],[-93.597443,45.292304],[-93.595958,45.292356],[-93.593026,45.29246],[-93.591511,45.292593],[-93.590032,45.292723],[-93.589314,45.292758],[-93.588449,45.292672],[-93.588209,45.292649],[-93.587316,45.292493],[-93.585322,45.292104],[-93.584274,45.292051],[-93.58375,45.292059],[-93.582154,45.291953],[-93.581861,45.291933],[-93.58138,45.291902],[-93.580985,45.291945],[-93.580694,45.291978],[-93.580413,45.292009],[-93.579572,45.292102],[-93.579392,45.292123],[-93.579296,45.292152],[-93.578106,45.292509],[-93.577503,45.292722],[-93.576997,45.292901],[-93.57621,45.2932],[-93.575412,45.293583],[-93.574562,45.294049],[-93.573767,45.294607],[-93.573053,45.295152],[-93.572708,45.295571],[-93.572627,45.29567],[-93.572355,45.296166],[-93.57221,45.296728],[-93.57213,45.297331],[-93.572074,45.297507],[-93.571987,45.297783],[-93.57206,45.298039],[-93.572111,45.298218],[-93.572105,45.298308],[-93.572096,45.298445],[-93.572087,45.29858],[-93.572081,45.298671],[-93.572078,45.298721],[-93.571978,45.299199],[-93.57187,45.299724],[-93.571689,45.300194],[-93.571445,45.300563],[-93.571357,45.300665],[-93.571006,45.301074],[-93.570696,45.301287],[-93.570304,45.301559],[-93.569712,45.301823],[-93.569337,45.301871],[-93.56895,45.301921],[-93.568562,45.301958],[-93.568357,45.301979],[-93.567519,45.301922],[-93.566243,45.301707],[-93.565475,45.301578],[-93.564781,45.301428],[-93.564339,45.301334],[-93.563989,45.301239],[-93.563816,45.301137],[-93.563311,45.300585],[-93.563036,45.300344],[-93.562984,45.300299],[-93.56264,45.299841],[-93.562617,45.299778],[-93.5626,45.29973],[-93.561603,45.297004],[-93.561476,45.29603],[-93.561028,45.294017],[-93.560573,45.292592],[-93.559885,45.290979],[-93.55977,45.290758],[-93.559716,45.290649],[-93.558539,45.289072],[-93.558365,45.288857],[-93.558343,45.288827],[-93.558334,45.288803],[-93.558313,45.288781],[-93.558299,45.288764],[-93.558248,45.28867],[-93.558221,45.288633],[-93.558207,45.288614],[-93.558184,45.288591],[-93.558061,45.288469],[-93.55767,45.28797],[-93.557619,45.287937],[-93.557339,45.287598],[-93.556861,45.287056],[-93.556745,45.286805],[-93.556538,45.286391],[-93.556089,45.285734],[-93.555934,45.285202],[-93.555652,45.283941],[-93.554432,45.280206],[-93.55431,45.279286],[-93.553812,45.273061],[-93.553727,45.272505],[-93.553457,45.269553],[-93.553467,45.26855],[-93.55347,45.268323],[-93.553371,45.267637],[-93.553113,45.266909],[-93.552773,45.266206],[-93.552503,45.265743],[-93.552372,45.265519],[-93.55194,45.26499],[-93.551895,45.264951],[-93.551472,45.264563],[-93.551095,45.264218],[-93.550793,45.264038],[-93.550501,45.263864],[-93.550078,45.263566],[-93.549777,45.263353],[-93.549594,45.263263],[-93.549058,45.262992],[-93.548955,45.262919],[-93.54853,45.262619],[-93.548318,45.262424],[-93.548271,45.262381],[-93.547814,45.261961],[-93.547342,45.261461],[-93.546994,45.261091],[-93.546864,45.260916],[-93.546793,45.260825],[-93.546722,45.260735],[-93.546151,45.260011],[-93.545338,45.259069],[-93.545302,45.259038],[-93.543976,45.257873],[-93.543297,45.257437],[-93.541873,45.256575],[-93.540951,45.256056],[-93.539885,45.25554],[-93.539072,45.255289],[-93.538719,45.25518],[-93.536682,45.254912],[-93.536663,45.25491],[-93.535509,45.254759],[-93.535167,45.25475],[-93.533973,45.25472],[-93.532699,45.254451],[-93.532179,45.254363],[-93.531362,45.254224],[-93.530759,45.253945],[-93.529856,45.253528],[-93.529429,45.253249],[-93.528986,45.25296],[-93.528502,45.252663],[-93.527075,45.251789],[-93.52652,45.251398],[-93.52585,45.250746],[-93.525065,45.249982],[-93.524893,45.249759],[-93.524691,45.249495],[-93.524548,45.249005],[-93.524528,45.248934],[-93.524404,45.248769],[-93.524308,45.248641],[-93.523984,45.248207],[-93.523972,45.248194],[-93.523235,45.247406],[-93.522766,45.247098],[-93.522336,45.246814],[-93.522209,45.246731],[-93.522012,45.246694],[-93.521856,45.246665],[-93.521701,45.246635],[-93.521679,45.246631],[-93.521655,45.246619],[-93.521659,45.246606],[-93.521672,45.24657],[-93.521677,45.246558],[-93.521699,45.246496],[-93.521732,45.246409],[-93.521767,45.246313],[-93.52179,45.246252],[-93.521844,45.246108],[-93.521898,45.245958],[-93.521936,45.245848],[-93.521947,45.245835],[-93.522072,45.245686],[-93.522179,45.245404],[-93.522215,45.245296],[-93.522256,45.245168],[-93.5223,45.245036],[-93.52239,45.244655],[-93.522432,45.244372],[-93.522421,45.244305],[-93.52239,45.244152],[-93.522268,45.243939],[-93.522085,45.243672],[-93.521872,45.243382],[-93.521704,45.243199],[-93.521445,45.242955],[-93.52117,45.242733],[-93.52079,45.24255],[-93.520576,45.242443],[-93.520317,45.242359],[-93.520137,45.242366],[-93.520028,45.242308],[-93.519982,45.242283],[-93.51995,45.24228],[-93.519692,45.24226],[-93.519356,45.242268],[-93.518544,45.242241],[-93.518134,45.242222],[-93.517577,45.242176],[-93.517289,45.242098],[-93.516847,45.241897],[-93.516427,45.241734],[-93.51597,45.241471],[-93.515221,45.240765],[-93.514837,45.240366],[-93.514672,45.239926],[-93.514747,45.239495],[-93.514901,45.23914],[-93.515099,45.238827],[-93.515337,45.238666],[-93.515767,45.238529],[-93.515786,45.238522],[-93.515967,45.23847],[-93.516125,45.238453],[-93.516419,45.23844],[-93.516677,45.238445],[-93.516841,45.238454],[-93.517018,45.238472],[-93.51723,45.238506],[-93.517347,45.238504],[-93.517705,45.2385],[-93.517916,45.238477],[-93.518344,45.238471],[-93.518612,45.23848],[-93.518756,45.238488],[-93.519317,45.238481],[-93.519644,45.238333],[-93.519897,45.238266],[-93.520133,45.238062],[-93.520152,45.238046],[-93.520302,45.23791],[-93.520539,45.23765],[-93.520624,45.237455],[-93.52071,45.237338],[-93.520895,45.237087],[-93.520998,45.236915],[-93.521142,45.236676],[-93.521261,45.236376],[-93.521279,45.236332],[-93.521331,45.236189],[-93.521343,45.236155],[-93.52137,45.236081],[-93.52137,45.236051],[-93.52137,45.236016],[-93.52137,45.23583],[-93.52137,45.235775],[-93.52137,45.235562],[-93.521427,45.235278],[-93.521465,45.235096],[-93.521473,45.234889],[-93.521477,45.234799],[-93.521462,45.234501],[-93.521453,45.234271],[-93.521447,45.234082],[-93.521442,45.234066],[-93.52138,45.23386],[-93.521355,45.233776],[-93.52134,45.233433],[-93.52138,45.233224],[-93.521401,45.23312],[-93.521462,45.233031],[-93.521505,45.232954],[-93.521546,45.232884],[-93.521703,45.232604],[-93.521791,45.232476],[-93.522042,45.232311],[-93.522124,45.23228],[-93.522195,45.232254],[-93.522439,45.232154],[-93.52284,45.231908],[-93.523366,45.23165],[-93.523946,45.231434],[-93.52456,45.231174],[-93.524807,45.231017],[-93.524956,45.230922],[-93.525445,45.230541],[-93.525826,45.230197],[-93.526177,45.229808],[-93.526375,45.229526],[-93.526528,45.22919],[-93.526587,45.229068],[-93.526637,45.228965],[-93.52659,45.228664],[-93.526535,45.22857],[-93.526453,45.228427],[-93.5263,45.228236],[-93.526056,45.227947],[-93.525735,45.227466],[-93.525685,45.227356],[-93.525641,45.227262],[-93.525567,45.2271],[-93.525369,45.226772],[-93.525277,45.226497],[-93.525246,45.226222],[-93.525307,45.225925],[-93.52546,45.22549],[-93.525638,45.224965],[-93.52604,45.224414],[-93.526095,45.224358],[-93.526437,45.22401],[-93.526849,45.223598],[-93.527277,45.223216],[-93.52778,45.222888],[-93.528238,45.222614],[-93.52868,45.222431],[-93.528735,45.222415],[-93.529077,45.222316],[-93.529421,45.222289],[-93.529474,45.222286],[-93.529901,45.222308],[-93.530313,45.2224],[-93.530538,45.222465],[-93.530679,45.22253],[-93.531,45.222667],[-93.53129,45.222843],[-93.531368,45.222939],[-93.531426,45.22301],[-93.531476,45.223058],[-93.531579,45.223163],[-93.531847,45.223453],[-93.531999,45.223618],[-93.532158,45.223789],[-93.532404,45.224139],[-93.532411,45.224151],[-93.532525,45.224345],[-93.532595,45.224463],[-93.532724,45.224681],[-93.532819,45.22481],[-93.532901,45.224922],[-93.533095,45.225187],[-93.533105,45.2252],[-93.533395,45.225604],[-93.53347,45.225863],[-93.533502,45.225971],[-93.533512,45.226063],[-93.533533,45.226245],[-93.533508,45.226389],[-93.533472,45.226596],[-93.5335,45.226801],[-93.533533,45.227031],[-93.533639,45.22726],[-93.533838,45.227626],[-93.534013,45.22793],[-93.534036,45.227969],[-93.534189,45.22829],[-93.534195,45.228306],[-93.534266,45.22851],[-93.534296,45.228595],[-93.534296,45.228877],[-93.534243,45.229151],[-93.534235,45.229198],[-93.534189,45.229361],[-93.534097,45.229874],[-93.534097,45.230075],[-93.534085,45.230335],[-93.534073,45.230441],[-93.534109,45.230607],[-93.534192,45.230748],[-93.534357,45.230937],[-93.534664,45.231115],[-93.535125,45.231256],[-93.535572,45.231387],[-93.536116,45.231393],[-93.536755,45.231381],[-93.537394,45.23131],[-93.538455,45.23112],[-93.539415,45.230974],[-93.539696,45.230985],[-93.540063,45.231044],[-93.540263,45.231091],[-93.540594,45.231233],[-93.540944,45.231491],[-93.541126,45.231646],[-93.541197,45.231847],[-93.541271,45.232023],[-93.541377,45.232117],[-93.541526,45.232227],[-93.541732,45.232341],[-93.542068,45.232514],[-93.542356,45.232597],[-93.542638,45.232592],[-93.54286,45.232478],[-93.542917,45.232478],[-93.54308,45.232345],[-93.543178,45.232267],[-93.543274,45.232188],[-93.543466,45.232035],[-93.543565,45.23172],[-93.543619,45.231548],[-93.543741,45.23125],[-93.543832,45.231075],[-93.544,45.230808],[-93.544229,45.230571],[-93.544288,45.230523],[-93.544388,45.230441],[-93.544519,45.230335],[-93.544707,45.230219],[-93.544794,45.230167],[-93.544817,45.23015],[-93.544884,45.230099],[-93.544977,45.230029],[-93.545062,45.229922],[-93.545115,45.229857],[-93.545129,45.229839],[-93.545163,45.229787],[-93.545282,45.22961],[-93.5453,45.229572],[-93.545338,45.229496],[-93.54578,45.228821],[-93.54609,45.228468],[-93.546475,45.228029],[-93.546564,45.227954],[-93.54693,45.227611],[-93.547098,45.227351],[-93.547327,45.227123],[-93.547525,45.226917],[-93.5478,45.226711],[-93.547967,45.22665],[-93.548303,45.226558],[-93.548553,45.226483],[-93.548581,45.226474],[-93.548637,45.226457],[-93.548682,45.226464],[-93.548706,45.226468],[-93.548959,45.226505],[-93.549183,45.226522],[-93.549341,45.226535],[-93.549411,45.22654],[-93.549799,45.226573],[-93.550149,45.226634],[-93.551324,45.22681],[-93.55159,45.226859],[-93.551813,45.226901],[-93.551973,45.226936],[-93.552057,45.226955],[-93.552314,45.226977],[-93.552682,45.227033],[-93.552707,45.227037],[-93.552877,45.227056],[-93.55298,45.227033],[-93.552993,45.22703],[-93.553028,45.227022],[-93.553093,45.227008],[-93.553152,45.226995],[-93.553167,45.226996],[-93.553242,45.226998],[-93.553449,45.227006],[-93.553683,45.227015],[-93.553884,45.226992],[-93.554522,45.226921],[-93.555089,45.226756],[-93.55549,45.226507],[-93.55575,45.226271],[-93.555951,45.225999],[-93.55617,45.225728],[-93.556683,45.225232],[-93.557061,45.224972],[-93.55731,45.22496],[-93.557628,45.224972],[-93.557912,45.225066],[-93.558337,45.225326],[-93.558609,45.225503],[-93.558999,45.22587],[-93.55927,45.2262],[-93.559584,45.226705],[-93.559749,45.226865],[-93.560166,45.227087],[-93.560579,45.227307],[-93.561111,45.226996],[-93.5612,45.226323],[-93.561348,45.225209],[-93.561525,45.224585],[-93.56272,45.223008],[-93.56334,45.222721],[-93.564061,45.222387],[-93.56474,45.222071],[-93.566227,45.221382],[-93.566602,45.221209],[-93.566878,45.220944],[-93.56741,45.220435],[-93.567753,45.220144],[-93.568095,45.219786],[-93.568922,45.219077],[-93.569493,45.218737],[-93.569973,45.218524],[-93.571839,45.218436],[-93.573642,45.218602],[-93.57449,45.218602],[-93.575471,45.218575],[-93.576015,45.218456],[-93.576342,45.218394],[-93.576972,45.218228],[-93.577527,45.218062],[-93.577969,45.217902],[-93.578733,45.217627],[-93.579154,45.217454],[-93.579939,45.21711],[-93.580959,45.216931],[-93.581555,45.216825],[-93.582218,45.216666],[-93.582655,45.216574],[-93.583318,45.216362],[-93.583715,45.216149],[-93.5841,45.215871],[-93.584855,45.215447],[-93.585926,45.214968],[-93.586403,45.214814],[-93.586897,45.214678],[-93.587505,45.214644],[-93.588634,45.214707],[-93.589477,45.214807],[-93.589551,45.214924],[-93.589624,45.215039],[-93.589891,45.215446],[-93.589852,45.215659],[-93.589958,45.215898],[-93.590064,45.216057],[-93.59022,45.216224],[-93.590383,45.21664],[-93.590462,45.217038],[-93.590489,45.217276],[-93.590515,45.217713],[-93.590502,45.218005],[-93.590502,45.218177],[-93.590634,45.218363],[-93.59082,45.218522],[-93.591165,45.218575],[-93.591522,45.218509],[-93.59192,45.218482],[-93.592397,45.218403],[-93.592689,45.218283],[-93.593257,45.217915],[-93.59394,45.217565],[-93.593974,45.217464],[-93.593959,45.217398],[-93.59385,45.216911],[-93.59384,45.216865],[-93.593739,45.216665],[-93.593753,45.216637],[-93.593761,45.216625],[-93.593799,45.216548],[-93.59384,45.216465],[-93.593806,45.216333],[-93.593848,45.216147],[-93.593974,45.215904],[-93.594127,45.215593],[-93.594233,45.215288],[-93.594299,45.215049],[-93.594326,45.214877],[-93.594312,45.214678],[-93.59424,45.214466],[-93.5941,45.214208],[-93.593994,45.213982],[-93.593849,45.213717],[-93.593625,45.213474],[-93.593608,45.213457],[-93.593424,45.213305],[-93.59318,45.213145],[-93.592936,45.21303],[-93.592809,45.212951],[-93.592733,45.212906],[-93.592678,45.212871],[-93.592617,45.212764],[-93.59253,45.212576],[-93.592525,45.212566],[-93.592496,45.212477],[-93.592464,45.212262],[-93.59251,45.211951],[-93.592517,45.211908],[-93.59254,45.211765],[-93.592532,45.211642],[-93.592525,45.211513],[-93.592558,45.211277],[-93.592571,45.211185],[-93.592576,45.211156],[-93.592589,45.211075],[-93.59261,45.210955],[-93.592631,45.210833],[-93.592645,45.210753],[-93.592647,45.210742],[-93.592695,45.210594],[-93.592724,45.210506],[-93.592927,45.210155],[-93.592968,45.210086],[-93.593022,45.210019],[-93.593252,45.209732],[-93.593319,45.209651],[-93.593563,45.209346],[-93.593914,45.209087],[-93.594068,45.209014],[-93.594173,45.208965],[-93.594402,45.208859],[-93.59467,45.20878],[-93.595035,45.208647],[-93.595287,45.208528],[-93.595525,45.208402],[-93.595739,45.208207],[-93.595776,45.208179],[-93.595821,45.208148],[-93.595876,45.208084],[-93.595907,45.208049],[-93.595974,45.207973],[-93.596078,45.207846],[-93.596157,45.207752],[-93.596401,45.207576],[-93.596751,45.207451],[-93.596767,45.207446],[-93.59694,45.207365],[-93.596998,45.20737],[-93.597381,45.207315],[-93.597613,45.207309],[-93.597865,45.207309],[-93.598759,45.207388],[-93.599104,45.207435],[-93.599573,45.207513],[-93.600624,45.207634],[-93.601139,45.207726],[-93.60132,45.207753],[-93.601507,45.207815],[-93.601682,45.207899],[-93.601962,45.208082],[-93.602002,45.208216],[-93.601971,45.208445],[-93.601892,45.2087],[-93.60188,45.208727],[-93.601873,45.208775],[-93.601804,45.209238],[-93.601795,45.209451],[-93.60183,45.209883],[-93.601865,45.210038],[-93.601921,45.210178],[-93.60207,45.210349],[-93.602237,45.210551],[-93.602544,45.210801],[-93.602736,45.21096],[-93.602984,45.211176],[-93.603226,45.211544],[-93.603785,45.212465],[-93.603927,45.212657],[-93.604074,45.212829],[-93.60422,45.212929],[-93.604359,45.212982],[-93.604505,45.21296],[-93.604672,45.212921],[-93.604779,45.21286],[-93.604855,45.212784],[-93.604871,45.212639],[-93.604903,45.212475],[-93.604916,45.212405],[-93.605036,45.212231],[-93.60522,45.212161],[-93.605275,45.212152],[-93.605418,45.212131],[-93.605488,45.212131],[-93.60563,45.212136],[-93.605726,45.212138],[-93.60606,45.212158],[-93.606426,45.212212],[-93.606559,45.212244],[-93.606746,45.212288],[-93.607036,45.212318],[-93.607311,45.212272],[-93.607509,45.212241],[-93.60784,45.212161],[-93.607891,45.212073],[-93.608013,45.211944],[-93.608074,45.211806],[-93.608135,45.211669],[-93.608182,45.211474],[-93.608296,45.211172],[-93.608402,45.210894],[-93.608501,45.210662],[-93.608621,45.210417],[-93.60876,45.210189],[-93.608959,45.209983],[-93.609142,45.209814],[-93.609402,45.209636],[-93.609538,45.209568],[-93.609599,45.209532],[-93.609637,45.209509],[-93.609732,45.209453],[-93.609801,45.209414],[-93.609969,45.209322],[-93.610142,45.20924],[-93.610239,45.209195],[-93.610276,45.209165],[-93.610337,45.209072],[-93.610377,45.208932],[-93.610408,45.208784],[-93.610457,45.208647],[-93.610503,45.208548],[-93.610655,45.208329],[-93.610832,45.208185],[-93.610848,45.208167],[-93.610881,45.208128],[-93.6109,45.208119],[-93.610923,45.20811],[-93.610938,45.208104],[-93.61104,45.20806],[-93.61119,45.208023],[-93.611244,45.20801],[-93.611355,45.207983],[-93.61141,45.207985],[-93.611437,45.207986],[-93.611583,45.207995],[-93.611626,45.208001],[-93.61167,45.208007],[-93.611813,45.208026],[-93.612043,45.208141],[-93.612232,45.208357],[-93.61225,45.208383],[-93.612423,45.208631],[-93.612462,45.208716],[-93.612545,45.20889],[-93.612575,45.20902],[-93.612575,45.209126],[-93.612484,45.209409],[-93.612475,45.209429],[-93.612346,45.209714],[-93.612072,45.210111],[-93.611919,45.210417],[-93.611904,45.210653],[-93.611965,45.210928],[-93.612056,45.211111],[-93.612079,45.211138],[-93.612186,45.211325],[-93.612345,45.211444],[-93.612524,45.21151],[-93.612657,45.21155],[-93.612869,45.211544],[-93.613375,45.211456],[-93.6134,45.211455],[-93.613781,45.211376],[-93.61404,45.21128],[-93.614326,45.211171],[-93.614573,45.210987],[-93.614647,45.21088],[-93.614656,45.210867],[-93.614685,45.210827],[-93.614695,45.210814],[-93.61489,45.210609],[-93.615062,45.210423],[-93.615288,45.210231],[-93.615586,45.210032],[-93.616218,45.209625],[-93.616238,45.209616],[-93.61639,45.209549],[-93.616771,45.209389],[-93.617184,45.209267],[-93.617581,45.209175],[-93.617896,45.209093],[-93.617912,45.209089],[-93.618024,45.209061],[-93.61839,45.209016],[-93.618771,45.209008],[-93.619137,45.209031],[-93.619458,45.209024],[-93.6199,45.209062],[-93.620328,45.20913],[-93.620801,45.20926],[-93.620907,45.209291],[-93.621213,45.209376],[-93.621808,45.20946],[-93.622342,45.209543],[-93.622453,45.209544],[-93.623042,45.209615],[-93.623927,45.20963],[-93.624459,45.209693],[-93.625047,45.209649],[-93.625507,45.20941],[-93.625682,45.209333],[-93.625913,45.209231],[-93.626271,45.20872],[-93.626301,45.208595],[-93.626302,45.20829],[-93.626276,45.208038],[-93.62621,45.207799],[-93.625918,45.207428],[-93.624659,45.206362],[-93.624148,45.206043],[-93.623446,45.205495],[-93.623351,45.205344],[-93.623201,45.205145],[-93.623137,45.204898],[-93.623125,45.204598],[-93.623201,45.204373],[-93.623386,45.203935],[-93.623744,45.203485],[-93.624242,45.203034],[-93.624753,45.202818],[-93.625879,45.202561],[-93.626955,45.202466],[-93.627855,45.202436],[-93.628489,45.202407],[-93.629863,45.202532],[-93.630403,45.202688],[-93.630735,45.202804],[-93.630922,45.202871],[-93.631762,45.203306],[-93.632341,45.203733],[-93.632829,45.204336],[-93.633119,45.204816],[-93.633245,45.205267],[-93.633286,45.205556],[-93.6335,45.206251],[-93.633744,45.206784],[-93.633943,45.20744],[-93.634001,45.207852],[-93.634146,45.208424],[-93.634427,45.208929],[-93.634573,45.209198],[-93.634589,45.209216],[-93.634769,45.209403],[-93.634933,45.209561],[-93.635284,45.209767],[-93.635838,45.20996],[-93.636093,45.210049],[-93.636551,45.210133],[-93.637131,45.210156],[-93.637741,45.21011],[-93.638397,45.20998],[-93.639313,45.209668],[-93.639953,45.209301],[-93.640457,45.208866],[-93.641097,45.208279],[-93.641631,45.20773],[-93.641951,45.207386],[-93.642134,45.207081],[-93.64218,45.206677],[-93.642226,45.20618],[-93.642348,45.205682],[-93.642623,45.205203],[-93.642913,45.204791],[-93.643331,45.204434],[-93.644024,45.20428],[-93.644594,45.204134],[-93.645137,45.204015],[-93.645468,45.203909],[-93.645734,45.203737],[-93.645919,45.203498],[-93.646025,45.203326],[-93.646078,45.202888],[-93.645979,45.202441],[-93.645851,45.202167],[-93.645819,45.202101],[-93.645765,45.201984],[-93.645667,45.201833],[-93.645567,45.201679],[-93.645539,45.201495],[-93.645536,45.201473],[-93.645565,45.201377],[-93.645612,45.201221],[-93.645716,45.20105],[-93.646108,45.200497],[-93.646419,45.200192],[-93.646646,45.199992],[-93.646986,45.199733],[-93.647223,45.1996],[-93.648121,45.199166],[-93.648421,45.199085],[-93.648848,45.19897],[-93.649291,45.198878],[-93.649749,45.198839],[-93.649904,45.198831],[-93.650389,45.198809],[-93.650893,45.198817],[-93.65158,45.198885],[-93.65216,45.1989],[-93.652785,45.198862],[-93.653304,45.198824],[-93.654006,45.198748],[-93.654677,45.198603],[-93.655181,45.198435],[-93.655309,45.198398],[-93.655459,45.198355],[-93.655979,45.198236],[-93.656205,45.198143],[-93.656562,45.197997],[-93.656801,45.197799],[-93.657119,45.197533],[-93.657278,45.197308],[-93.657411,45.197083],[-93.65772,45.196377],[-93.657866,45.19616],[-93.658019,45.195727],[-93.658121,45.195418],[-93.658143,45.195354],[-93.65824,45.195186],[-93.658263,45.195147],[-93.658387,45.194968],[-93.658599,45.194666],[-93.65869,45.194433],[-93.65875,45.194276],[-93.65878,45.194199],[-93.658812,45.194117],[-93.658829,45.194027],[-93.658885,45.193734],[-93.658917,45.193562],[-93.658919,45.193552],[-93.658873,45.192904],[-93.658797,45.192385],[-93.658538,45.191492],[-93.658304,45.191008],[-93.65824,45.190878],[-93.657702,45.189819],[-93.657364,45.189225],[-93.657013,45.188838],[-93.656672,45.188459],[-93.656191,45.188096],[-93.654205,45.186716],[-93.653294,45.185974],[-93.652838,45.185485],[-93.652533,45.185127],[-93.652294,45.184796],[-93.652188,45.184544],[-93.652043,45.184001],[-93.651976,45.183537],[-93.65187,45.183232],[-93.651592,45.182821],[-93.651314,45.182529],[-93.650927,45.182255],[-93.650694,45.182055],[-93.650266,45.181742],[-93.650084,45.181616],[-93.649915,45.181498],[-93.649488,45.181238],[-93.649168,45.180994],[-93.648725,45.180659],[-93.64842,45.180399],[-93.648054,45.180178],[-93.647596,45.179919],[-93.647199,45.179735],[-93.647053,45.179697],[-93.646646,45.179591],[-93.646467,45.179545],[-93.645994,45.179453],[-93.645422,45.179304],[-93.645292,45.17927],[-93.645022,45.17918],[-93.64488,45.179133],[-93.644764,45.179072],[-93.644499,45.178934],[-93.64405,45.178635],[-93.643949,45.178568],[-93.643828,45.178467],[-93.643446,45.178149],[-93.643064,45.177866],[-93.642871,45.177727],[-93.641048,45.176487],[-93.6401,45.17585],[-93.639429,45.17535],[-93.639033,45.174868],[-93.638907,45.174646],[-93.638747,45.174364],[-93.638716,45.174295],[-93.638666,45.174186],[-93.638655,45.174162],[-93.638609,45.174059],[-93.63856,45.173863],[-93.638517,45.173693],[-93.638532,45.173205],[-93.638549,45.172884],[-93.638548,45.172854],[-93.638593,45.172587],[-93.638761,45.171999],[-93.638883,45.171458],[-93.63899,45.170824],[-93.639051,45.170374],[-93.63906,45.170242],[-93.639082,45.169939],[-93.639112,45.16952],[-93.639111,45.16951],[-93.639097,45.169237],[-93.638944,45.168848],[-93.638777,45.168612],[-93.638624,45.168276],[-93.638487,45.167948],[-93.638395,45.167605],[-93.638389,45.167467],[-93.63838,45.167246],[-93.638334,45.166857],[-93.63832,45.166738],[-93.638316,45.166705],[-93.638304,45.166598],[-93.638304,45.166574],[-93.638304,45.166399],[-93.638304,45.166359],[-93.638304,45.166209],[-93.638426,45.165926],[-93.638526,45.16577],[-93.638624,45.165621],[-93.63865,45.165596],[-93.638802,45.165451],[-93.639051,45.165217],[-93.639268,45.165025],[-93.639427,45.164887],[-93.639478,45.164843],[-93.63972,45.164646],[-93.639921,45.164484],[-93.640211,45.164232],[-93.640516,45.164004],[-93.640624,45.163958],[-93.640974,45.16381],[-93.641111,45.163752],[-93.641889,45.163523],[-93.64196,45.163498],[-93.64253,45.163302],[-93.643156,45.16305],[-93.643736,45.162714],[-93.644254,45.162371],[-93.644682,45.162043],[-93.644804,45.161951],[-93.64517,45.161562],[-93.645389,45.16129],[-93.645551,45.161089],[-93.64558,45.161049],[-93.645948,45.160563],[-93.646124,45.160303],[-93.646269,45.16009],[-93.646302,45.160052],[-93.646546,45.159769],[-93.64662,45.159685],[-93.646986,45.159312],[-93.647338,45.158976],[-93.647444,45.158877],[-93.647616,45.158726],[-93.647731,45.158625],[-93.647749,45.15861],[-93.648039,45.158396],[-93.648099,45.158352],[-93.648145,45.15832],[-93.64824,45.158298],[-93.648313,45.158282],[-93.648794,45.158053],[-93.648924,45.157992],[-93.64961,45.157664],[-93.65019,45.157412],[-93.650455,45.157304],[-93.650831,45.157152],[-93.651019,45.157076],[-93.651066,45.157056],[-93.651207,45.156999],[-93.651255,45.156981],[-93.651307,45.156958],[-93.651466,45.156889],[-93.651519,45.156866],[-93.651647,45.156812],[-93.652031,45.156649],[-93.652159,45.156594],[-93.652784,45.15642],[-93.653379,45.156313],[-93.653525,45.156302],[-93.654418,45.156125],[-93.655245,45.155944],[-93.655822,45.155798],[-93.656183,45.155694],[-93.656528,45.155574],[-93.656933,45.155438],[-93.657423,45.155222],[-93.657945,45.154931],[-93.658723,45.154403],[-93.659524,45.153981],[-93.660066,45.153714],[-93.660437,45.153551],[-93.661134,45.153327],[-93.661547,45.153275],[-93.662043,45.153264],[-93.662246,45.153284],[-93.662435,45.153295],[-93.66278,45.153315],[-93.663222,45.153406],[-93.663817,45.153574],[-93.664168,45.153757],[-93.664473,45.153925],[-93.664794,45.154085],[-93.665131,45.154227],[-93.665145,45.154233],[-93.665267,45.154284],[-93.66577,45.154452],[-93.665935,45.154457],[-93.665948,45.154457],[-93.666077,45.154461],[-93.666225,45.154471],[-93.666366,45.154479],[-93.66664,45.154497],[-93.667205,45.154444],[-93.66732,45.154425],[-93.667861,45.154337],[-93.668502,45.154215],[-93.669112,45.154093],[-93.669448,45.15404],[-93.669713,45.153966],[-93.66986,45.153925],[-93.670226,45.153757],[-93.670241,45.153749],[-93.670638,45.153551],[-93.67105,45.15333],[-93.671401,45.153071],[-93.671686,45.152837],[-93.671737,45.152796],[-93.672011,45.152621],[-93.672155,45.15251],[-93.672332,45.152371],[-93.672343,45.152364],[-93.672744,45.152193],[-93.672961,45.152128],[-93.673177,45.152064],[-93.674832,45.151501],[-93.675916,45.151135],[-93.676269,45.151045],[-93.677346,45.15077],[-93.677983,45.150589],[-93.678319,45.150529],[-93.678715,45.15052],[-93.679042,45.150554],[-93.679473,45.15064],[-93.68021,45.150924],[-93.680268,45.150952],[-93.680342,45.150988],[-93.680444,45.151032],[-93.680504,45.151058],[-93.680645,45.151118],[-93.680678,45.151133],[-93.681093,45.151229],[-93.681243,45.151264],[-93.681312,45.151251],[-93.681929,45.151133],[-93.682151,45.151036],[-93.682402,45.150927],[-93.683013,45.150637],[-93.683364,45.150446],[-93.683684,45.150271],[-93.68405,45.149996],[-93.684356,45.149698],[-93.684504,45.149529],[-93.684631,45.149386],[-93.684936,45.149081],[-93.685115,45.148818],[-93.685181,45.148722],[-93.685374,45.148468],[-93.685426,45.148402],[-93.685638,45.148028],[-93.68576,45.147761],[-93.685974,45.14731],[-93.686044,45.147164],[-93.686198,45.146939],[-93.68634,45.146731],[-93.686391,45.146634],[-93.686485,45.146444],[-93.686558,45.146282],[-93.686602,45.146209],[-93.686629,45.146166],[-93.686935,45.145693],[-93.687301,45.145228],[-93.687456,45.145078],[-93.687698,45.144846],[-93.687808,45.14476],[-93.688625,45.144011],[-93.689133,45.143589],[-93.689452,45.143382],[-93.690097,45.143107],[-93.690915,45.142823],[-93.691744,45.142464],[-93.692535,45.142138],[-93.693207,45.141855],[-93.693848,45.141596],[-93.694504,45.141344],[-93.694741,45.141191],[-93.694931,45.14107],[-93.695404,45.140719],[-93.695968,45.140223],[-93.696254,45.139944],[-93.696356,45.139844],[-93.696487,45.139719],[-93.696683,45.139567],[-93.696797,45.13948],[-93.696853,45.139437],[-93.697433,45.13901],[-93.697816,45.138622],[-93.698243,45.138118],[-93.698641,45.137783],[-93.698699,45.137741],[-93.698896,45.137599],[-93.699183,45.137393],[-93.699506,45.137191],[-93.6996,45.137133],[-93.700012,45.136904],[-93.700302,45.136729],[-93.700475,45.136585],[-93.700744,45.136364],[-93.700765,45.136338],[-93.700804,45.136289],[-93.700864,45.136216],[-93.700924,45.136142],[-93.700964,45.136094],[-93.70105,45.135988],[-93.701135,45.135737],[-93.701156,45.135676],[-93.701263,45.135157],[-93.701385,45.134585],[-93.701391,45.134562],[-93.701496,45.134175],[-93.701614,45.133738],[-93.701735,45.133348],[-93.701843,45.133005],[-93.701873,45.132869],[-93.702185,45.132026],[-93.702349,45.131725],[-93.702581,45.131355],[-93.702771,45.131191],[-93.702995,45.131053],[-93.70327,45.130984],[-93.703842,45.130739],[-93.704392,45.130419],[-93.704843,45.130036],[-93.705192,45.129686],[-93.705488,45.129331],[-93.70569,45.129041],[-93.705879,45.128677],[-93.706117,45.12831],[-93.706365,45.127847],[-93.706606,45.127414],[-93.706722,45.12721],[-93.706772,45.127123],[-93.706985,45.126887],[-93.707145,45.126652],[-93.707168,45.12662],[-93.707209,45.12643],[-93.707215,45.126397],[-93.707229,45.126337],[-93.707248,45.126306],[-93.707266,45.126279],[-93.707368,45.126118],[-93.707443,45.126002],[-93.707758,45.125707],[-93.707779,45.125689],[-93.707897,45.125577],[-93.708595,45.125063],[-93.708884,45.124915],[-93.709337,45.124649],[-93.709771,45.124442],[-93.710201,45.124219],[-93.710804,45.123873],[-93.711752,45.123341],[-93.712069,45.123155],[-93.712277,45.122971],[-93.712502,45.122729],[-93.713662,45.121479],[-93.714058,45.121109],[-93.714454,45.12073],[-93.715186,45.119766],[-93.715382,45.119542],[-93.716073,45.118784],[-93.71705,45.117731],[-93.718337,45.116641],[-93.719327,45.115754],[-93.720076,45.115091],[-93.720378,45.114764],[-93.720619,45.114445],[-93.7208,45.114118],[-93.72092,45.113817],[-93.721092,45.113421],[-93.721216,45.113056],[-93.721617,45.11237],[-93.721748,45.112087],[-93.721852,45.111921],[-93.722027,45.111635],[-93.722134,45.111354],[-93.722367,45.1107],[-93.722522,45.110338],[-93.722696,45.110068],[-93.722932,45.109717],[-93.723192,45.10941],[-93.723723,45.108632],[-93.724011,45.107962],[-93.724099,45.107705],[-93.724175,45.107488],[-93.724579,45.106481],[-93.724948,45.105589],[-93.725104,45.105284],[-93.725208,45.104974],[-93.725371,45.104664],[-93.725636,45.104089],[-93.725819,45.103631],[-93.725948,45.103097],[-93.726112,45.102331],[-93.726318,45.101306],[-93.726353,45.101057],[-93.72637,45.100756],[-93.726363,45.100375],[-93.726396,45.100127],[-93.726406,45.099868],[-93.726422,45.099576],[-93.72643,45.099326],[-93.726456,45.099206],[-93.726523,45.098986],[-93.726627,45.098739],[-93.726723,45.098577],[-93.726809,45.098453],[-93.727144,45.098249],[-93.727394,45.09813],[-93.727696,45.098112],[-93.728079,45.098172],[-93.728284,45.098229],[-93.728583,45.098233],[-93.728832,45.098246],[-93.729028,45.098178],[-93.729211,45.098059],[-93.729377,45.097906],[-93.729475,45.097702],[-93.729577,45.097479],[-93.729595,45.097442],[-93.729648,45.097332],[-93.7298,45.097038],[-93.729805,45.096778],[-93.729774,45.096506],[-93.729606,45.095731],[-93.729473,45.095287],[-93.729264,45.09479],[-93.729101,45.094331],[-93.729096,45.094255],[-93.729051,45.094003],[-93.728962,45.093704],[-93.728884,45.093377],[-93.728841,45.092955],[-93.728815,45.092533],[-93.728755,45.092017],[-93.728703,45.091552],[-93.728703,45.091259],[-93.728746,45.090803],[-93.728815,45.090415],[-93.72892,45.090017],[-93.729078,45.089797],[-93.729198,45.089688],[-93.729401,45.089538],[-93.729719,45.089331],[-93.730064,45.089176],[-93.730727,45.088932],[-93.731482,45.088678],[-93.731987,45.088465],[-93.732439,45.088227],[-93.73294,45.087901],[-93.733067,45.087667],[-93.733173,45.087527],[-93.733232,45.087443],[-93.733379,45.087334],[-93.733567,45.087263],[-93.733712,45.087243],[-93.733859,45.087237],[-93.733929,45.087202],[-93.734023,45.087139],[-93.734164,45.087017],[-93.734784,45.086356],[-93.735389,45.085596],[-93.736746,45.084159],[-93.737226,45.083692],[-93.737502,45.083394],[-93.737658,45.083162],[-93.737748,45.082929],[-93.737834,45.082703],[-93.737914,45.082493],[-93.738019,45.082213],[-93.738183,45.081907],[-93.738315,45.081702],[-93.738621,45.081403],[-93.739247,45.080988],[-93.739707,45.080753],[-93.740864,45.080381],[-93.741438,45.080232],[-93.741839,45.080154],[-93.742236,45.080176],[-93.742745,45.08014],[-93.742991,45.080114],[-93.743248,45.080155],[-93.743714,45.080303],[-93.744024,45.080355],[-93.744748,45.080355],[-93.745488,45.080269],[-93.745764,45.080217],[-93.746162,45.080005],[-93.746848,45.079821],[-93.747485,45.079511],[-93.747904,45.079335],[-93.748312,45.079098],[-93.748605,45.079029],[-93.749448,45.079029],[-93.749711,45.079061],[-93.750245,45.079127],[-93.751643,45.079344],[-93.752255,45.079434],[-93.752475,45.079505],[-93.752576,45.079538],[-93.752802,45.079609],[-93.752913,45.079645],[-93.753245,45.079701],[-93.753684,45.079787],[-93.75398,45.079861],[-93.754235,45.079899],[-93.754509,45.079912],[-93.754724,45.079937],[-93.754838,45.079916],[-93.755079,45.079933],[-93.755294,45.079985],[-93.75563,45.080105],[-93.755983,45.08026],[-93.756371,45.080424],[-93.756583,45.080577],[-93.756823,45.080943],[-93.756939,45.081302],[-93.757077,45.081767],[-93.757249,45.082146],[-93.757404,45.082525],[-93.757628,45.082679],[-93.757955,45.082817],[-93.758661,45.082783],[-93.760021,45.082473],[-93.760553,45.082193],[-93.761283,45.081838],[-93.761499,45.081752],[-93.761619,45.08159],[-93.761876,45.081245],[-93.761782,45.081307],[-93.761766,45.081151],[-93.76172,45.080992],[-93.761598,45.08072],[-93.761499,45.080476],[-93.761359,45.080251],[-93.761129,45.079942],[-93.760871,45.079679],[-93.760529,45.079332],[-93.760215,45.079051],[-93.759629,45.078578],[-93.759423,45.078395],[-93.75909,45.078128],[-93.75872,45.077856],[-93.758626,45.077781],[-93.758527,45.07764],[-93.758499,45.077523],[-93.758551,45.077406],[-93.758701,45.077349],[-93.758963,45.077345],[-93.759413,45.077326],[-93.759765,45.077293],[-93.759882,45.077232],[-93.75998,45.077143],[-93.76007,45.077007],[-93.760074,45.076815],[-93.760023,45.076684],[-93.759952,45.076557],[-93.759863,45.076398],[-93.759807,45.076257],[-93.759784,45.076107],[-93.759807,45.076004],[-93.759891,45.075742],[-93.759999,45.075587],[-93.760238,45.075343],[-93.760623,45.075132],[-93.76111,45.07486],[-93.761255,45.074757],[-93.761405,45.074612],[-93.761518,45.074448],[-93.761574,45.07426],[-93.761579,45.07412],[-93.761579,45.073965],[-93.761499,45.073796],[-93.761368,45.073679],[-93.761129,45.073628],[-93.760946,45.073623],[-93.760754,45.073698],[-93.760566,45.073876],[-93.76043,45.074124],[-93.760384,45.074392],[-93.760346,45.074617],[-93.760262,45.074818],[-93.760191,45.074879],[-93.759793,45.075001],[-93.759329,45.074954],[-93.758982,45.074757],[-93.758705,45.074368],[-93.758532,45.073979],[-93.75841,45.073674],[-93.758373,45.073201],[-93.75848,45.07291],[-93.758687,45.072681],[-93.758809,45.072648],[-93.75901,45.07262],[-93.759249,45.072629],[-93.759427,45.072667],[-93.759713,45.072774],[-93.760159,45.072929],[-93.76059,45.072981],[-93.761115,45.072906],[-93.76171,45.072774],[-93.762207,45.072559],[-93.762575,45.072317],[-93.763494,45.071695],[-93.763567,45.071649],[-93.764335,45.071179],[-93.764508,45.071055],[-93.764582,45.070968],[-93.764618,45.070854],[-93.764641,45.070616],[-93.764577,45.070406],[-93.764449,45.070214],[-93.764216,45.070082],[-93.764056,45.070027],[-93.763832,45.069977],[-93.763635,45.069945],[-93.763265,45.069917],[-93.762785,45.069899],[-93.762319,45.069839],[-93.761998,45.06974],[-93.761418,45.069393],[-93.761279,45.069033],[-93.761176,45.068765],[-93.76152,45.068283],[-93.762213,45.067749],[-93.76349,45.067195],[-93.763525,45.06719],[-93.764578,45.067061],[-93.764823,45.066976],[-93.764987,45.066878],[-93.765324,45.066582],[-93.765545,45.066329],[-93.765634,45.066006],[-93.76569,45.065279],[-93.765737,45.064656],[-93.765746,45.064532],[-93.76575,45.064477],[-93.765753,45.064431],[-93.765762,45.064317],[-93.765765,45.064271],[-93.765774,45.063985],[-93.765711,45.063457],[-93.765631,45.063029],[-93.765519,45.062713],[-93.765334,45.062326],[-93.765162,45.062006],[-93.765025,45.061719],[-93.764923,45.061403],[-93.764908,45.061257],[-93.764889,45.061068],[-93.764904,45.060883],[-93.764987,45.060455],[-93.765021,45.060338],[-93.765113,45.060188],[-93.765254,45.059969],[-93.765449,45.059769],[-93.765526,45.059716],[-93.765619,45.059687],[-93.765915,45.059657],[-93.766129,45.059725],[-93.766285,45.059798],[-93.766716,45.060233],[-93.76672,45.06003],[-93.76681,45.057313],[-93.76681,45.057263],[-93.76682,45.057183],[-93.76681,45.05712],[-93.766814,45.053409],[-93.766815,45.050024],[-93.766828,45.047349],[-93.766829,45.04729],[-93.766834,45.046858],[-93.766839,45.045329],[-93.766838,45.04532],[-93.76684,45.044795],[-93.766843,45.04416],[-93.76685,45.042793],[-93.766848,45.039571],[-93.766848,45.039379],[-93.766848,45.037907],[-93.766848,45.037578],[-93.766853,45.035586],[-93.766847,45.035569],[-93.766851,45.034036],[-93.76685,45.033146],[-93.766852,45.031464],[-93.766861,45.030545],[-93.766858,45.030283],[-93.766856,45.030121],[-93.766864,45.029503],[-93.766863,45.029381],[-93.766864,45.029275],[-93.766864,45.029195],[-93.766863,45.028987],[-93.766866,45.028839],[-93.766864,45.028676],[-93.76686,45.028321],[-93.766868,45.028302],[-93.766868,45.028266],[-93.766869,45.028163],[-93.766869,45.028131],[-93.766874,45.02678],[-93.766895,45.02108],[-93.766935,45.016705],[-93.766935,45.01668],[-93.766935,45.016607],[-93.766936,45.016583],[-93.766936,45.016563],[-93.766936,45.016503],[-93.766937,45.016484],[-93.766949,45.006877],[-93.766961,44.992127],[-93.767235,44.984687],[-93.76723,44.982935],[-93.767285,44.982339],[-93.767289,44.982306],[-93.767357,44.980056],[-93.767359,44.979781],[-93.767363,44.978796],[-93.767365,44.978363],[-93.767368,44.977965],[-93.767429,44.977964],[-93.767614,44.977964],[-93.767676,44.977964],[-93.768114,44.977964],[-93.769428,44.977964],[-93.769866,44.977964],[-93.773544,44.977964],[-93.774834,44.977964],[-93.778131,44.977965],[-93.780043,44.977965],[-93.781431,44.977966],[-93.782824,44.977972],[-93.793531,44.978056],[-93.795331,44.97807],[-93.796839,44.978082],[-93.797698,44.978088],[-93.808359,44.978169],[-93.818533,44.978235],[-93.821352,44.978253],[-93.821645,44.978254],[-93.822524,44.97826],[-93.822818,44.978262],[-93.824535,44.978264],[-93.824571,44.978264],[-93.824625,44.978264],[-93.824679,44.978264],[-93.824715,44.978264],[-93.824807,44.978264],[-93.824898,44.978264],[-93.825338,44.978264],[-93.83832,44.978262],[-93.838646,44.978261],[-93.839023,44.978268],[-93.848745,44.978464],[-93.849209,44.978465],[-93.860066,44.977915],[-93.861078,44.977919],[-93.869044,44.977954],[-93.869427,44.977955],[-93.869701,44.977957],[-93.874837,44.978],[-93.875509,44.978004],[-93.87712,44.978019],[-93.878592,44.978031],[-93.878679,44.978031],[-93.878944,44.978034],[-93.879032,44.978035],[-93.879069,44.978035],[-93.879183,44.978036],[-93.879221,44.978037],[-93.879298,44.978037],[-93.879531,44.978039],[-93.879609,44.97804],[-93.879917,44.978043],[-93.880444,44.978048],[-93.882949,44.978072],[-93.883785,44.978081],[-93.884678,44.97809],[-93.887358,44.978117],[-93.888252,44.978127],[-93.8884,44.978127],[-93.889905,44.978144],[-93.891077,44.97815],[-93.894592,44.978169],[-93.895765,44.978176],[-93.899048,44.978194],[-93.899122,44.97819],[-93.899271,44.978195],[-93.90009,44.978194],[-93.911783,44.978204],[-93.929559,44.978261],[-93.930947,44.978264],[-93.931984,44.978264],[-93.935095,44.978264],[-93.936132,44.978264],[-93.937145,44.978264],[-93.940184,44.978264],[-93.941198,44.978264],[-93.941689,44.978264],[-93.951338,44.978264],[-93.965285,44.978264],[-93.968626,44.978264],[-93.971828,44.978264],[-93.977948,44.978263],[-93.978703,44.978284],[-93.981648,44.978363],[-93.98202,44.978367],[-94.000249,44.978491],[-94.007273,44.978622],[-94.012237,44.978714],[-94.013383,44.978713],[-94.016821,44.978713],[-94.017967,44.978712],[-94.032917,44.978709],[-94.037132,44.978705],[-94.04392,44.978681],[-94.053358,44.978648],[-94.053732,44.978654],[-94.05717,44.978676],[-94.057861,44.978663],[-94.061719,44.978677],[-94.062576,44.978654],[-94.063453,44.978684],[-94.067668,44.978694],[-94.073423,44.978708],[-94.075661,44.978713],[-94.076807,44.978715],[-94.081494,44.978727],[-94.08895,44.978745],[-94.089141,44.978745],[-94.089715,44.978746],[-94.089907,44.978747],[-94.090721,44.978749],[-94.093164,44.978755],[-94.093979,44.978757],[-94.097522,44.978767],[-94.101739,44.97878],[-94.104048,44.978787],[-94.113342,44.978822],[-94.114117,44.978825],[-94.114135,44.978825],[-94.115123,44.978834],[-94.117316,44.97882],[-94.122195,44.978822],[-94.124754,44.978826],[-94.127247,44.978813],[-94.127449,44.978812],[-94.127531,44.978811],[-94.12778,44.978811],[-94.127864,44.978811],[-94.128507,44.97881],[-94.130435,44.978808],[-94.131079,44.978808],[-94.13172,44.978807],[-94.133645,44.978806],[-94.134287,44.978806],[-94.137141,44.978802],[-94.138933,44.978782],[-94.139091,44.978793],[-94.139198,44.978801],[-94.147427,44.978953],[-94.147684,44.978951],[-94.147968,44.978948],[-94.153404,44.97891],[-94.159208,44.978865],[-94.164946,44.978784],[-94.165485,44.978777],[-94.165512,44.978777],[-94.168635,44.978757],[-94.170138,44.978748],[-94.171073,44.978768],[-94.171098,44.978757],[-94.171517,44.978777],[-94.175087,44.978827],[-94.175149,44.978829],[-94.176164,44.978804],[-94.178352,44.978832],[-94.179998,44.978868],[-94.183202,44.978894],[-94.187912,44.978934],[-94.187925,44.978934],[-94.188915,44.978942],[-94.192128,44.978959],[-94.193886,44.978999],[-94.195426,44.978996],[-94.21221,44.979161],[-94.213436,44.979173],[-94.214544,44.979186],[-94.216112,44.9792],[-94.216521,44.979202],[-94.216921,44.979208],[-94.219257,44.9792],[-94.222343,44.979244],[-94.225879,44.97925],[-94.231021,44.97929],[-94.232679,44.979303],[-94.235828,44.979342],[-94.236051,44.979346],[-94.240898,44.979387],[-94.246425,44.979378],[-94.246453,44.979388],[-94.246519,44.97939],[-94.246583,44.979402],[-94.246803,44.979403],[-94.250532,44.979428],[-94.256075,44.979467],[-94.256057,44.980509],[-94.256049,44.982179],[-94.256055,44.98357],[-94.256033,44.984888],[-94.256029,44.985516],[-94.256006,44.990334],[-94.25599,44.991388],[-94.256005,44.992475],[-94.255996,44.993448],[-94.255986,44.993974],[-94.25595,44.99628],[-94.255957,44.999219],[-94.255943,44.999969],[-94.255942,45.000018],[-94.25597,45.001986],[-94.255937,45.00214],[-94.255944,45.006711],[-94.255909,45.01488],[-94.255909,45.014908],[-94.255955,45.015098],[-94.255969,45.015342],[-94.255993,45.015489],[-94.256001,45.015578],[-94.25605,45.01567],[-94.256129,45.015739],[-94.256069,45.015805],[-94.256027,45.015931],[-94.256019,45.016824],[-94.256012,45.017307],[-94.256012,45.017331],[-94.255997,45.018319],[-94.255993,45.019586],[-94.256,45.019983],[-94.256003,45.020126],[-94.256005,45.020227],[-94.256019,45.020974],[-94.256026,45.022353],[-94.256038,45.022791],[-94.256052,45.02331],[-94.256053,45.023774],[-94.256062,45.026298],[-94.256077,45.028416],[-94.256079,45.028781],[-94.256081,45.029151],[-94.256105,45.030306],[-94.256076,45.030806],[-94.256077,45.031037],[-94.256078,45.031636],[-94.255887,45.034286],[-94.255889,45.034539],[-94.255948,45.035812],[-94.255941,45.03749],[-94.255939,45.037944],[-94.255939,45.038149],[-94.25594,45.03819],[-94.255941,45.039645],[-94.255921,45.039686],[-94.255882,45.039906],[-94.255875,45.039953],[-94.255874,45.040018],[-94.255878,45.0401],[-94.255892,45.040349],[-94.255894,45.040376],[-94.255894,45.040433],[-94.255894,45.040452],[-94.255894,45.040509],[-94.255895,45.040529],[-94.255898,45.041337],[-94.255903,45.042549],[-94.255908,45.043761],[-94.255912,45.044569],[-94.255915,45.045529],[-94.255922,45.046969],[-94.255928,45.048409],[-94.255932,45.049369],[-94.255934,45.050065],[-94.255939,45.051111],[-94.255943,45.052156],[-94.255946,45.052853],[-94.255952,45.054501],[-94.255963,45.056974],[-94.255973,45.059445],[-94.25598,45.061094],[-94.255983,45.061757],[-94.256001,45.066325],[-94.255996,45.067553],[-94.255977,45.072396],[-94.255959,45.077174],[-94.255949,45.080236],[-94.255947,45.080798],[-94.255952,45.082235],[-94.255957,45.08324],[-94.255961,45.084127],[-94.255964,45.084745],[-94.255966,45.08501],[-94.255887,45.09137],[-94.255867,45.094989],[-94.255785,45.109411],[-94.255824,45.11668],[-94.255817,45.116693],[-94.255743,45.117385],[-94.255785,45.117488],[-94.255826,45.117817],[-94.255825,45.118002],[-94.255806,45.124992],[-94.255806,45.127472],[-94.255824,45.128691],[-94.255868,45.129392],[-94.255724,45.133316],[-94.25572,45.13725],[-94.25572,45.137438],[-94.255848,45.149076],[-94.255772,45.149675],[-94.255776,45.150618],[-94.255773,45.151636],[-94.255777,45.152643],[-94.255777,45.152709],[-94.255792,45.159833],[-94.25575,45.160063],[-94.255653,45.160356],[-94.255687,45.161199],[-94.255698,45.161211],[-94.25573,45.161353],[-94.255853,45.161699],[-94.255906,45.161943],[-94.255907,45.162027],[-94.255908,45.162036],[-94.255912,45.162209],[-94.25585,45.162434],[-94.255732,45.162686],[-94.255678,45.1627],[-94.255682,45.166883],[-94.255682,45.166945],[-94.255682,45.167006],[-94.255682,45.167081],[-94.255682,45.167157],[-94.255716,45.181654],[-94.25574,45.189142],[-94.255774,45.197109],[-94.255811,45.199458],[-94.255813,45.199895],[-94.255801,45.199939],[-94.255829,45.202035],[-94.255809,45.202633],[-94.255818,45.202673],[-94.255813,45.203226],[-94.255778,45.205771],[-94.255805,45.206482],[-94.255973,45.210811],[-94.255981,45.211142],[-94.255972,45.2113],[-94.255957,45.211562],[-94.255958,45.211954],[-94.255951,45.212317],[-94.25595,45.212445],[-94.255948,45.212559],[-94.256022,45.214035],[-94.256088,45.215086],[-94.256109,45.215391],[-94.256132,45.216517],[-94.256177,45.218665],[-94.25623,45.220813],[-94.256266,45.222245],[-94.256274,45.222578],[-94.25631,45.224063],[-94.256445,45.22952],[-94.25649,45.231339],[-94.25651,45.231989],[-94.256552,45.233673],[-94.256683,45.239273]]]]},"properties":{"neighbourhood":"Wright","neighbourhood_group":null}},{"type":"Feature","geometry":{"type":"MultiPolygon","coordinates":[[[[-93.626736,44.718464],[-93.626695,44.71856],[-93.626653,44.718657],[-93.625236,44.721964],[-93.624899,44.722613],[-93.624472,44.723032],[-93.624435,44.723364],[-93.624655,44.723864],[-93.625104,44.724096],[-93.625236,44.724164],[-93.626152,44.724357],[-93.626647,44.724182],[-93.627142,44.724007],[-93.627906,44.723734],[-93.629163,44.723356],[-93.630882,44.72333],[-93.632133,44.723536],[-93.632581,44.723828],[-93.632715,44.72407],[-93.632825,44.724436],[-93.632806,44.725186],[-93.632678,44.725846],[-93.632404,44.726596],[-93.631854,44.72742],[-93.631219,44.728211],[-93.630348,44.729082],[-93.628944,44.730211],[-93.628456,44.731257],[-93.628628,44.731831],[-93.628782,44.732347],[-93.62891,44.732775],[-93.628936,44.732864],[-93.629264,44.73379],[-93.629273,44.733801],[-93.6305,44.735224],[-93.630571,44.735357],[-93.63137,44.736849],[-93.631329,44.737134],[-93.631452,44.737618],[-93.631543,44.738057],[-93.63136,44.738313],[-93.631049,44.738753],[-93.630335,44.739522],[-93.628151,44.741418],[-93.627922,44.74164],[-93.626939,44.742381],[-93.625236,44.743664],[-93.62475,44.744077],[-93.624554,44.744245],[-93.624031,44.744768],[-93.622536,44.746864],[-93.622433,44.747183],[-93.621536,44.749964],[-93.62168,44.752135],[-93.621889,44.752599],[-93.621941,44.752822],[-93.621881,44.753045],[-93.621734,44.753225],[-93.621519,44.753413],[-93.621245,44.753541],[-93.620975,44.753605],[-93.62071,44.753606],[-93.620429,44.753584],[-93.620148,44.75355],[-93.619895,44.75349],[-93.619402,44.753342],[-93.618953,44.753156],[-93.618621,44.752958],[-93.618363,44.752771],[-93.618154,44.752625],[-93.61762,44.752222],[-93.617547,44.752168],[-93.617105,44.751847],[-93.616672,44.75152],[-93.616338,44.751192],[-93.616086,44.75084],[-93.615961,44.75062],[-93.615853,44.75044],[-93.615687,44.75019],[-93.615542,44.749971],[-93.615085,44.749475],[-93.614626,44.749152],[-93.614322,44.748867],[-93.61379,44.748882],[-93.613257,44.749064],[-93.613121,44.74915],[-93.612737,44.749393],[-93.612354,44.749635],[-93.611835,44.749964],[-93.611382,44.750439],[-93.609835,44.752064],[-93.608863,44.753716],[-93.608835,44.753764],[-93.608848,44.753798],[-93.608621,44.754205],[-93.60864,44.754424],[-93.608749,44.754662],[-93.609189,44.755157],[-93.609499,44.75547],[-93.609535,44.755564],[-93.609768,44.755691],[-93.610507,44.756094],[-93.611245,44.756497],[-93.612835,44.757364],[-93.61479,44.757962],[-93.617098,44.758873],[-93.620078,44.759579],[-93.620726,44.759777],[-93.621576,44.760156],[-93.621968,44.760283],[-93.622169,44.760704],[-93.622261,44.761308],[-93.621745,44.762633],[-93.621741,44.762748],[-93.621736,44.762864],[-93.618727,44.764769],[-93.615731,44.76648],[-93.615718,44.766485],[-93.614799,44.766754],[-93.613867,44.767025],[-93.613735,44.767064],[-93.607276,44.767546],[-93.607035,44.767564],[-93.606893,44.767607],[-93.604115,44.76844],[-93.601337,44.769273],[-93.601035,44.769364],[-93.600836,44.769526],[-93.595635,44.773764],[-93.594228,44.77564],[-93.594135,44.775764],[-93.594169,44.775925],[-93.594235,44.776217],[-93.594252,44.776294],[-93.594335,44.776664],[-93.594411,44.776855],[-93.594487,44.777045],[-93.594909,44.777559],[-93.595494,44.778042],[-93.596556,44.778719],[-93.597984,44.779616],[-93.599046,44.780276],[-93.599614,44.780715],[-93.599815,44.781466],[-93.599823,44.782224],[-93.599814,44.782349],[-93.59944,44.782661],[-93.599144,44.782717],[-93.598599,44.782816],[-93.598055,44.782915],[-93.597473,44.783022],[-93.597161,44.783079],[-93.59689,44.783129],[-93.596533,44.783192],[-93.596177,44.783256],[-93.596135,44.783264],[-93.596081,44.783267],[-93.594826,44.783348],[-93.593571,44.783429],[-93.589935,44.783664],[-93.588235,44.783464],[-93.587773,44.783279],[-93.585235,44.782264],[-93.584499,44.782151],[-93.583566,44.782008],[-93.582634,44.781866],[-93.581975,44.782114],[-93.581854,44.782289],[-93.581794,44.782376],[-93.581734,44.782464],[-93.581722,44.782505],[-93.581415,44.786445],[-93.581315,44.789895],[-93.581251,44.790821],[-93.58077,44.792485],[-93.5805,44.793036],[-93.579784,44.793579],[-93.579285,44.793935],[-93.579213,44.794001],[-93.578664,44.794375],[-93.57781,44.794749],[-93.577234,44.794864],[-93.575338,44.795405],[-93.573734,44.795764],[-93.573342,44.795793],[-93.569781,44.796194],[-93.566934,44.796264],[-93.566479,44.79635],[-93.56608,44.796426],[-93.565226,44.796587],[-93.564282,44.796766],[-93.563338,44.796944],[-93.560769,44.797813],[-93.558777,44.798684],[-93.557038,44.79927],[-93.55583,44.799563],[-93.555317,44.799636],[-93.55475,44.799673],[-93.5542,44.7996],[-93.553779,44.799435],[-93.55312,44.799032],[-93.551533,44.797564],[-93.551382,44.79748],[-93.547989,44.795609],[-93.547696,44.795599],[-93.547317,44.795597],[-93.546479,44.795783],[-93.546149,44.795938],[-93.545536,44.796194],[-93.543936,44.796792],[-93.54357,44.796965],[-93.542735,44.797512],[-93.541901,44.79806],[-93.541133,44.798564],[-93.541133,44.798629],[-93.541133,44.798684],[-93.541134,44.798739],[-93.541135,44.798923],[-93.541137,44.799107],[-93.54114,44.799278],[-93.541231,44.804563],[-93.531108,44.804465],[-93.530734,44.804463],[-93.530591,44.80446],[-93.530346,44.804458],[-93.529999,44.804451],[-93.529673,44.804443],[-93.529349,44.804438],[-93.520432,44.804265],[-93.520412,44.803964],[-93.520357,44.803132],[-93.520352,44.803064],[-93.520332,44.802765],[-93.520334,44.802334],[-93.520326,44.801976],[-93.519003,44.802504],[-93.517325,44.803209],[-93.516496,44.803516],[-93.514828,44.804133],[-93.513149,44.804615],[-93.511198,44.804972],[-93.508785,44.804972],[-93.505176,44.804424],[-93.504397,44.804375],[-93.503763,44.804535],[-93.503093,44.804834],[-93.502364,44.806],[-93.501819,44.807116],[-93.501692,44.807784],[-93.501126,44.808833],[-93.500181,44.809567],[-93.499006,44.810008],[-93.4976,44.809924],[-93.496341,44.809169],[-93.495271,44.807994],[-93.49397,44.806252],[-93.493456,44.804966],[-93.493383,44.804868],[-93.4929,44.804426],[-93.491935,44.804342],[-93.490549,44.804519],[-93.489771,44.804836],[-93.488262,44.80556],[-93.486646,44.80642],[-93.485534,44.80707],[-93.484736,44.807448],[-93.483624,44.807679],[-93.482974,44.807385],[-93.482596,44.806798],[-93.482296,44.806227],[-93.48223,44.806165],[-93.481983,44.805786],[-93.481591,44.805182],[-93.481199,44.804579],[-93.480246,44.804259],[-93.479134,44.804217],[-93.477854,44.804217],[-93.475712,44.804342],[-93.474035,44.804909],[-93.46925,44.805706],[-93.465956,44.806273],[-93.463207,44.80663],[-93.461906,44.806525],[-93.460901,44.805977],[-93.460829,44.805965],[-93.460667,44.80582],[-93.457929,44.803365],[-93.457376,44.803293],[-93.455254,44.803188],[-93.453407,44.803335],[-93.450328,44.803478],[-93.448644,44.803776],[-93.445958,44.804552],[-93.4443,44.805392],[-93.443251,44.806315],[-93.442223,44.807784],[-93.441635,44.810029],[-93.4413,44.81133],[-93.440901,44.812128],[-93.440313,44.812631],[-93.439747,44.812676],[-93.439243,44.812946],[-93.438089,44.813009],[-93.437145,44.812799],[-93.435781,44.812002],[-93.4349,44.811477],[-93.43257,44.810659],[-93.429562,44.80962],[-93.42859,44.80935],[-93.427617,44.809081],[-93.423678,44.807988],[-93.41974,44.806896],[-93.419628,44.806865],[-93.419469,44.806897],[-93.418591,44.807062],[-93.417713,44.807227],[-93.415628,44.807674],[-93.414892,44.807694],[-93.413665,44.807449],[-93.411784,44.806876],[-93.410189,44.806304],[-93.407838,44.805445],[-93.405916,44.804688],[-93.405171,44.804182],[-93.405127,44.804165],[-93.405094,44.804137],[-93.404219,44.803625],[-93.403115,44.802787],[-93.402174,44.801928],[-93.401254,44.801049],[-93.400427,44.800136],[-93.399773,44.799576],[-93.399119,44.799015],[-93.399007,44.798919],[-93.39885,44.798784],[-93.398827,44.798765],[-93.398702,44.798644],[-93.397818,44.797782],[-93.397257,44.797427],[-93.396756,44.797143],[-93.396408,44.796959],[-93.395958,44.796898],[-93.394731,44.797225],[-93.393107,44.797711],[-93.391852,44.798095],[-93.39101,44.798432],[-93.390172,44.798554],[-93.389413,44.798582],[-93.388565,44.798602],[-93.387626,44.798465],[-93.386921,44.798371],[-93.386328,44.798084],[-93.385716,44.797802],[-93.385288,44.797472],[-93.384889,44.796999],[-93.384826,44.796965],[-93.384795,44.796873],[-93.384508,44.796035],[-93.384221,44.795197],[-93.38369,44.792809],[-93.382975,44.790764],[-93.381564,44.787125],[-93.380848,44.785693],[-93.380317,44.785387],[-93.379356,44.785305],[-93.378842,44.785341],[-93.37765,44.785484],[-93.376994,44.785648],[-93.376338,44.785812],[-93.375988,44.7859],[-93.375639,44.785987],[-93.371933,44.787227],[-93.370563,44.787615],[-93.368805,44.788167],[-93.36768,44.788454],[-93.366208,44.788903],[-93.365439,44.789046],[-93.364949,44.789133],[-93.364532,44.789108],[-93.364011,44.788986],[-93.363729,44.788937],[-93.363318,44.788873],[-93.363176,44.788819],[-93.362847,44.788594],[-93.362311,44.788216],[-93.359903,44.786582],[-93.359287,44.786249],[-93.358671,44.785915],[-93.358025,44.785566],[-93.357317,44.785512],[-93.356056,44.785591],[-93.3554,44.785597],[-93.354951,44.785674],[-93.354828,44.785788],[-93.35437,44.786348],[-93.353525,44.787613],[-93.353223,44.788021],[-93.352922,44.788425],[-93.352656,44.788886],[-93.352211,44.789428],[-93.351882,44.789895],[-93.351825,44.790066],[-93.351456,44.790539],[-93.3512,44.790754],[-93.350751,44.79103],[-93.350365,44.791211],[-93.349917,44.791339],[-93.349445,44.791404],[-93.348614,44.79141],[-93.34844,44.791408],[-93.347868,44.791367],[-93.347397,44.791245],[-93.346902,44.791043],[-93.346624,44.790822],[-93.346345,44.790498],[-93.345875,44.789935],[-93.345366,44.789452],[-93.34485,44.789045],[-93.344358,44.788757],[-93.343808,44.788465],[-93.342971,44.788116],[-93.342481,44.787878],[-93.341826,44.787503],[-93.341181,44.787216],[-93.340609,44.787021],[-93.340047,44.786827],[-93.339382,44.786623],[-93.338585,44.78649],[-93.337941,44.786419],[-93.337347,44.786347],[-93.336744,44.786387],[-93.336232,44.78651],[-93.335711,44.786674],[-93.335425,44.786796],[-93.335049,44.786987],[-93.332741,44.788728],[-93.332,44.789506],[-93.331519,44.789884],[-93.330892,44.790352],[-93.330569,44.790599],[-93.329614,44.791087],[-93.32963,44.790622],[-93.329636,44.790429],[-93.329641,44.790273],[-93.329643,44.78966],[-93.329646,44.788306],[-93.329649,44.786996],[-93.329654,44.784875],[-93.329665,44.779506],[-93.329665,44.779484],[-93.329666,44.778645],[-93.329667,44.778633],[-93.329667,44.778443],[-93.329667,44.778214],[-93.329782,44.778019],[-93.329786,44.777361],[-93.32978,44.776881],[-93.329785,44.776513],[-93.329782,44.775839],[-93.329638,44.775835],[-93.328734,44.775824],[-93.328711,44.775272],[-93.328721,44.767963],[-93.328721,44.767926],[-93.328725,44.765424],[-93.328729,44.76139],[-93.32873,44.761176],[-93.328731,44.760757],[-93.328726,44.758371],[-93.328724,44.757429],[-93.328721,44.755741],[-93.32872,44.754882],[-93.328718,44.753919],[-93.328716,44.753009],[-93.328716,44.752677],[-93.328715,44.752394],[-93.32871,44.750027],[-93.328691,44.748816],[-93.32867,44.747645],[-93.328669,44.747565],[-93.328651,44.74643],[-93.328634,44.745114],[-93.328623,44.744117],[-93.328622,44.744052],[-93.328594,44.741803],[-93.328595,44.741663],[-93.328594,44.741601],[-93.32857,44.739479],[-93.328569,44.739399],[-93.328567,44.739226],[-93.328563,44.738905],[-93.328557,44.738655],[-93.328542,44.737009],[-93.328541,44.736919],[-93.328527,44.735705],[-93.328516,44.73446],[-93.32851,44.734201],[-93.328478,44.732202],[-93.328487,44.732127],[-93.328476,44.730164],[-93.328473,44.729729],[-93.328471,44.729687],[-93.328467,44.729243],[-93.328464,44.729164],[-93.328458,44.72734],[-93.328457,44.72723],[-93.328443,44.724888],[-93.328443,44.724778],[-93.328429,44.722423],[-93.328428,44.722333],[-93.328415,44.720016],[-93.328414,44.719893],[-93.3284,44.717531],[-93.328005,44.717535],[-93.32658,44.717552],[-93.326105,44.717558],[-93.325746,44.717559],[-93.323984,44.717558],[-93.322701,44.717557],[-93.318581,44.717553],[-93.31834,44.717553],[-93.31834,44.717537],[-93.318156,44.717538],[-93.318158,44.717273],[-93.318176,44.715136],[-93.318178,44.714923],[-93.318195,44.710239],[-93.318196,44.710079],[-93.318197,44.709281],[-93.318197,44.707882],[-93.318206,44.705119],[-93.318206,44.705015],[-93.318208,44.70384],[-93.31821,44.703458],[-93.318211,44.702741],[-93.31822,44.698589],[-93.318221,44.698338],[-93.318228,44.694937],[-93.31823,44.69376],[-93.318231,44.693584],[-93.318232,44.692699],[-93.318235,44.69115],[-93.318239,44.688408],[-93.31837,44.687949],[-93.318401,44.687048],[-93.318403,44.687004],[-93.31839,44.685582],[-93.318352,44.681364],[-93.318352,44.681288],[-93.318365,44.673081],[-93.31842,44.674322],[-93.318424,44.673597],[-93.318427,44.673084],[-93.31846,44.667528],[-93.318457,44.667011],[-93.318458,44.666914],[-93.318484,44.66339],[-93.318503,44.660352],[-93.318503,44.655489],[-93.318504,44.654271],[-93.318556,44.652093],[-93.318574,44.648302],[-93.318578,44.647752],[-93.318594,44.64516],[-93.318595,44.645151],[-93.318641,44.640795],[-93.318646,44.640356],[-93.318673,44.637867],[-93.318675,44.637578],[-93.318687,44.636018],[-93.318731,44.63058],[-93.318707,44.63058],[-93.312865,44.630617],[-93.312447,44.630619],[-93.308958,44.630641],[-93.308768,44.630643],[-93.308606,44.630644],[-93.308486,44.630644],[-93.308095,44.630646],[-93.303541,44.630666],[-93.303074,44.630669],[-93.30132,44.630679],[-93.298583,44.630693],[-93.298253,44.630694],[-93.293275,44.630715],[-93.288327,44.630733],[-93.28829,44.630733],[-93.283248,44.630745],[-93.278169,44.630753],[-93.278057,44.623531],[-93.278056,44.623514],[-93.277942,44.616269],[-93.277945,44.609026],[-93.277945,44.608999],[-93.277945,44.608423],[-93.27795,44.606407],[-93.277956,44.603665],[-93.277963,44.600924],[-93.277964,44.600674],[-93.277964,44.600424],[-93.277971,44.600114],[-93.277977,44.599803],[-93.277988,44.599358],[-93.277998,44.598912],[-93.278069,44.594599],[-93.278069,44.594577],[-93.278069,44.5945],[-93.278113,44.590071],[-93.278129,44.588473],[-93.278141,44.587348],[-93.278141,44.587336],[-93.278153,44.586231],[-93.278153,44.586191],[-93.278191,44.582854],[-93.278289,44.57425],[-93.278294,44.573804],[-93.278297,44.573418],[-93.278303,44.57288],[-93.278304,44.572751],[-93.278402,44.562022],[-93.278433,44.558412],[-93.278524,44.551183],[-93.278473,44.543959],[-93.281521,44.543959],[-93.283264,44.543963],[-93.288135,44.543973],[-93.298582,44.543993],[-93.29869,44.543993],[-93.300568,44.543997],[-93.300903,44.543993],[-93.30181,44.54399],[-93.302032,44.543989],[-93.304244,44.543992],[-93.309143,44.544001],[-93.312927,44.543997],[-93.313423,44.543963],[-93.313698,44.543921],[-93.313866,44.543898],[-93.314007,44.543869],[-93.315025,44.543868],[-93.315618,44.543868],[-93.320156,44.543867],[-93.323922,44.543866],[-93.324154,44.543868],[-93.325202,44.543873],[-93.325233,44.543882],[-93.325439,44.543928],[-93.325798,44.543982],[-93.326027,44.544001],[-93.327356,44.544007],[-93.330116,44.54402],[-93.332504,44.54402],[-93.339581,44.54402],[-93.339598,44.54402],[-93.341031,44.54402],[-93.341515,44.54402],[-93.34243,44.54402],[-93.344444,44.544035],[-93.346321,44.544043],[-93.348417,44.544061],[-93.349815,44.544073],[-93.349837,44.544072],[-93.34993,44.544072],[-93.355736,44.544027],[-93.35614,44.544027],[-93.357704,44.544008],[-93.36129,44.543997],[-93.362808,44.543989],[-93.36482,44.543978],[-93.365009,44.543976],[-93.368089,44.54396],[-93.371826,44.54394],[-93.371933,44.543947],[-93.372017,44.54394],[-93.380156,44.543882],[-93.38018,44.543882],[-93.383064,44.543886],[-93.38333,44.543885],[-93.383817,44.543884],[-93.384338,44.543882],[-93.384817,44.543878],[-93.385719,44.543871],[-93.386482,44.543875],[-93.387802,44.543856],[-93.389114,44.543856],[-93.39247,44.543845],[-93.392485,44.543845],[-93.392767,44.543845],[-93.400353,44.543821],[-93.400469,44.54382],[-93.402512,44.543814],[-93.4027,44.543814],[-93.405099,44.54381],[-93.407204,44.543806],[-93.408569,44.54381],[-93.412521,44.543802],[-93.420593,44.543787],[-93.420617,44.543786],[-93.422661,44.543783],[-93.424828,44.543768],[-93.430122,44.543745],[-93.441643,44.543816],[-93.442301,44.543815],[-93.442476,44.543809],[-93.443287,44.543837],[-93.446655,44.543863],[-93.453758,44.543787],[-93.458275,44.543734],[-93.459338,44.543723],[-93.460066,44.543716],[-93.460159,44.543715],[-93.460744,44.543714],[-93.462509,44.543711],[-93.463303,44.543711],[-93.465313,44.543708],[-93.465364,44.543708],[-93.471542,44.543699],[-93.472832,44.543707],[-93.48113,44.543689],[-93.481621,44.543688],[-93.483711,44.543692],[-93.486214,44.543699],[-93.486436,44.543701],[-93.490261,44.54375],[-93.493744,44.543795],[-93.495651,44.543799],[-93.497345,44.543776],[-93.497669,44.543761],[-93.497841,44.543753],[-93.49855,44.543727],[-93.499367,44.543699],[-93.500236,44.543687],[-93.501152,44.543674],[-93.501336,44.543672],[-93.501737,44.543666],[-93.5018,44.543665],[-93.501854,44.543665],[-93.501968,44.543664],[-93.502074,44.543667],[-93.502231,44.54367],[-93.503037,44.543683],[-93.504139,44.543704],[-93.504984,44.543721],[-93.507374,44.543686],[-93.511917,44.54365],[-93.517448,44.543642],[-93.51876,44.543635],[-93.522069,44.543631],[-93.522169,44.543631],[-93.522528,44.54363],[-93.523218,44.543629],[-93.524327,44.54362],[-93.524735,44.543619],[-93.525759,44.543619],[-93.525962,44.543618],[-93.526371,44.543618],[-93.527282,44.543613],[-93.527379,44.543613],[-93.527507,44.543612],[-93.528688,44.543607],[-93.529448,44.543604],[-93.529937,44.543604],[-93.53092,44.543606],[-93.531355,44.543606],[-93.532053,44.543608],[-93.532545,44.543609],[-93.53316,44.543612],[-93.533298,44.543612],[-93.533584,44.543612],[-93.534021,44.543613],[-93.534513,44.543616],[-93.535306,44.543614],[-93.536283,44.543613],[-93.536618,44.543612],[-93.537623,44.543592],[-93.538626,44.543569],[-93.538996,44.543561],[-93.539132,44.543558],[-93.539358,44.543559],[-93.5403,44.543561],[-93.542814,44.543563],[-93.543107,44.543563],[-93.54444,44.543561],[-93.545308,44.543557],[-93.546771,44.54355],[-93.546971,44.54355],[-93.548191,44.543545],[-93.551042,44.543541],[-93.551161,44.543541],[-93.551677,44.543543],[-93.551779,44.543543],[-93.552009,44.543543],[-93.552114,44.543544],[-93.552625,44.543546],[-93.552707,44.543546],[-93.552954,44.543546],[-93.553037,44.543547],[-93.553351,44.543547],[-93.553744,44.543549],[-93.554279,44.54355],[-93.554293,44.543549],[-93.554608,44.543546],[-93.55482,44.543543],[-93.555198,44.54354],[-93.555459,44.543537],[-93.555496,44.543536],[-93.555673,44.543536],[-93.555952,44.543533],[-93.556312,44.543531],[-93.556789,44.543526],[-93.557068,44.543524],[-93.55711,44.543524],[-93.557239,44.543524],[-93.557282,44.543524],[-93.557492,44.543524],[-93.558125,44.543524],[-93.558336,44.543525],[-93.559021,44.543526],[-93.561472,44.543562],[-93.563042,44.543559],[-93.56325,44.543563],[-93.564026,44.543572],[-93.565019,44.543569],[-93.565514,44.543574],[-93.566925,44.543583],[-93.568399,44.543571],[-93.56859,44.543571],[-93.568754,44.543571],[-93.569162,44.543573],[-93.569354,44.543575],[-93.569861,44.543575],[-93.571354,44.543572],[-93.571761,44.543572],[-93.572984,44.543573],[-93.573392,44.543574],[-93.573826,44.543573],[-93.574499,44.543573],[-93.574975,44.543571],[-93.575128,44.54357],[-93.575563,44.54357],[-93.575896,44.543571],[-93.576895,44.543577],[-93.577228,44.54358],[-93.577461,44.543583],[-93.57859,44.5436],[-93.579234,44.54361],[-93.579606,44.543606],[-93.579886,44.543609],[-93.580706,44.543622],[-93.580727,44.543621],[-93.581013,44.543613],[-93.581376,44.54361],[-93.58191,44.543615],[-93.582252,44.543618],[-93.582706,44.54362],[-93.582819,44.54362],[-93.583429,44.543616],[-93.58361,44.543615],[-93.584114,44.543612],[-93.584833,44.543617],[-93.585632,44.543617],[-93.58615,44.543613],[-93.586254,44.543613],[-93.587197,44.543613],[-93.58767,44.543613],[-93.588111,44.543613],[-93.589021,44.543623],[-93.589707,44.543627],[-93.590224,44.543637],[-93.590912,44.543637],[-93.591232,44.543641],[-93.593266,44.543695],[-93.593548,44.543704],[-93.594831,44.543722],[-93.595294,44.543716],[-93.595613,44.543718],[-93.596747,44.543706],[-93.597204,44.543746],[-93.597711,44.543746],[-93.597924,44.543746],[-93.597954,44.543746],[-93.598088,44.543745],[-93.598164,44.543744],[-93.59846,44.543742],[-93.600031,44.54375],[-93.600451,44.54375],[-93.601394,44.54375],[-93.602304,44.543751],[-93.602813,44.543753],[-93.60315,44.543752],[-93.604409,44.543764],[-93.605102,44.54376],[-93.605328,44.543768],[-93.605502,44.543768],[-93.605815,44.543776],[-93.606216,44.543776],[-93.606676,44.543784],[-93.607865,44.543788],[-93.608508,44.543792],[-93.608889,44.543793],[-93.609717,44.543793],[-93.610677,44.543793],[-93.610923,44.543789],[-93.6114,44.543794],[-93.612695,44.543805],[-93.613338,44.543807],[-93.613743,44.54381],[-93.615819,44.543819],[-93.61825,44.543833],[-93.619321,44.543836],[-93.619603,44.543841],[-93.620774,44.543841],[-93.62241,44.543839],[-93.624554,44.543828],[-93.625183,44.54382],[-93.625544,44.54382],[-93.626711,44.543825],[-93.62914,44.543841],[-93.630749,44.543844],[-93.633044,44.543852],[-93.635075,44.543864],[-93.635981,44.543864],[-93.637158,44.543868],[-93.639096,44.543873],[-93.640189,44.543879],[-93.641069,44.543883],[-93.641444,44.543883],[-93.641731,44.54389],[-93.644362,44.5439],[-93.645762,44.543899],[-93.647037,44.543899],[-93.650359,44.543921],[-93.650855,44.543921],[-93.652765,44.543926],[-93.657119,44.543955],[-93.657393,44.543956],[-93.657952,44.543964],[-93.658955,44.543969],[-93.660289,44.543974],[-93.661121,44.543982],[-93.661894,44.543982],[-93.662521,44.54399],[-93.663496,44.54399],[-93.664267,44.544008],[-93.665304,44.543998],[-93.666092,44.543987],[-93.666441,44.543985],[-93.66697,44.543981],[-93.669122,44.543953],[-93.675644,44.543843],[-93.675935,44.543838],[-93.678556,44.543816],[-93.682682,44.54378],[-93.686237,44.543763],[-93.687378,44.543756],[-93.688711,44.543736],[-93.689243,44.54373],[-93.690619,44.543716],[-93.692575,44.54368],[-93.693324,44.54367],[-93.694833,44.543653],[-93.696691,44.543633],[-93.701992,44.543563],[-93.70312,44.543541],[-93.704842,44.543522],[-93.705682,44.543513],[-93.706274,44.543502],[-93.708176,44.543485],[-93.710241,44.543454],[-93.71168,44.543439],[-93.712864,44.543422],[-93.713643,44.543412],[-93.71537,44.543397],[-93.716419,44.543382],[-93.717605,44.543367],[-93.717693,44.543366],[-93.717755,44.543366],[-93.719937,44.54336],[-93.726224,44.543298],[-93.728379,44.543282],[-93.728739,44.543283],[-93.729344,44.543281],[-93.730159,44.543281],[-93.730322,44.543282],[-93.733882,44.543272],[-93.737163,44.543274],[-93.737878,44.543273],[-93.747295,44.543263],[-93.751914,44.543263],[-93.753382,44.543253],[-93.754126,44.543258],[-93.757487,44.543253],[-93.75841,44.54324],[-93.758916,44.543243],[-93.768289,44.543234],[-93.768961,44.543228],[-93.776054,44.543242],[-93.776194,44.543241],[-93.777879,44.543241],[-93.778386,44.543246],[-93.779571,44.543245],[-93.781345,44.543242],[-93.783467,44.54324],[-93.785389,44.54324],[-93.785886,44.543243],[-93.786326,44.543245],[-93.786767,44.543243],[-93.788316,44.543246],[-93.789013,44.543258],[-93.792299,44.54323],[-93.796426,44.543205],[-93.797247,44.543201],[-93.798432,44.543201],[-93.798531,44.543201],[-93.799626,44.543202],[-93.801571,44.543189],[-93.80366,44.543189],[-93.806305,44.543189],[-93.807437,44.543189],[-93.808521,44.543172],[-93.808836,44.54317],[-93.810968,44.543176],[-93.812455,44.543172],[-93.818801,44.543235],[-93.81924,44.54326],[-93.821293,44.543249],[-93.825347,44.543226],[-93.827219,44.543215],[-93.831364,44.543188],[-93.83451,44.543166],[-93.835612,44.54317],[-93.836278,44.543168],[-93.838416,44.543106],[-93.839198,44.543092],[-93.839494,44.543095],[-93.841531,44.543097],[-93.841552,44.543098],[-93.841975,44.543099],[-93.843447,44.543091],[-93.845262,44.543081],[-93.846247,44.543077],[-93.846466,44.54314],[-93.847187,44.54314],[-93.847378,44.54314],[-93.847904,44.54314],[-93.849268,44.54314],[-93.849368,44.54314],[-93.849681,44.54314],[-93.849729,44.54314],[-93.850102,44.54314],[-93.851602,44.54314],[-93.851769,44.54314],[-93.852378,44.54314],[-93.854151,44.543127],[-93.85714,44.543105],[-93.857565,44.543054],[-93.858319,44.543051],[-93.859792,44.543048],[-93.860765,44.543045],[-93.86144,44.54305],[-93.861638,44.543052],[-93.863436,44.543067],[-93.864411,44.543043],[-93.866052,44.54304],[-93.866387,44.54304],[-93.868036,44.543043],[-93.868505,44.543041],[-93.869912,44.543035],[-93.870382,44.543034],[-93.870612,44.543033],[-93.87229,44.543045],[-93.87296,44.54305],[-93.874043,44.543062],[-93.875009,44.543061],[-93.87647,44.543074],[-93.876697,44.543074],[-93.878015,44.543082],[-93.879088,44.543089],[-93.879702,44.543093],[-93.879924,44.54309],[-93.880836,44.543077],[-93.880926,44.543076],[-93.881721,44.543083],[-93.883367,44.543123],[-93.883575,44.543119],[-93.884488,44.543106],[-93.884818,44.543096],[-93.890327,44.543162],[-93.890728,44.543164],[-93.898078,44.543165],[-93.898213,44.543168],[-93.898338,44.543166],[-93.909826,44.543165],[-93.910087,44.543164],[-93.91035,44.543165],[-93.910406,44.543164],[-93.910797,44.544214],[-93.911402,44.545645],[-93.911308,44.546515],[-93.910241,44.548006],[-93.909905,44.548302],[-93.909227,44.548845],[-93.9078,44.550153],[-93.906738,44.551089],[-93.904678,44.551974],[-93.90371,44.552165],[-93.902862,44.552332],[-93.901611,44.552279],[-93.900375,44.552019],[-93.899944,44.551764],[-93.899643,44.551447],[-93.89862,44.550036],[-93.898559,44.549036],[-93.898559,44.548411],[-93.898927,44.547609],[-93.89921,44.546971],[-93.899398,44.546469],[-93.899488,44.546012],[-93.899488,44.545475],[-93.899255,44.545117],[-93.898951,44.544839],[-93.898618,44.544691],[-93.898037,44.544636],[-93.897553,44.54462],[-93.896666,44.544696],[-93.895556,44.545036],[-93.893639,44.545439],[-93.892599,44.545627],[-93.892125,44.545833],[-93.89165,44.546192],[-93.891324,44.54677],[-93.89125,44.547045],[-93.891174,44.547991],[-93.891098,44.548876],[-93.89125,44.550287],[-93.891678,44.552218],[-93.89241,44.55295],[-93.893509,44.553683],[-93.894745,44.554102],[-93.895614,44.554369],[-93.896133,44.554316],[-93.897598,44.554316],[-93.89949,44.554476],[-93.900146,44.554949],[-93.900299,44.555414],[-93.899856,44.557451],[-93.899124,44.559595],[-93.898544,44.560764],[-93.897873,44.562052],[-93.896408,44.563357],[-93.894729,44.564455],[-93.892822,44.56518],[-93.891357,44.565653],[-93.890915,44.566118],[-93.891067,44.566592],[-93.891723,44.567065],[-93.892227,44.567583],[-93.892883,44.568629],[-93.893463,44.568941],[-93.893982,44.569262],[-93.894638,44.569468],[-93.89566,44.569628],[-93.896469,44.569575],[-93.89772,44.569208],[-93.89917,44.569155],[-93.900421,44.569422],[-93.901214,44.570154],[-93.901367,44.570887],[-93.901077,44.571932],[-93.900482,44.572504],[-93.900227,44.572687],[-93.89887,44.573343],[-93.898135,44.573567],[-93.897392,44.57371],[-93.896693,44.573853],[-93.89629,44.573979],[-93.895657,44.574248],[-93.895126,44.574543],[-93.894678,44.575018],[-93.894516,44.575421],[-93.894463,44.576057],[-93.894399,44.576785],[-93.89431,44.577374],[-93.894292,44.577902],[-93.894328,44.578019],[-93.894597,44.578323],[-93.895065,44.578715],[-93.895645,44.58008],[-93.895246,44.580901],[-93.895155,44.581088],[-93.895064,44.581276],[-93.894989,44.581431],[-93.893661,44.58269],[-93.892792,44.583628],[-93.892563,44.584254],[-93.892715,44.584986],[-93.893814,44.585879],[-93.895658,44.586952],[-93.895703,44.58698],[-93.89576,44.586992],[-93.896055,44.587061],[-93.896349,44.58713],[-93.897018,44.58729],[-93.897244,44.587264],[-93.89769,44.58729],[-93.898124,44.587056],[-93.898175,44.587028],[-93.900349,44.585581],[-93.90091,44.5855],[-93.901889,44.585552],[-93.902731,44.586072],[-93.902901,44.586618],[-93.902829,44.587066],[-93.90248,44.587648],[-93.901916,44.588141],[-93.900948,44.588616],[-93.899552,44.588899],[-93.898583,44.588992],[-93.897347,44.58927],[-93.896442,44.589771],[-93.895694,44.590636],[-93.895233,44.591393],[-93.894738,44.592026],[-93.89343,44.592793],[-93.892471,44.593618],[-93.891976,44.594071],[-93.891756,44.594379],[-93.891623,44.594996],[-93.891609,44.595481],[-93.891462,44.59598],[-93.891153,44.596289],[-93.890713,44.596627],[-93.890154,44.596803],[-93.889665,44.596701],[-93.889113,44.596537],[-93.888381,44.59601],[-93.887496,44.595438],[-93.887405,44.595417],[-93.885894,44.595072],[-93.884658,44.595064],[-93.883407,44.595484],[-93.882385,44.596216],[-93.881866,44.597208],[-93.88179,44.597994],[-93.882156,44.599085],[-93.882309,44.600344],[-93.881866,44.600809],[-93.880768,44.600916],[-93.880035,44.600809],[-93.87886,44.600603],[-93.877182,44.600283],[-93.876602,44.600489],[-93.876236,44.601382],[-93.876236,44.602114],[-93.876587,44.603052],[-93.877243,44.603678],[-93.878128,44.604357],[-93.878265,44.604937],[-93.878265,44.605196],[-93.877899,44.605723],[-93.876739,44.606188],[-93.876083,44.606409],[-93.875244,44.606664],[-93.874679,44.60673],[-93.873871,44.606844],[-93.873382,44.606806],[-93.873044,44.606664],[-93.872635,44.606219],[-93.872604,44.605814],[-93.872589,44.605311],[-93.872665,44.604998],[-93.872681,44.604502],[-93.872528,44.604212],[-93.872314,44.603846],[-93.871994,44.60351],[-93.87175,44.60322],[-93.871612,44.603022],[-93.871444,44.602864],[-93.870697,44.602503],[-93.869983,44.602469],[-93.868922,44.602444],[-93.86793,44.602846],[-93.866348,44.603625],[-93.865026,44.604286],[-93.863703,44.60464],[-93.862381,44.604971],[-93.861319,44.605419],[-93.860516,44.606199],[-93.860398,44.606978],[-93.860516,44.608087],[-93.86002,44.609197],[-93.859146,44.609976],[-93.858484,44.61066],[-93.857741,44.611181],[-93.857264,44.611615],[-93.85691,44.612351],[-93.856702,44.612751],[-93.856478,44.613282],[-93.856445,44.613353],[-93.856411,44.613423],[-93.856238,44.613785],[-93.855522,44.614988],[-93.854585,44.616262],[-93.854056,44.61714],[-93.853889,44.617905],[-93.853885,44.618242],[-93.854351,44.618759],[-93.85443,44.618846],[-93.855174,44.619211],[-93.856309,44.619478],[-93.857507,44.61958],[-93.858105,44.619714],[-93.858359,44.619771],[-93.858582,44.619968],[-93.858709,44.62033],[-93.85845,44.620755],[-93.857679,44.621096],[-93.855404,44.621393],[-93.853137,44.621723],[-93.850492,44.622007],[-93.848509,44.621794],[-93.846809,44.620637],[-93.845652,44.61948],[-93.843928,44.6183],[-93.842984,44.617615],[-93.842581,44.617471],[-93.841497,44.618227],[-93.841375,44.618349],[-93.84125,44.618566],[-93.841326,44.61923],[-93.841338,44.619334],[-93.842468,44.620539],[-93.842644,44.620664],[-93.843769,44.621318],[-93.844344,44.621653],[-93.844689,44.621905],[-93.845367,44.622401],[-93.845716,44.622851],[-93.845842,44.623012],[-93.845967,44.623173],[-93.846084,44.623324],[-93.846096,44.623419],[-93.846149,44.623833],[-93.846203,44.624246],[-93.846213,44.624323],[-93.846222,44.624392],[-93.8461,44.624811],[-93.846044,44.624964],[-93.845489,44.625368],[-93.845062,44.625559],[-93.844444,44.625664],[-93.844123,44.625588],[-93.843582,44.62546],[-93.842834,44.625262],[-93.842444,44.624964],[-93.840911,44.624453],[-93.840499,44.624079],[-93.840056,44.623667],[-93.839553,44.622919],[-93.839207,44.62232],[-93.838577,44.620453],[-93.83844,44.620047],[-93.838225,44.61941],[-93.837986,44.619115],[-93.837654,44.618844],[-93.837287,44.618536],[-93.836537,44.61848],[-93.834424,44.619974],[-93.832031,44.62166],[-93.82985,44.62288],[-93.828181,44.623649],[-93.825977,44.624817],[-93.821278,44.62732],[-93.817996,44.62902],[-93.817382,44.629681],[-93.816721,44.630979],[-93.816072,44.632176],[-93.815517,44.632986],[-93.814667,44.633317],[-93.812684,44.633364],[-93.810346,44.633246],[-93.808457,44.633293],[-93.806238,44.633648],[-93.804034,44.634264],[-93.803121,44.634639],[-93.800807,44.634825],[-93.799662,44.634935],[-93.799012,44.634912],[-93.797643,44.634664],[-93.795671,44.634156],[-93.79462,44.633767],[-93.793546,44.633023],[-93.792944,44.632397],[-93.792679,44.63131],[-93.792518,44.63052],[-93.792437,44.63012],[-93.792431,44.630041],[-93.792429,44.63001],[-93.792374,44.629831],[-93.792117,44.628985],[-93.791775,44.628666],[-93.791326,44.628619],[-93.790875,44.628591],[-93.788878,44.629762],[-93.788716,44.629859],[-93.787926,44.630331],[-93.786439,44.630851],[-93.784857,44.631252],[-93.783747,44.631394],[-93.782732,44.631554],[-93.78143,44.632137],[-93.778729,44.633869],[-93.776531,44.636615],[-93.776006,44.637032],[-93.775188,44.637683],[-93.774757,44.637743],[-93.774151,44.637828],[-93.773372,44.637637],[-93.772945,44.637302],[-93.772381,44.636424],[-93.772106,44.634441],[-93.772469,44.633309],[-93.77322,44.631656],[-93.773345,44.631321],[-93.773444,44.631058],[-93.773524,44.630851],[-93.773493,44.630625],[-93.773284,44.630439],[-93.772976,44.630344],[-93.772457,44.63029],[-93.77108,44.630641],[-93.770758,44.630774],[-93.769616,44.631146],[-93.768692,44.631454],[-93.767915,44.631949],[-93.766879,44.632579],[-93.765735,44.63322],[-93.763663,44.634148],[-93.76378,44.634401],[-93.763794,44.634428],[-93.763912,44.634661],[-93.763962,44.634759],[-93.764322,44.63533],[-93.764462,44.635552],[-93.764716,44.635955],[-93.764762,44.636011],[-93.765761,44.63722],[-93.765817,44.637278],[-93.766202,44.637671],[-93.766332,44.637803],[-93.766666,44.638145],[-93.766724,44.638205],[-93.766794,44.638276],[-93.766872,44.638317],[-93.766929,44.638347],[-93.7671,44.638437],[-93.767159,44.638471],[-93.767537,44.638636],[-93.767773,44.63866],[-93.76804,44.638635],[-93.770489,44.638418],[-93.771823,44.638359],[-93.772354,44.638513],[-93.772508,44.638831],[-93.772555,44.639079],[-93.772345,44.639336],[-93.771362,44.639776],[-93.770241,44.640083],[-93.768942,44.640248],[-93.76804,44.640305],[-93.767064,44.64017],[-93.76661,44.640111],[-93.766452,44.640087],[-93.766295,44.640063],[-93.765804,44.639995],[-93.764967,44.639661],[-93.764111,44.639319],[-93.763569,44.639103],[-93.762333,44.63779],[-93.762235,44.637428],[-93.761995,44.63654],[-93.761889,44.63626],[-93.761574,44.635421],[-93.761469,44.635142],[-93.761459,44.635111],[-93.76143,44.63502],[-93.761421,44.63499],[-93.760143,44.635021],[-93.759604,44.634892],[-93.758327,44.634586],[-93.75674,44.634565],[-93.756529,44.634702],[-93.756502,44.634719],[-93.756084,44.634744],[-93.755736,44.634909],[-93.755672,44.63533],[-93.755617,44.635706],[-93.755617,44.63641],[-93.755562,44.636778],[-93.755547,44.636833],[-93.755367,44.637485],[-93.755687,44.637996],[-93.756001,44.638215],[-93.756542,44.638591],[-93.757839,44.63924],[-93.759014,44.639964],[-93.760006,44.641162],[-93.760203,44.642397],[-93.759956,44.643413],[-93.759572,44.643789],[-93.759233,44.644008],[-93.758492,44.644191],[-93.75786,44.644219],[-93.757147,44.64414],[-93.756364,44.643929],[-93.755306,44.643551],[-93.750564,44.644484],[-93.748678,44.644979],[-93.747993,44.645248],[-93.747667,44.645256],[-93.74734,44.645265],[-93.74719,44.645324],[-93.74704,44.645384],[-93.746699,44.645519],[-93.742976,44.645633],[-93.739962,44.645806],[-93.738597,44.645885],[-93.738246,44.645976],[-93.737742,44.646182],[-93.737116,44.64664],[-93.734654,44.648942],[-93.730219,44.653087],[-93.728984,44.656139],[-93.728822,44.656172],[-93.727935,44.656366],[-93.72669,44.655909],[-93.725556,44.65557],[-93.725498,44.655564],[-93.725471,44.655556],[-93.725462,44.655548],[-93.724915,44.655418],[-93.723656,44.655121],[-93.722662,44.654884],[-93.72264,44.654879],[-93.722332,44.654805],[-93.722068,44.654743],[-93.7216,44.654785],[-93.72114,44.654828],[-93.720989,44.654843],[-93.720805,44.654887],[-93.716996,44.656635],[-93.716255,44.656975],[-93.716148,44.657008],[-93.715468,44.657337],[-93.715402,44.657367],[-93.715383,44.65742],[-93.715083,44.657758],[-93.715083,44.658197],[-93.715283,44.65869],[-93.715779,44.659003],[-93.716284,44.659151],[-93.717719,44.659826],[-93.719239,44.660687],[-93.720649,44.661932],[-93.721271,44.662884],[-93.721271,44.66336],[-93.720914,44.663954],[-93.720081,44.66455],[-93.719131,44.665219],[-93.715112,44.666926],[-93.714625,44.667085],[-93.71293,44.667643],[-93.712612,44.667732],[-93.710862,44.668212],[-93.70907,44.668497],[-93.706731,44.668609],[-93.705333,44.668512],[-93.705129,44.668503],[-93.704614,44.668482],[-93.701593,44.668597],[-93.699565,44.669116],[-93.698274,44.669448],[-93.697077,44.670398],[-93.69539,44.672082],[-93.692814,44.67424],[-93.689997,44.67664],[-93.688792,44.677659],[-93.687542,44.679062],[-93.685839,44.681092],[-93.685282,44.681748],[-93.684273,44.68279],[-93.682359,44.684103],[-93.681172,44.684886],[-93.681079,44.684949],[-93.680935,44.685059],[-93.679897,44.685817],[-93.679777,44.685947],[-93.679683,44.686049],[-93.679358,44.686418],[-93.678941,44.686892],[-93.678357,44.687472],[-93.678082,44.688003],[-93.677606,44.690346],[-93.677637,44.691164],[-93.677473,44.691256],[-93.67731,44.691349],[-93.676857,44.691607],[-93.67585,44.692225],[-93.67495,44.692652],[-93.673378,44.692957],[-93.672005,44.693362],[-93.670601,44.69398],[-93.669442,44.69459],[-93.667962,44.695261],[-93.666741,44.695559],[-93.665535,44.695917],[-93.663857,44.696177],[-93.662163,44.696375],[-93.661337,44.696264],[-93.660775,44.6961],[-93.660144,44.695697],[-93.659905,44.695544],[-93.659173,44.694727],[-93.658257,44.693415],[-93.65786,44.692164],[-93.65734,44.690996],[-93.656551,44.690455],[-93.655836,44.689964],[-93.65522,44.690058],[-93.654039,44.690314],[-93.653953,44.690333],[-93.653373,44.690478],[-93.652839,44.690722],[-93.652122,44.691263],[-93.652044,44.691351],[-93.651542,44.69192],[-93.650657,44.694605],[-93.650199,44.695017],[-93.649131,44.695048],[-93.649094,44.69504],[-93.647972,44.694788],[-93.646949,44.694323],[-93.645259,44.693338],[-93.644989,44.693197],[-93.64472,44.693056],[-93.644334,44.69286],[-93.643948,44.692664],[-93.643079,44.692742],[-93.642465,44.692761],[-93.642268,44.692798],[-93.6411,44.692781],[-93.640093,44.693056],[-93.639434,44.693294],[-93.638427,44.694191],[-93.63753,44.695417],[-93.636808,44.696802],[-93.636358,44.697212],[-93.635937,44.697431],[-93.635022,44.697596],[-93.633813,44.697633],[-93.632751,44.697633],[-93.630995,44.697392],[-93.630591,44.697852],[-93.630097,44.698292],[-93.629987,44.698914],[-93.63017,44.699921],[-93.63028,44.700269],[-93.630218,44.700612],[-93.629621,44.701313],[-93.628119,44.701935],[-93.626914,44.7024],[-93.626745,44.702545],[-93.626577,44.70269],[-93.625227,44.703601],[-93.623369,44.705082],[-93.623129,44.705218],[-93.622068,44.705561],[-93.621008,44.705904],[-93.619177,44.706515],[-93.618931,44.706711],[-93.618142,44.707098],[-93.617995,44.707428],[-93.618068,44.707775],[-93.618709,44.708526],[-93.622641,44.711429],[-93.623526,44.712275],[-93.625235,44.714064],[-93.625531,44.714426],[-93.625906,44.714884],[-93.626118,44.715321],[-93.626141,44.715364],[-93.626288,44.715601],[-93.626518,44.716044],[-93.626686,44.716563],[-93.626777,44.717333],[-93.626769,44.71748],[-93.626736,44.718164],[-93.626736,44.718464]]]]},"properties":{"neighbourhood":"Scott","neighbourhood_group":null}},{"type":"Feature","geometry":{"type":"MultiPolygon","coordinates":[[[[-93.018648,45.38274],[-93.018662,45.385393],[-93.018707,45.385838],[-93.018756,45.386285],[-93.018775,45.386461],[-93.018799,45.387247],[-93.018809,45.387886],[-93.018813,45.388165],[-93.018857,45.39095],[-93.018868,45.391686],[-93.018892,45.392583],[-93.018946,45.39454],[-93.018979,45.395454],[-93.019023,45.396216],[-93.019026,45.396268],[-93.019061,45.39688],[-93.01907,45.397217],[-93.019107,45.398553],[-93.019118,45.398809],[-93.019128,45.399065],[-93.01913,45.399109],[-93.019167,45.400141],[-93.019186,45.400683],[-93.019207,45.401309],[-93.019238,45.402003],[-93.01928,45.403115],[-93.019284,45.403205],[-93.019291,45.403394],[-93.019339,45.404712],[-93.019362,45.405343],[-93.019376,45.405681],[-93.019413,45.406553],[-93.019429,45.407075],[-93.019438,45.407563],[-93.019494,45.40908],[-93.019563,45.411408],[-93.019566,45.411487],[-93.019575,45.411501],[-93.019565,45.411716],[-93.019566,45.411772],[-93.019702,45.418896],[-93.020104,45.426024],[-93.020229,45.428249],[-93.020355,45.430474],[-93.020412,45.431485],[-93.020463,45.432332],[-93.020515,45.43318],[-93.020529,45.43341],[-93.020543,45.433639],[-93.020581,45.434269],[-93.020619,45.434899],[-93.020993,45.440674],[-93.021013,45.44099],[-93.021017,45.442059],[-93.021022,45.443157],[-93.02102,45.44492],[-93.02102,45.444996],[-93.021025,45.445469],[-93.021059,45.448603],[-93.02109,45.450645],[-93.02111,45.451238],[-93.021141,45.452218],[-93.021145,45.452357],[-93.021177,45.45347],[-93.021196,45.45429],[-93.021207,45.454759],[-93.021237,45.455999],[-93.021251,45.456529],[-93.021278,45.457573],[-93.021294,45.458387],[-93.0213,45.458676],[-93.021301,45.458743],[-93.021302,45.458809],[-93.021312,45.459269],[-93.021318,45.459456],[-93.021367,45.460884],[-93.021385,45.461511],[-93.02139,45.461707],[-93.021418,45.462832],[-93.021442,45.463482],[-93.021474,45.464213],[-93.021507,45.464944],[-93.021519,45.465314],[-93.021531,45.465684],[-93.021537,45.46589],[-93.021569,45.46697],[-93.02157,45.466988],[-93.021572,45.467045],[-93.021573,45.467073],[-93.021592,45.467756],[-93.021605,45.468219],[-93.021611,45.468445],[-93.021626,45.468808],[-93.021641,45.469171],[-93.021667,45.469795],[-93.021685,45.47023],[-93.02169,45.470367],[-93.021692,45.470399],[-93.021693,45.470417],[-93.021693,45.470431],[-93.021693,45.470456],[-93.021693,45.470565],[-93.021693,45.470585],[-93.021693,45.470602],[-93.021693,45.471235],[-93.021694,45.471867],[-93.021694,45.47228],[-93.021693,45.472573],[-93.021685,45.474371],[-93.021684,45.474949],[-93.021684,45.475072],[-93.021686,45.475807],[-93.021687,45.476439],[-93.021699,45.477638],[-93.0217,45.477705],[-93.021681,45.479658],[-93.021681,45.479698],[-93.021682,45.4798],[-93.021684,45.480184],[-93.021689,45.480863],[-93.021691,45.481202],[-93.021693,45.48149],[-93.021681,45.482751],[-93.02168,45.482811],[-93.021675,45.483361],[-93.021671,45.483911],[-93.021665,45.484434],[-93.02166,45.484923],[-93.02166,45.484935],[-93.021705,45.486266],[-93.021774,45.487693],[-93.021789,45.488003],[-93.021799,45.488214],[-93.022123,45.494891],[-93.022153,45.495765],[-93.022157,45.495897],[-93.022192,45.496891],[-93.022226,45.497865],[-93.022259,45.498821],[-93.022262,45.498935],[-93.022265,45.499027],[-93.022275,45.499319],[-93.022318,45.49997],[-93.022361,45.501042],[-93.022317,45.505743],[-93.022316,45.505807],[-93.022323,45.505854],[-93.022327,45.505882],[-93.022353,45.506057],[-93.02238,45.506549],[-93.022388,45.508587],[-93.022285,45.510499],[-93.022223,45.511655],[-93.022222,45.512117],[-93.022222,45.512164],[-93.02222,45.513498],[-93.02222,45.51351],[-93.022218,45.515063],[-93.022218,45.51508],[-93.022217,45.516851],[-93.022213,45.519833],[-93.022213,45.519859],[-93.022213,45.519873],[-93.022212,45.519942],[-93.022212,45.520025],[-93.022212,45.520123],[-93.022212,45.520207],[-93.022212,45.520296],[-93.022212,45.520315],[-93.022215,45.520522],[-93.022217,45.520716],[-93.02222,45.52091],[-93.022225,45.521322],[-93.022228,45.521496],[-93.022229,45.521557],[-93.022229,45.521569],[-93.022229,45.521583],[-93.022231,45.521735],[-93.022237,45.523151],[-93.022234,45.523249],[-93.022237,45.524287],[-93.022238,45.524461],[-93.02224,45.525449],[-93.022241,45.525713],[-93.022242,45.525956],[-93.022233,45.526251],[-93.022244,45.526391],[-93.022199,45.526695],[-93.02214,45.527097],[-93.02198,45.528188],[-93.021927,45.528863],[-93.021892,45.529163],[-93.021788,45.530194],[-93.021816,45.53024],[-93.021926,45.530421],[-93.021931,45.530448],[-93.021986,45.530774],[-93.021995,45.530828],[-93.022002,45.530872],[-93.022012,45.53093],[-93.022033,45.531658],[-93.022038,45.531867],[-93.022051,45.533171],[-93.022052,45.533285],[-93.022055,45.533373],[-93.022055,45.533383],[-93.022084,45.534178],[-93.022092,45.534949],[-93.022053,45.535602],[-93.021827,45.538104],[-93.021781,45.538511],[-93.021765,45.538648],[-93.021762,45.538672],[-93.02176,45.538694],[-93.021731,45.538951],[-93.021728,45.538977],[-93.021678,45.539421],[-93.021639,45.539917],[-93.02163,45.540273],[-93.021626,45.540478],[-93.021631,45.540539],[-93.021639,45.540631],[-93.02164,45.540648],[-93.021672,45.541029],[-93.021725,45.541942],[-93.021721,45.542004],[-93.021706,45.542299],[-93.021667,45.542432],[-93.02166,45.542456],[-93.021567,45.542563],[-93.021974,45.550341],[-93.021968,45.554188],[-93.021967,45.555569],[-93.021965,45.557185],[-93.021965,45.557245],[-93.021965,45.557282],[-93.021965,45.557335],[-93.021965,45.557447],[-93.022153,45.557204],[-93.022173,45.557186],[-93.022276,45.557156],[-93.022334,45.557157],[-93.022825,45.557161],[-93.024867,45.557217],[-93.025018,45.557218],[-93.02508,45.557218],[-93.025145,45.557219],[-93.026244,45.557227],[-93.027561,45.557259],[-93.028756,45.557288],[-93.030654,45.557338],[-93.031465,45.557359],[-93.031684,45.557362],[-93.032289,45.557369],[-93.032421,45.557371],[-93.032951,45.557379],[-93.033069,45.557379],[-93.034672,45.557379],[-93.034689,45.557379],[-93.034855,45.557379],[-93.036506,45.55739],[-93.036604,45.557391],[-93.037651,45.557398],[-93.03935,45.557382],[-93.040019,45.55739],[-93.040565,45.557397],[-93.040734,45.557406],[-93.041349,45.557438],[-93.041644,45.55746],[-93.042176,45.5575],[-93.043325,45.557539],[-93.047709,45.557689],[-93.047906,45.557691],[-93.050742,45.557718],[-93.053763,45.557748],[-93.053781,45.557748],[-93.054053,45.557751],[-93.054072,45.557751],[-93.056264,45.557772],[-93.058456,45.557794],[-93.05849,45.557779],[-93.058577,45.557764],[-93.05864,45.557754],[-93.058655,45.557751],[-93.058723,45.557749],[-93.058768,45.557748],[-93.05907,45.557739],[-93.059089,45.557738],[-93.059301,45.557732],[-93.062517,45.557737],[-93.063216,45.557745],[-93.063234,45.557745],[-93.064076,45.557754],[-93.066954,45.55777],[-93.067956,45.557771],[-93.071573,45.557774],[-93.071962,45.557776],[-93.072264,45.557777],[-93.072944,45.557787],[-93.073247,45.557795],[-93.073269,45.557795],[-93.08298,45.557939],[-93.093502,45.557982],[-93.094008,45.557984],[-93.096555,45.557994],[-93.0968,45.557999],[-93.0976,45.558014],[-93.09783,45.558],[-93.097866,45.558],[-93.098072,45.557999],[-93.098294,45.557998],[-93.100469,45.557991],[-93.100493,45.557991],[-93.100529,45.557991],[-93.100752,45.55799],[-93.101285,45.557988],[-93.10349,45.557981],[-93.103895,45.557973],[-93.104019,45.557971],[-93.109182,45.557993],[-93.109252,45.557993],[-93.114658,45.558034],[-93.119843,45.558072],[-93.119888,45.558072],[-93.120021,45.558073],[-93.120122,45.558074],[-93.120248,45.558072],[-93.120497,45.558077],[-93.125223,45.558173],[-93.141976,45.55811],[-93.141972,45.565301],[-93.141972,45.565317],[-93.141971,45.565351],[-93.141971,45.565361],[-93.14197,45.565404],[-93.14197,45.56542],[-93.141968,45.565556],[-93.141963,45.565862],[-93.141958,45.566151],[-93.141849,45.572147],[-93.141742,45.578049],[-93.14174,45.578143],[-93.141736,45.578383],[-93.141741,45.578524],[-93.141753,45.578785],[-93.141759,45.578917],[-93.141759,45.578948],[-93.141758,45.579551],[-93.141758,45.579576],[-93.141758,45.579592],[-93.141758,45.579734],[-93.141758,45.579863],[-93.141742,45.580021],[-93.141694,45.580066],[-93.141609,45.580147],[-93.141546,45.580204],[-93.141589,45.580683],[-93.141592,45.580724],[-93.141634,45.581499],[-93.141677,45.582275],[-93.141728,45.58318],[-93.141734,45.583293],[-93.141742,45.583435],[-93.141746,45.583499],[-93.141749,45.583551],[-93.141815,45.584717],[-93.141818,45.584796],[-93.141818,45.584807],[-93.141822,45.584911],[-93.141954,45.588313],[-93.141955,45.588334],[-93.141962,45.588509],[-93.141958,45.601378],[-93.141958,45.601401],[-93.141957,45.6026],[-93.141957,45.603903],[-93.141956,45.605178],[-93.141956,45.606453],[-93.141956,45.606777],[-93.141956,45.6071],[-93.141956,45.607265],[-93.141956,45.607429],[-93.141956,45.609257],[-93.141955,45.611084],[-93.141954,45.613962],[-93.141982,45.614065],[-93.14199,45.614094],[-93.141999,45.614303],[-93.142007,45.615067],[-93.142012,45.615571],[-93.142015,45.615801],[-93.142011,45.616221],[-93.142005,45.616802],[-93.142003,45.616983],[-93.142001,45.617216],[-93.142001,45.617227],[-93.142001,45.617246],[-93.142001,45.617278],[-93.142,45.617301],[-93.142,45.617316],[-93.142,45.617332],[-93.14199,45.618017],[-93.141976,45.618962],[-93.141944,45.621378],[-93.14197,45.622192],[-93.14197,45.622251],[-93.14197,45.622264],[-93.141981,45.622662],[-93.141983,45.622745],[-93.141985,45.622831],[-93.141988,45.622945],[-93.142006,45.623587],[-93.141964,45.624092],[-93.141969,45.62411],[-93.141845,45.627196],[-93.141832,45.630316],[-93.141825,45.632657],[-93.141818,45.634774],[-93.141814,45.636144],[-93.141814,45.636183],[-93.141809,45.636926],[-93.141808,45.636998],[-93.141808,45.637039],[-93.141808,45.637052],[-93.141808,45.637077],[-93.141794,45.640787],[-93.141779,45.644245],[-93.141779,45.644279],[-93.141778,45.644649],[-93.141778,45.644772],[-93.141778,45.644868],[-93.141778,45.644964],[-93.141778,45.64522],[-93.141778,45.645557],[-93.141778,45.645718],[-93.141778,45.645894],[-93.141775,45.646635],[-93.141775,45.646653],[-93.141763,45.650244],[-93.141762,45.650406],[-93.141759,45.651462],[-93.141751,45.65359],[-93.141744,45.655367],[-93.141742,45.656651],[-93.141681,45.673159],[-93.141681,45.673194],[-93.141677,45.674988],[-93.141663,45.679538],[-93.141635,45.687348],[-93.141598,45.69811],[-93.141588,45.70104],[-93.141586,45.701597],[-93.141582,45.701777],[-93.141587,45.70203],[-93.141621,45.702501],[-93.141646,45.703155],[-93.141661,45.703766],[-93.141687,45.704348],[-93.14171,45.704875],[-93.141722,45.705864],[-93.141737,45.706368],[-93.141743,45.706445],[-93.141775,45.70682],[-93.141759,45.707714],[-93.14177,45.708433],[-93.141843,45.709188],[-93.141885,45.709616],[-93.141887,45.709766],[-93.141891,45.711762],[-93.141895,45.713538],[-93.141868,45.714958],[-93.141866,45.715089],[-93.141864,45.716255],[-93.141856,45.721697],[-93.141855,45.722409],[-93.141845,45.723422],[-93.141845,45.723435],[-93.141845,45.723472],[-93.141844,45.723571],[-93.141844,45.723583],[-93.141844,45.723605],[-93.141844,45.723626],[-93.141844,45.723643],[-93.141823,45.726033],[-93.141818,45.726048],[-93.141816,45.726836],[-93.141812,45.727633],[-93.141805,45.729155],[-93.141802,45.72956],[-93.1418,45.72985],[-93.1418,45.729864],[-93.1418,45.729904],[-93.141799,45.730029],[-93.141796,45.730421],[-93.141794,45.730652],[-93.141794,45.730658],[-93.140954,45.730661],[-93.135216,45.730718],[-93.12633,45.730789],[-93.12628,45.730787],[-93.12504,45.730738],[-93.124843,45.730738],[-93.104511,45.730815],[-93.100278,45.73084],[-93.100224,45.73084],[-93.083654,45.730926],[-93.083635,45.730926],[-93.083592,45.730926],[-93.081859,45.730935],[-93.081235,45.730938],[-93.078061,45.730954],[-93.074286,45.730974],[-93.070559,45.730993],[-93.069495,45.730999],[-93.06355,45.730748],[-93.063236,45.730735],[-93.062614,45.730736],[-93.058075,45.73074],[-93.054213,45.730738],[-93.051453,45.730736],[-93.042595,45.73069],[-93.035896,45.730704],[-93.035606,45.730704],[-93.035488,45.730704],[-93.021945,45.730732],[-93.020074,45.730716],[-93.019329,45.730709],[-93.003623,45.730575],[-93.001655,45.730558],[-93.000207,45.730554],[-92.995423,45.73054],[-92.992088,45.730508],[-92.991744,45.730506],[-92.990809,45.730502],[-92.982661,45.73046],[-92.981026,45.730452],[-92.976237,45.730417],[-92.971316,45.73038],[-92.9713,45.73038],[-92.965699,45.730339],[-92.9632,45.73032],[-92.9617,45.730309],[-92.960349,45.730299],[-92.939678,45.730238],[-92.932096,45.730195],[-92.928811,45.730177],[-92.92842,45.730175],[-92.926573,45.730165],[-92.926515,45.730165],[-92.924161,45.730152],[-92.922469,45.730101],[-92.919644,45.730121],[-92.91908,45.730125],[-92.919039,45.730124],[-92.910884,45.730079],[-92.908774,45.730067],[-92.9067,45.730057],[-92.898599,45.730017],[-92.898559,45.730016],[-92.898479,45.730016],[-92.894879,45.730025],[-92.882084,45.730056],[-92.878561,45.730064],[-92.875064,45.730063],[-92.86571,45.730061],[-92.865493,45.730061],[-92.86241,45.730046],[-92.854544,45.730036],[-92.853009,45.730151],[-92.852852,45.730123],[-92.852659,45.730091],[-92.851653,45.729991],[-92.849963,45.729938],[-92.849269,45.72985],[-92.848835,45.729863],[-92.842238,45.73002],[-92.84105,45.730025],[-92.841661,45.729664],[-92.84244,45.729389],[-92.843078,45.729164],[-92.843297,45.729133],[-92.843936,45.729043],[-92.844575,45.728952],[-92.845374,45.728839],[-92.845901,45.728907],[-92.846668,45.729006],[-92.847471,45.728954],[-92.84885,45.728752],[-92.849043,45.728632],[-92.84912,45.728584],[-92.849202,45.728533],[-92.849773,45.728177],[-92.850254,45.727707],[-92.850387,45.727577],[-92.850521,45.726894],[-92.850503,45.726682],[-92.850398,45.72547],[-92.85047,45.724896],[-92.850536,45.724377],[-92.850932,45.723832],[-92.851271,45.723659],[-92.85182,45.723378],[-92.853404,45.723153],[-92.855997,45.723013],[-92.85663,45.722807],[-92.857536,45.722739],[-92.860151,45.722632],[-92.862597,45.722242],[-92.863702,45.721821],[-92.865687,45.720624],[-92.867132,45.719457],[-92.867741,45.719004],[-92.867909,45.718879],[-92.868077,45.718755],[-92.86838,45.71853],[-92.869192,45.717569],[-92.869373,45.716693],[-92.869435,45.716388],[-92.869487,45.716132],[-92.869539,45.715875],[-92.869688,45.715143],[-92.869194,45.714094],[-92.86886,45.71316],[-92.868861,45.712361],[-92.868861,45.712233],[-92.868861,45.712106],[-92.868861,45.711994],[-92.868908,45.711885],[-92.869461,45.710606],[-92.869968,45.709273],[-92.869956,45.708219],[-92.869958,45.708149],[-92.870006,45.706716],[-92.87032,45.705173],[-92.870964,45.703881],[-92.871287,45.702515],[-92.871708,45.700611],[-92.871774,45.699775],[-92.871575,45.699146],[-92.870949,45.698709],[-92.870612,45.697999],[-92.870272,45.697652],[-92.870024,45.697273],[-92.870144,45.696758],[-92.870481,45.696326],[-92.870759,45.695989],[-92.871409,45.695261],[-92.871541,45.69504],[-92.871777,45.694645],[-92.872014,45.694253],[-92.872384,45.693717],[-92.872696,45.693263],[-92.87275,45.693177],[-92.873552,45.691949],[-92.874181,45.690947],[-92.874376,45.690539],[-92.874637,45.689992],[-92.875209,45.689233],[-92.875487,45.689015],[-92.875531,45.688652],[-92.87553,45.688266],[-92.875655,45.687935],[-92.875768,45.687331],[-92.87579,45.686912],[-92.875834,45.686542],[-92.875948,45.686252],[-92.876107,45.685865],[-92.87606,45.685366],[-92.876024,45.684899],[-92.876103,45.684496],[-92.876073,45.683947],[-92.876067,45.683844],[-92.876145,45.683304],[-92.87611,45.68299],[-92.876109,45.682603],[-92.876291,45.682176],[-92.876415,45.681741],[-92.876494,45.681346],[-92.876524,45.68127],[-92.876699,45.680831],[-92.876731,45.680251],[-92.876753,45.679598],[-92.87674,45.679059],[-92.876731,45.678949],[-92.876693,45.678503],[-92.876737,45.677795],[-92.876736,45.677621],[-92.876735,45.677126],[-92.87679,45.676586],[-92.876731,45.67595],[-92.87689,45.67529],[-92.877036,45.674621],[-92.877149,45.673848],[-92.877285,45.673429],[-92.877317,45.672921],[-92.877373,45.67231],[-92.877588,45.67169],[-92.877735,45.671142],[-92.877871,45.670546],[-92.87812,45.669845],[-92.87829,45.669361],[-92.878449,45.668845],[-92.87847,45.668298],[-92.878486,45.668174],[-92.878537,45.667774],[-92.878673,45.667218],[-92.878786,45.666646],[-92.878853,45.666083],[-92.878931,45.665607],[-92.879102,45.665212],[-92.879432,45.664672],[-92.879486,45.664599],[-92.87983,45.664132],[-92.880023,45.663753],[-92.880274,45.663398],[-92.880456,45.663003],[-92.880718,45.662737],[-92.880842,45.662374],[-92.881252,45.661762],[-92.881776,45.66102],[-92.881946,45.660504],[-92.882287,45.660028],[-92.882503,45.659472],[-92.882581,45.6589],[-92.882681,45.658321],[-92.882705,45.658183],[-92.882714,45.657523],[-92.883055,45.656838],[-92.883158,45.656603],[-92.883384,45.656088],[-92.883794,45.655476],[-92.883986,45.654871],[-92.88411,45.654146],[-92.884085,45.653575],[-92.884072,45.653284],[-92.884069,45.653201],[-92.884061,45.653019],[-92.884105,45.65231],[-92.884308,45.651504],[-92.884666,45.650772],[-92.884694,45.650715],[-92.884765,45.650458],[-92.884885,45.650022],[-92.884917,45.649925],[-92.885054,45.649506],[-92.885227,45.648974],[-92.88535,45.64804],[-92.885405,45.647218],[-92.885498,45.646825],[-92.88554,45.646646],[-92.885712,45.646013],[-92.885902,45.645542],[-92.88613,45.645263],[-92.886344,45.644998],[-92.886711,45.644542],[-92.887066,45.644149],[-92.887141,45.644067],[-92.887178,45.644026],[-92.887611,45.643711],[-92.887953,45.643436],[-92.888283,45.643049],[-92.888602,45.642743],[-92.888699,45.642674],[-92.888979,45.642476],[-92.889054,45.64229],[-92.889115,45.642138],[-92.889262,45.641711],[-92.889432,45.641203],[-92.88943,45.640655],[-92.889269,45.640338],[-92.889237,45.640277],[-92.889206,45.640215],[-92.889131,45.640068],[-92.888978,45.639945],[-92.888639,45.639674],[-92.887928,45.639007],[-92.887768,45.638554],[-92.887762,45.63854],[-92.887513,45.63784],[-92.887292,45.637542],[-92.88718,45.63739],[-92.887036,45.636986],[-92.886962,45.636778],[-92.886856,45.635724],[-92.8869,45.635145],[-92.88691,45.635015],[-92.886897,45.634169],[-92.886856,45.633723],[-92.886826,45.633404],[-92.886883,45.632925],[-92.886904,45.632745],[-92.886905,45.63227],[-92.887071,45.631569],[-92.887117,45.631333],[-92.887263,45.630602],[-92.887546,45.629837],[-92.887754,45.6295],[-92.887864,45.629321],[-92.888113,45.628378],[-92.888044,45.627597],[-92.888042,45.627573],[-92.888034,45.62518],[-92.888034,45.62496],[-92.887974,45.624786],[-92.886988,45.621924],[-92.886952,45.621681],[-92.886668,45.619761],[-92.885248,45.61703],[-92.883451,45.614435],[-92.882969,45.613739],[-92.882903,45.613212],[-92.882767,45.612121],[-92.88263,45.611029],[-92.882528,45.610217],[-92.882656,45.609831],[-92.882899,45.609097],[-92.884899,45.605002],[-92.885554,45.602097],[-92.885836,45.600846],[-92.885964,45.600388],[-92.886441,45.59868],[-92.886423,45.595492],[-92.88642,45.594882],[-92.885913,45.594114],[-92.884003,45.591221],[-92.883276,45.589832],[-92.883305,45.588754],[-92.88465,45.581991],[-92.884859,45.579798],[-92.884953,45.578819],[-92.884771,45.578314],[-92.884306,45.577027],[-92.88384,45.575739],[-92.883748,45.575484],[-92.883595,45.575372],[-92.882499,45.574564],[-92.881486,45.573707],[-92.881135,45.57341],[-92.880908,45.573288],[-92.879337,45.572443],[-92.877302,45.571726],[-92.875628,45.570766],[-92.875212,45.570527],[-92.874917,45.570253],[-92.874736,45.570085],[-92.874555,45.569916],[-92.873651,45.569077],[-92.872214,45.568014],[-92.871655,45.567801],[-92.871081,45.567582],[-92.868957,45.567258],[-92.868907,45.56725],[-92.86513,45.567477],[-92.863592,45.567282],[-92.86322,45.567239],[-92.862549,45.567161],[-92.862114,45.567111],[-92.862035,45.567102],[-92.86202,45.5671],[-92.861989,45.567097],[-92.861878,45.567084],[-92.861256,45.567012],[-92.858198,45.56683],[-92.853587,45.56658],[-92.852948,45.56659],[-92.849529,45.566643],[-92.846446,45.566516],[-92.845976,45.566449],[-92.845464,45.566376],[-92.843781,45.566136],[-92.841308,45.565406],[-92.834154,45.563097],[-92.833082,45.562883],[-92.823308,45.560935],[-92.821954,45.56093],[-92.821097,45.560926],[-92.819839,45.560921],[-92.819815,45.560921],[-92.819723,45.560921],[-92.819411,45.56092],[-92.819187,45.560919],[-92.819141,45.560919],[-92.819105,45.560919],[-92.819075,45.560919],[-92.819036,45.560918],[-92.818582,45.560916],[-92.817733,45.560913],[-92.816841,45.560946],[-92.81655,45.560957],[-92.812082,45.561123],[-92.80592,45.562085],[-92.804934,45.562239],[-92.804393,45.562333],[-92.803431,45.562501],[-92.801502,45.562855],[-92.799224,45.563722],[-92.794982,45.565337],[-92.790142,45.566916],[-92.787882,45.567175],[-92.787746,45.567191],[-92.786756,45.567484],[-92.78574,45.567889],[-92.784522,45.567987],[-92.781501,45.56823],[-92.778482,45.568473],[-92.778422,45.568478],[-92.775987,45.568479],[-92.773411,45.568236],[-92.772277,45.567775],[-92.770854,45.567197],[-92.770222,45.56694],[-92.766009,45.564407],[-92.765993,45.564397],[-92.764573,45.563593],[-92.762645,45.561734],[-92.760523,45.560282],[-92.759018,45.558855],[-92.756905,45.5575],[-92.75557,45.557],[-92.754627,45.556794],[-92.754433,45.556699],[-92.753413,45.556203],[-92.752395,45.555707],[-92.750211,45.554644],[-92.749567,45.554678],[-92.749484,45.554682],[-92.749282,45.554593],[-92.748153,45.554101],[-92.747104,45.553802],[-92.74559,45.553017],[-92.744395,45.552235],[-92.743146,45.55134],[-92.741792,45.550549],[-92.740573,45.549871],[-92.740006,45.549548],[-92.739945,45.549513],[-92.739883,45.549478],[-92.739139,45.549055],[-92.737845,45.548089],[-92.736485,45.547063],[-92.73581,45.546602],[-92.735269,45.546233],[-92.733804,45.545264],[-92.732528,45.54461],[-92.731382,45.544278],[-92.729988,45.543792],[-92.72885,45.543058],[-92.727362,45.542145],[-92.726706,45.541617],[-92.726081,45.541113],[-92.725296,45.53963],[-92.724761,45.538618],[-92.724591,45.537942],[-92.724649,45.536745],[-92.724973,45.53588],[-92.725122,45.535728],[-92.725683,45.535155],[-92.72643,45.534262],[-92.726617,45.533468],[-92.726421,45.53282],[-92.72637,45.532654],[-92.726125,45.531744],[-92.726229,45.531086],[-92.726256,45.530969],[-92.726603,45.529458],[-92.727095,45.528168],[-92.727142,45.52805],[-92.727383,45.527439],[-92.727624,45.52683],[-92.727671,45.526711],[-92.728022,45.525653],[-92.728027,45.525413],[-92.728056,45.523861],[-92.727971,45.522358],[-92.727939,45.521064],[-92.727886,45.52043],[-92.727878,45.520333],[-92.727874,45.520284],[-92.727845,45.519965],[-92.727797,45.519424],[-92.727749,45.518879],[-92.727743,45.518812],[-92.727455,45.517781],[-92.727218,45.517088],[-92.727122,45.516114],[-92.727118,45.516058],[-92.72707,45.515334],[-92.726676,45.514463],[-92.72654,45.514316],[-92.725558,45.513256],[-92.724336,45.512224],[-92.722633,45.511245],[-92.721774,45.510706],[-92.720425,45.509859],[-92.715813,45.506677],[-92.713881,45.505481],[-92.713371,45.505165],[-92.712862,45.50485],[-92.711889,45.503282],[-92.711364,45.502594],[-92.710778,45.501826],[-92.709516,45.500489],[-92.709161,45.499961],[-92.708632,45.499726],[-92.708103,45.499491],[-92.707784,45.499349],[-92.707455,45.498924],[-92.706355,45.497502],[-92.705803,45.496908],[-92.704801,45.495832],[-92.704473,45.495471],[-92.70357,45.494476],[-92.702626,45.49352],[-92.702223,45.493047],[-92.701543,45.492195],[-92.700898,45.49161],[-92.699768,45.489882],[-92.698613,45.487985],[-92.697559,45.486305],[-92.697174,45.485707],[-92.697163,45.48569],[-92.696524,45.484696],[-92.696421,45.484538],[-92.695211,45.482883],[-92.694671,45.482264],[-92.694175,45.481694],[-92.693146,45.479733],[-92.692137,45.477062],[-92.691618,45.476274],[-92.690961,45.475443],[-92.690335,45.474979],[-92.689753,45.474501],[-92.688837,45.473795],[-92.687895,45.473093],[-92.686792,45.472272],[-92.686007,45.471781],[-92.68553,45.471487],[-92.684567,45.471015],[-92.683593,45.470688],[-92.683123,45.470376],[-92.682916,45.470194],[-92.682595,45.46991],[-92.682502,45.469753],[-92.682214,45.469267],[-92.681844,45.468447],[-92.681474,45.467748],[-92.681299,45.467136],[-92.681089,45.466243],[-92.681097,45.465603],[-92.68067,45.464972],[-92.680233,45.464345],[-92.679659,45.463976],[-92.678963,45.463658],[-92.678765,45.463568],[-92.677537,45.46301],[-92.677218,45.462865],[-92.6767,45.462741],[-92.67589,45.462547],[-92.674527,45.462165],[-92.673606,45.461942],[-92.67328,45.461863],[-92.671567,45.461212],[-92.671033,45.461009],[-92.668617,45.460163],[-92.666648,45.459759],[-92.665675,45.459512],[-92.66566,45.459508],[-92.664973,45.459325],[-92.664286,45.459143],[-92.663237,45.458868],[-92.662302,45.458689],[-92.662187,45.458667],[-92.661623,45.458559],[-92.66113,45.458279],[-92.660348,45.45794],[-92.660327,45.457929],[-92.660312,45.457921],[-92.659687,45.457647],[-92.658622,45.457353],[-92.657297,45.456975],[-92.657111,45.456922],[-92.656046,45.456596],[-92.65601,45.45658],[-92.655877,45.456522],[-92.655743,45.456465],[-92.65458,45.455964],[-92.654029,45.455644],[-92.653548,45.455347],[-92.653351,45.455034],[-92.65328,45.454979],[-92.653098,45.454838],[-92.652916,45.454697],[-92.652697,45.454528],[-92.652517,45.453946],[-92.652506,45.453912],[-92.652501,45.453898],[-92.652497,45.453882],[-92.652267,45.453307],[-92.652002,45.452638],[-92.651941,45.452555],[-92.651427,45.45185],[-92.651361,45.451735],[-92.650827,45.450805],[-92.650351,45.449236],[-92.64967,45.447772],[-92.649094,45.446807],[-92.648333,45.445287],[-92.648199,45.445067],[-92.647994,45.444731],[-92.64779,45.444396],[-92.647781,45.444381],[-92.647773,45.444368],[-92.647735,45.444307],[-92.64768,45.444217],[-92.647629,45.444134],[-92.647297,45.443591],[-92.647239,45.443427],[-92.646946,45.442603],[-92.646653,45.441779],[-92.646602,45.441636],[-92.64656,45.441068],[-92.646505,45.440339],[-92.646591,45.439574],[-92.646626,45.43926],[-92.646768,45.43793],[-92.647466,45.435641],[-92.647535,45.435442],[-92.648289,45.433271],[-92.64869,45.431875],[-92.64875,45.431667],[-92.648796,45.431346],[-92.648905,45.430587],[-92.64908,45.429899],[-92.649152,45.429619],[-92.649012,45.429016],[-92.648723,45.428243],[-92.64864,45.427959],[-92.648502,45.427487],[-92.648624,45.42676],[-92.648652,45.426591],[-92.64868,45.426423],[-92.648719,45.426299],[-92.648759,45.426173],[-92.648922,45.425658],[-92.649085,45.425141],[-92.649233,45.424867],[-92.649628,45.423939],[-92.649646,45.42387],[-92.649853,45.423069],[-92.649927,45.422559],[-92.65003,45.421844],[-92.650053,45.421526],[-92.650074,45.421237],[-92.650095,45.420948],[-92.650148,45.420225],[-92.65019,45.419861],[-92.650269,45.419169],[-92.650046,45.418066],[-92.649906,45.41731],[-92.649467,45.416409],[-92.649266,45.416244],[-92.648802,45.415863],[-92.648194,45.415245],[-92.647343,45.414579],[-92.646943,45.414266],[-92.646735,45.413776],[-92.646698,45.413435],[-92.646687,45.413332],[-92.646676,45.413228],[-92.646695,45.413164],[-92.646714,45.413101],[-92.646867,45.412607],[-92.647044,45.41224],[-92.647116,45.412091],[-92.647674,45.411703],[-92.648459,45.411023],[-92.648445,45.41067],[-92.648433,45.410331],[-92.648338,45.409558],[-92.648299,45.408583],[-92.648177,45.407585],[-92.648157,45.407424],[-92.648172,45.407346],[-92.64823,45.407047],[-92.648284,45.406762],[-92.648287,45.406748],[-92.648335,45.406481],[-92.648536,45.405829],[-92.648677,45.405663],[-92.648806,45.405512],[-92.649332,45.404893],[-92.649619,45.404548],[-92.64964,45.404523],[-92.649669,45.404488],[-92.649688,45.404465],[-92.649762,45.404376],[-92.649777,45.404357],[-92.649811,45.404315],[-92.649843,45.404274],[-92.649872,45.404237],[-92.650183,45.403844],[-92.650568,45.403312],[-92.650553,45.402683],[-92.650505,45.402169],[-92.650474,45.401922],[-92.650471,45.401898],[-92.650462,45.401827],[-92.650461,45.401816],[-92.650429,45.401565],[-92.650421,45.401502],[-92.650415,45.401453],[-92.650396,45.401299],[-92.65033,45.400781],[-92.650318,45.400686],[-92.650316,45.400669],[-92.650267,45.400276],[-92.650284,45.39877],[-92.65042,45.398511],[-92.650705,45.398374],[-92.651241,45.398146],[-92.652094,45.397977],[-92.652484,45.3979],[-92.653512,45.397719],[-92.654402,45.397306],[-92.655554,45.396979],[-92.656694,45.396621],[-92.657504,45.396305],[-92.658338,45.396097],[-92.658486,45.39606],[-92.65866,45.395967],[-92.65867,45.395959],[-92.659215,45.395678],[-92.660023,45.395257],[-92.66057,45.395013],[-92.660704,45.394983],[-92.660837,45.394953],[-92.661343,45.394838],[-92.661754,45.394581],[-92.661868,45.394509],[-92.66197,45.394445],[-92.661985,45.394435],[-92.663297,45.393612],[-92.663917,45.393379],[-92.663944,45.393369],[-92.663964,45.393361],[-92.663991,45.393351],[-92.664104,45.393309],[-92.664887,45.39264],[-92.66567,45.392025],[-92.6657,45.392],[-92.665922,45.391814],[-92.667123,45.390815],[-92.668576,45.389837],[-92.669511,45.389105],[-92.66954,45.389074],[-92.669653,45.388967],[-92.669659,45.388947],[-92.669801,45.38879],[-92.669942,45.388633],[-92.669959,45.388628],[-92.670171,45.388376],[-92.67039,45.388134],[-92.670563,45.387944],[-92.670583,45.387916],[-92.67067,45.387793],[-92.670707,45.387741],[-92.670722,45.38772],[-92.670742,45.387692],[-92.671345,45.386839],[-92.671403,45.38676],[-92.671409,45.386747],[-92.671441,45.386703],[-92.671869,45.386093],[-92.671879,45.386079],[-92.671979,45.385936],[-92.672062,45.385816],[-92.672076,45.385799],[-92.672511,45.385262],[-92.672737,45.384984],[-92.672765,45.384942],[-92.672792,45.384901],[-92.672896,45.384694],[-92.672983,45.384603],[-92.67301,45.384575],[-92.67302,45.384561],[-92.673437,45.383942],[-92.673477,45.383882],[-92.673517,45.38382],[-92.673577,45.383734],[-92.674543,45.382869],[-92.674668,45.382741],[-92.674792,45.382613],[-92.674808,45.382596],[-92.675534,45.381823],[-92.676246,45.380893],[-92.676963,45.380145],[-92.677563,45.379068],[-92.677895,45.378108],[-92.677901,45.378091],[-92.678418,45.37719],[-92.678441,45.377129],[-92.678452,45.377102],[-92.678652,45.376678],[-92.678659,45.376663],[-92.67876,45.376199],[-92.678689,45.375679],[-92.678646,45.375579],[-92.678627,45.375529],[-92.678565,45.375367],[-92.678479,45.375226],[-92.678443,45.375167],[-92.678235,45.374964],[-92.678238,45.374921],[-92.678261,45.374604],[-92.678255,45.374463],[-92.678238,45.37408],[-92.678237,45.374061],[-92.678227,45.373816],[-92.678226,45.373677],[-92.678226,45.373667],[-92.678225,45.373608],[-92.678587,45.37327],[-92.678949,45.372932],[-92.679187,45.372711],[-92.679303,45.372647],[-92.680461,45.372005],[-92.680654,45.371898],[-92.680701,45.371872],[-92.680715,45.371864],[-92.68073,45.371856],[-92.680745,45.371848],[-92.680791,45.371822],[-92.680842,45.371794],[-92.680876,45.371775],[-92.680887,45.371768],[-92.6809,45.371762],[-92.680911,45.371757],[-92.68097,45.371729],[-92.682577,45.370974],[-92.684939,45.369914],[-92.685555,45.369651],[-92.686433,45.369292],[-92.686994,45.369059],[-92.687643,45.368789],[-92.688528,45.36843],[-92.689357,45.367742],[-92.689469,45.367649],[-92.689504,45.36762],[-92.689531,45.367598],[-92.689585,45.367553],[-92.689603,45.367538],[-92.689612,45.367531],[-92.68963,45.367515],[-92.689648,45.3675],[-92.690244,45.367006],[-92.690617,45.366697],[-92.690629,45.366687],[-92.690645,45.366674],[-92.690664,45.366658],[-92.691045,45.366342],[-92.691519,45.365942],[-92.692138,45.365421],[-92.693532,45.3648],[-92.693548,45.364793],[-92.693564,45.364786],[-92.693593,45.364773],[-92.69377,45.364694],[-92.695932,45.36377],[-92.695964,45.363756],[-92.695985,45.363747],[-92.696505,45.363525],[-92.697103,45.363093],[-92.697578,45.362753],[-92.697591,45.362744],[-92.697672,45.362686],[-92.698402,45.362163],[-92.698449,45.362126],[-92.698581,45.362023],[-92.698618,45.361994],[-92.698634,45.361982],[-92.700309,45.360674],[-92.700592,45.360449],[-92.700604,45.36044],[-92.700641,45.360411],[-92.700671,45.360387],[-92.700901,45.360203],[-92.701395,45.359731],[-92.702088,45.359075],[-92.702169,45.358998],[-92.70221,45.358959],[-92.702223,45.358947],[-92.702236,45.358935],[-92.702341,45.358836],[-92.702497,45.358686],[-92.702519,45.358665],[-92.702533,45.358652],[-92.702547,45.358638],[-92.702561,45.358624],[-92.702723,45.358469],[-92.702989,45.357889],[-92.703,45.357864],[-92.703104,45.357637],[-92.703192,45.357446],[-92.703423,45.356943],[-92.703467,45.356849],[-92.703707,45.356334],[-92.703789,45.355704],[-92.703909,45.354776],[-92.704007,45.354034],[-92.704054,45.353661],[-92.703519,45.35197],[-92.703309,45.351315],[-92.703292,45.351262],[-92.703286,45.351244],[-92.703279,45.351223],[-92.703262,45.351169],[-92.702658,45.349664],[-92.701603,45.347061],[-92.700919,45.345466],[-92.699986,45.34343],[-92.699774,45.342969],[-92.699523,45.342422],[-92.699465,45.342126],[-92.699448,45.342036],[-92.699246,45.34098],[-92.699231,45.340872],[-92.699215,45.340854],[-92.699087,45.340193],[-92.699011,45.339799],[-92.698959,45.339531],[-92.698923,45.339375],[-92.698928,45.339199],[-92.698939,45.338396],[-92.698946,45.337855],[-92.698964,45.33651],[-92.698967,45.336375],[-92.698996,45.336296],[-92.699956,45.333717],[-92.701962,45.331108],[-92.70342,45.328535],[-92.703645,45.328206],[-92.703726,45.328087],[-92.703808,45.327969],[-92.704794,45.326527],[-92.705841,45.325512],[-92.706085,45.325253],[-92.707235,45.324027],[-92.708568,45.322638],[-92.708675,45.322526],[-92.708862,45.322348],[-92.709359,45.321879],[-92.709856,45.321409],[-92.709961,45.321378],[-92.709952,45.321318],[-92.709968,45.321303],[-92.710074,45.321236],[-92.710179,45.321169],[-92.711235,45.3205],[-92.71202,45.320002],[-92.712288,45.319832],[-92.713708,45.319031],[-92.714779,45.318427],[-92.715209,45.318073],[-92.717125,45.316492],[-92.71802,45.315756],[-92.719133,45.314841],[-92.720299,45.313919],[-92.720397,45.313841],[-92.721093,45.313393],[-92.721451,45.313163],[-92.722504,45.312485],[-92.723325,45.311957],[-92.725042,45.31104],[-92.72559,45.310748],[-92.727738,45.309289],[-92.729333,45.307544],[-92.73078,45.306012],[-92.731602,45.305142],[-92.732595,45.304225],[-92.732963,45.303898],[-92.733133,45.303747],[-92.733141,45.303727],[-92.733171,45.3037],[-92.73475,45.302236],[-92.734765,45.302222],[-92.734857,45.302137],[-92.73496,45.302042],[-92.735472,45.301568],[-92.737122,45.30046],[-92.737196,45.300441],[-92.737284,45.300419],[-92.737316,45.300411],[-92.737331,45.300407],[-92.737348,45.300403],[-92.737365,45.300399],[-92.737499,45.300366],[-92.737593,45.300341],[-92.737607,45.300337],[-92.737984,45.300236],[-92.738079,45.300208],[-92.738092,45.300204],[-92.738125,45.300195],[-92.740019,45.29964],[-92.741934,45.298536],[-92.742273,45.29834],[-92.742443,45.298242],[-92.742484,45.298219],[-92.744208,45.296928],[-92.744229,45.296913],[-92.744238,45.296906],[-92.744274,45.296878],[-92.744748,45.296599],[-92.744761,45.296591],[-92.744779,45.296581],[-92.74507,45.296409],[-92.745549,45.296128],[-92.745684,45.296043],[-92.746724,45.296051],[-92.747223,45.296055],[-92.747721,45.29606],[-92.747795,45.29606],[-92.747927,45.29606],[-92.749695,45.296062],[-92.749903,45.296062],[-92.750106,45.296062],[-92.750292,45.296063],[-92.750474,45.296063],[-92.750727,45.296063],[-92.750981,45.296063],[-92.751007,45.296063],[-92.751105,45.296062],[-92.751119,45.296066],[-92.751141,45.296064],[-92.751222,45.296063],[-92.751357,45.296065],[-92.751492,45.296066],[-92.754442,45.296101],[-92.754491,45.296102],[-92.754563,45.296103],[-92.754596,45.296103],[-92.754623,45.296103],[-92.754759,45.296105],[-92.75482,45.296106],[-92.76855,45.296272],[-92.768582,45.296272],[-92.76894,45.296265],[-92.770793,45.296273],[-92.771435,45.296276],[-92.773321,45.296268],[-92.773969,45.296247],[-92.776141,45.296258],[-92.776715,45.296255],[-92.779549,45.296245],[-92.779629,45.296245],[-92.780221,45.296245],[-92.780737,45.296235],[-92.782459,45.296218],[-92.78248,45.296218],[-92.782822,45.296215],[-92.783269,45.296221],[-92.783307,45.296221],[-92.783597,45.296206],[-92.783684,45.296201],[-92.785608,45.296206],[-92.785885,45.296207],[-92.789499,45.296218],[-92.789561,45.296218],[-92.789598,45.296218],[-92.792211,45.296226],[-92.792708,45.296227],[-92.793146,45.296229],[-92.793179,45.296229],[-92.793204,45.296229],[-92.793521,45.296232],[-92.793838,45.296235],[-92.794201,45.296239],[-92.794537,45.296242],[-92.794717,45.296244],[-92.794869,45.296245],[-92.795507,45.29626],[-92.796442,45.296264],[-92.797403,45.296262],[-92.798122,45.296264],[-92.798289,45.296265],[-92.799992,45.296279],[-92.800532,45.296284],[-92.800999,45.296284],[-92.802074,45.296285],[-92.802443,45.296271],[-92.802705,45.296232],[-92.809401,45.296286],[-92.811047,45.2963],[-92.814877,45.296331],[-92.814896,45.296331],[-92.815218,45.296333],[-92.815434,45.296335],[-92.815895,45.296339],[-92.815934,45.29634],[-92.817315,45.296337],[-92.818621,45.296341],[-92.820232,45.296353],[-92.820808,45.296349],[-92.821481,45.296343],[-92.821648,45.296342],[-92.821796,45.296341],[-92.822185,45.296342],[-92.822597,45.296341],[-92.825473,45.296337],[-92.825492,45.296337],[-92.82679,45.296345],[-92.827081,45.296343],[-92.827491,45.296341],[-92.828607,45.296336],[-92.829157,45.296348],[-92.830733,45.296349],[-92.831388,45.296352],[-92.831441,45.296352],[-92.831471,45.296353],[-92.8315,45.296353],[-92.832253,45.296356],[-92.832732,45.296354],[-92.832768,45.296354],[-92.832797,45.296354],[-92.83282,45.296354],[-92.832839,45.296354],[-92.832855,45.296354],[-92.832888,45.296354],[-92.832928,45.296354],[-92.834642,45.296345],[-92.835799,45.296343],[-92.835856,45.296343],[-92.836945,45.296343],[-92.83778,45.296343],[-92.837838,45.296343],[-92.839051,45.296342],[-92.839415,45.29634],[-92.84304,45.29632],[-92.846159,45.296284],[-92.855008,45.296321],[-92.8551,45.296321],[-92.855149,45.296321],[-92.856408,45.296327],[-92.864448,45.296307],[-92.866807,45.296301],[-92.86703,45.296301],[-92.867496,45.296302],[-92.867863,45.296302],[-92.875829,45.296313],[-92.877504,45.296311],[-92.878503,45.296305],[-92.878593,45.296304],[-92.878653,45.296304],[-92.879937,45.296297],[-92.880773,45.296292],[-92.880997,45.29629],[-92.881079,45.296291],[-92.882008,45.296299],[-92.884198,45.296278],[-92.885371,45.296276],[-92.886169,45.296272],[-92.887096,45.296266],[-92.887112,45.296266],[-92.888897,45.296264],[-92.891,45.296241],[-92.892563,45.296213],[-92.893809,45.296215],[-92.894322,45.296207],[-92.894745,45.296215],[-92.895158,45.296235],[-92.895719,45.296262],[-92.896199,45.29626],[-92.896722,45.296258],[-92.896769,45.296258],[-92.896841,45.296257],[-92.900598,45.296243],[-92.900649,45.296241],[-92.901289,45.296219],[-92.901341,45.296219],[-92.901355,45.296219],[-92.901911,45.296229],[-92.903884,45.296265],[-92.905815,45.296244],[-92.906983,45.296245],[-92.907525,45.296246],[-92.907651,45.296246],[-92.907776,45.296246],[-92.91215,45.296252],[-92.912191,45.296252],[-92.92664,45.29627],[-92.926829,45.296272],[-92.927017,45.296274],[-92.927327,45.296281],[-92.928922,45.2963],[-92.93087,45.296323],[-92.933704,45.296359],[-92.935298,45.296379],[-92.935311,45.296379],[-92.935324,45.296379],[-92.935358,45.29638],[-92.935373,45.29638],[-92.935439,45.296381],[-92.936688,45.296396],[-92.937798,45.29641],[-92.937942,45.296412],[-92.938317,45.296416],[-92.938692,45.296421],[-92.940874,45.296448],[-92.940921,45.296449],[-92.941122,45.296451],[-92.943076,45.296476],[-92.950966,45.296574],[-92.95098,45.296574],[-92.95733,45.296634],[-92.958397,45.296644],[-92.960213,45.296661],[-92.96092,45.296668],[-92.963202,45.296668],[-92.965716,45.296668],[-92.965742,45.296668],[-92.96862,45.296668],[-92.970968,45.296669],[-92.971004,45.296675],[-92.972016,45.296672],[-92.973774,45.296676],[-92.973787,45.296676],[-92.973831,45.296676],[-92.973972,45.296677],[-92.974008,45.296679],[-92.974064,45.296679],[-92.974362,45.296682],[-92.974535,45.296683],[-92.979501,45.296729],[-92.97952,45.296729],[-92.979582,45.296729],[-92.979677,45.296729],[-92.980383,45.296736],[-92.981855,45.296756],[-92.982009,45.296758],[-92.982455,45.296762],[-92.982758,45.296765],[-92.982802,45.296765],[-92.982817,45.296765],[-92.982834,45.296765],[-92.983718,45.296768],[-92.983948,45.296791],[-92.984007,45.296809],[-92.984579,45.296807],[-92.986354,45.296823],[-92.986785,45.296819],[-92.986808,45.296819],[-92.986964,45.296817],[-92.987063,45.296816],[-92.987469,45.296813],[-92.987493,45.296813],[-92.990595,45.296826],[-92.991779,45.296831],[-92.99248,45.296835],[-92.992722,45.296832],[-92.993515,45.296824],[-92.993545,45.296824],[-92.994034,45.296819],[-92.994151,45.296818],[-92.995599,45.296805],[-92.997567,45.296803],[-92.997996,45.296803],[-92.998599,45.296803],[-92.998628,45.296803],[-92.99948,45.296808],[-92.9997,45.296811],[-93.000018,45.296814],[-93.001957,45.29683],[-93.002011,45.296833],[-93.00225,45.296845],[-93.002276,45.296845],[-93.002609,45.29686],[-93.002628,45.296861],[-93.002847,45.296871],[-93.002869,45.296871],[-93.003221,45.296868],[-93.003237,45.296868],[-93.003361,45.296867],[-93.003759,45.296866],[-93.00378,45.296866],[-93.004119,45.296867],[-93.005214,45.296869],[-93.00648,45.296887],[-93.006889,45.296893],[-93.007379,45.296889],[-93.007554,45.296888],[-93.009458,45.29688],[-93.013377,45.296907],[-93.014098,45.296903],[-93.014305,45.296902],[-93.014541,45.296905],[-93.014558,45.296905],[-93.014579,45.296906],[-93.015851,45.296924],[-93.016049,45.296914],[-93.016876,45.296918],[-93.019036,45.29693],[-93.019443,45.296931],[-93.019466,45.298462],[-93.019479,45.29957],[-93.019487,45.299596],[-93.019569,45.299839],[-93.019577,45.3001],[-93.019585,45.300392],[-93.019589,45.301004],[-93.01959,45.302055],[-93.01962,45.303181],[-93.019629,45.304072],[-93.019638,45.305038],[-93.019634,45.305323],[-93.019631,45.30552],[-93.019222,45.31123],[-93.019234,45.313673],[-93.019234,45.313738],[-93.019247,45.315638],[-93.019276,45.319596],[-93.019319,45.32559],[-93.019321,45.325748],[-93.019322,45.325868],[-93.019509,45.332796],[-93.019522,45.333268],[-93.01952,45.333461],[-93.019518,45.333622],[-93.019518,45.333661],[-93.019519,45.334021],[-93.01952,45.334068],[-93.019525,45.334468],[-93.01957,45.337997],[-93.019548,45.338938],[-93.019538,45.339328],[-93.019522,45.339978],[-93.019514,45.340757],[-93.019502,45.342129],[-93.019495,45.342852],[-93.019164,45.352552],[-93.018753,45.364456],[-93.018648,45.367719],[-93.018626,45.368409],[-93.018608,45.368951],[-93.018592,45.369464],[-93.018416,45.374967],[-93.018648,45.38274]]]]},"properties":{"neighbourhood":"Chisago","neighbourhood_group":null}},{"type":"Feature","geometry":{"type":"MultiPolygon","coordinates":[[[[-93.318156,44.717538],[-93.31834,44.717537],[-93.31834,44.717553],[-93.318581,44.717553],[-93.322701,44.717557],[-93.323984,44.717558],[-93.325746,44.717559],[-93.326105,44.717558],[-93.32658,44.717552],[-93.328005,44.717535],[-93.3284,44.717531],[-93.328414,44.719893],[-93.328415,44.720016],[-93.328428,44.722333],[-93.328429,44.722423],[-93.328443,44.724778],[-93.328443,44.724888],[-93.328457,44.72723],[-93.328458,44.72734],[-93.328464,44.729164],[-93.328467,44.729243],[-93.328471,44.729687],[-93.328473,44.729729],[-93.328476,44.730164],[-93.328487,44.732127],[-93.328478,44.732202],[-93.32851,44.734201],[-93.328516,44.73446],[-93.328527,44.735705],[-93.328541,44.736919],[-93.328542,44.737009],[-93.328557,44.738655],[-93.328563,44.738905],[-93.328567,44.739226],[-93.328569,44.739399],[-93.32857,44.739479],[-93.328594,44.741601],[-93.328595,44.741663],[-93.328594,44.741803],[-93.328622,44.744052],[-93.328623,44.744117],[-93.328634,44.745114],[-93.328651,44.74643],[-93.328669,44.747565],[-93.32867,44.747645],[-93.328691,44.748816],[-93.32871,44.750027],[-93.328715,44.752394],[-93.328716,44.752677],[-93.328716,44.753009],[-93.328718,44.753919],[-93.32872,44.754882],[-93.328721,44.755741],[-93.328724,44.757429],[-93.328726,44.758371],[-93.328731,44.760757],[-93.32873,44.761176],[-93.328729,44.76139],[-93.328725,44.765424],[-93.328721,44.767926],[-93.328721,44.767963],[-93.328711,44.775272],[-93.328734,44.775824],[-93.329638,44.775835],[-93.329782,44.775839],[-93.329785,44.776513],[-93.32978,44.776881],[-93.329786,44.777361],[-93.329782,44.778019],[-93.329667,44.778214],[-93.329667,44.778443],[-93.329667,44.778633],[-93.329666,44.778645],[-93.329665,44.779484],[-93.329665,44.779506],[-93.329654,44.784875],[-93.329649,44.786996],[-93.329646,44.788306],[-93.329643,44.78966],[-93.329641,44.790273],[-93.329636,44.790429],[-93.32963,44.790622],[-93.329614,44.791087],[-93.329588,44.7911],[-93.329494,44.791146],[-93.328193,44.79178],[-93.327769,44.791986],[-93.327376,44.792178],[-93.327346,44.792193],[-93.327311,44.79221],[-93.325728,44.792667],[-93.324313,44.792695],[-93.324141,44.792702],[-93.322699,44.79276],[-93.32168,44.792778],[-93.319406,44.792818],[-93.316965,44.792624],[-93.316566,44.792592],[-93.314121,44.792472],[-93.313757,44.792548],[-93.313013,44.792702],[-93.312988,44.792707],[-93.31294,44.792717],[-93.312341,44.792841],[-93.312121,44.792887],[-93.310486,44.793226],[-93.309264,44.79348],[-93.307128,44.793947],[-93.306629,44.794029],[-93.306302,44.794047],[-93.305855,44.794155],[-93.305215,44.794259],[-93.304734,44.794331],[-93.304417,44.794413],[-93.3041,44.794546],[-93.303773,44.79475],[-93.30319,44.795057],[-93.301052,44.796108],[-93.298177,44.797426],[-93.296998,44.7979],[-93.295773,44.79837],[-93.294104,44.799021],[-93.293195,44.799267],[-93.292443,44.799471],[-93.291691,44.799674],[-93.291664,44.799681],[-93.291646,44.799686],[-93.291609,44.799696],[-93.291528,44.799718],[-93.291391,44.799755],[-93.290357,44.800035],[-93.290005,44.80013],[-93.289827,44.800178],[-93.289776,44.800193],[-93.289382,44.800299],[-93.289367,44.800303],[-93.289354,44.800307],[-93.288756,44.800479],[-93.286386,44.801354],[-93.285838,44.801714],[-93.2853,44.802068],[-93.284403,44.803845],[-93.28424,44.804168],[-93.284117,44.804474],[-93.284005,44.804632],[-93.283964,44.804686],[-93.283879,44.80479],[-93.283835,44.80484],[-93.283694,44.804989],[-93.283594,44.805088],[-93.28349,44.805178],[-93.283436,44.805228],[-93.283325,44.805318],[-93.283268,44.805359],[-93.28321,44.805404],[-93.28315,44.805445],[-93.28309,44.80549],[-93.282966,44.805571],[-93.282902,44.805607],[-93.282838,44.805648],[-93.282707,44.80572],[-93.282639,44.805761],[-93.282572,44.805793],[-93.282503,44.805829],[-93.282433,44.80586],[-93.282363,44.805897],[-93.282219,44.80596],[-93.282146,44.805987],[-93.282073,44.806019],[-93.281772,44.806128],[-93.281738,44.806138],[-93.281461,44.806218],[-93.281382,44.806237],[-93.281302,44.806259],[-93.281142,44.806296],[-93.281061,44.806309],[-93.28098,44.806328],[-93.280816,44.806355],[-93.279678,44.806412],[-93.279273,44.806432],[-93.278869,44.806452],[-93.278515,44.806471],[-93.278105,44.80649],[-93.275663,44.806611],[-93.272459,44.806875],[-93.27224,44.806917],[-93.268435,44.807645],[-93.268143,44.807715],[-93.265288,44.808402],[-93.26523,44.808416],[-93.265178,44.808429],[-93.265091,44.80845],[-93.264962,44.808481],[-93.264928,44.808489],[-93.262605,44.809048],[-93.261713,44.809263],[-93.261356,44.809349],[-93.260188,44.809595],[-93.258237,44.810005],[-93.252686,44.811187],[-93.251872,44.811477],[-93.251196,44.812001],[-93.24987,44.813585],[-93.249318,44.814129],[-93.249025,44.814464],[-93.247279,44.815637],[-93.246849,44.815943],[-93.246031,44.816373],[-93.245214,44.816782],[-93.244294,44.817354],[-93.243183,44.817813],[-93.242146,44.818436],[-93.239971,44.819865],[-93.23935,44.8202],[-93.234919,44.824613],[-93.23397,44.82533],[-93.233213,44.825903],[-93.232577,44.826386],[-93.232065,44.826711],[-93.231951,44.826784],[-93.231793,44.826888],[-93.231679,44.826964],[-93.231577,44.827031],[-93.231562,44.827041],[-93.231394,44.827151],[-93.231196,44.82728],[-93.230893,44.827484],[-93.229794,44.827998],[-93.228718,44.8285],[-93.227673,44.828989],[-93.227643,44.829003],[-93.227606,44.82902],[-93.22755,44.829046],[-93.227461,44.829088],[-93.226516,44.829363],[-93.225167,44.829744],[-93.224599,44.829893],[-93.223796,44.83007],[-93.223378,44.830162],[-93.222187,44.830474],[-93.221968,44.830531],[-93.221745,44.830642],[-93.221108,44.830809],[-93.220525,44.831055],[-93.219063,44.83224],[-93.219951,44.833516],[-93.221254,44.835448],[-93.221704,44.836228],[-93.22185,44.836611],[-93.221889,44.836749],[-93.221915,44.836962],[-93.221886,44.837165],[-93.22186,44.837352],[-93.221861,44.837542],[-93.221829,44.8377],[-93.221813,44.837731],[-93.221251,44.838328],[-93.221108,44.838479],[-93.220604,44.838691],[-93.220576,44.838703],[-93.220247,44.838842],[-93.219682,44.8389],[-93.219002,44.838933],[-93.218131,44.838855],[-93.216487,44.838708],[-93.215311,44.838925],[-93.214978,44.838987],[-93.21483,44.839026],[-93.213509,44.839238],[-93.212418,44.839417],[-93.211437,44.839744],[-93.210913,44.840326],[-93.210411,44.840782],[-93.210306,44.840841],[-93.209065,44.841953],[-93.209016,44.842008],[-93.208252,44.842872],[-93.208108,44.843161],[-93.208047,44.843283],[-93.207913,44.843442],[-93.207756,44.843628],[-93.205797,44.847996],[-93.20564,44.848282],[-93.203406,44.852358],[-93.202902,44.853037],[-93.202808,44.853143],[-93.202787,44.853167],[-93.20278,44.853175],[-93.202758,44.8532],[-93.20272,44.853243],[-93.202518,44.853471],[-93.202344,44.853667],[-93.202134,44.853904],[-93.201663,44.854436],[-93.201192,44.854967],[-93.201122,44.855046],[-93.20091,44.855285],[-93.200726,44.855488],[-93.199557,44.856778],[-93.198646,44.857784],[-93.198555,44.857884],[-93.198388,44.858069],[-93.1983,44.858166],[-93.198251,44.858261],[-93.198181,44.858394],[-93.198111,44.858528],[-93.197696,44.859322],[-93.19728,44.860116],[-93.197413,44.860522],[-93.197419,44.860542],[-93.197429,44.860572],[-93.197545,44.860929],[-93.197628,44.861184],[-93.197711,44.861439],[-93.197762,44.861596],[-93.197814,44.861754],[-93.197874,44.861934],[-93.19794,44.862002],[-93.198036,44.8621],[-93.198045,44.86211],[-93.198527,44.862605],[-93.199215,44.863312],[-93.200393,44.864525],[-93.200413,44.864965],[-93.199969,44.865507],[-93.199848,44.865599],[-93.199346,44.86596],[-93.199089,44.866136],[-93.198827,44.866307],[-93.198561,44.866474],[-93.198291,44.866641],[-93.198017,44.866804],[-93.197739,44.866962],[-93.197457,44.86712],[-93.197172,44.867269],[-93.196882,44.867418],[-93.196293,44.867707],[-93.19569,44.867978],[-93.193718,44.869021],[-93.193352,44.869211],[-93.192996,44.869409],[-93.192822,44.869509],[-93.19265,44.869613],[-93.192314,44.869829],[-93.19215,44.869937],[-93.191989,44.87005],[-93.191675,44.870285],[-93.191372,44.870519],[-93.191223,44.87064],[-93.190479,44.87111],[-93.189886,44.871539],[-93.189579,44.871989],[-93.189231,44.872664],[-93.189137,44.873111],[-93.189008,44.873346],[-93.188945,44.873449],[-93.188829,44.873661],[-93.188774,44.873769],[-93.188722,44.873882],[-93.188627,44.874098],[-93.188555,44.874215],[-93.188516,44.874274],[-93.188475,44.874332],[-93.188434,44.874395],[-93.18839,44.874449],[-93.188252,44.874625],[-93.188152,44.874733],[-93.187993,44.874896],[-93.18788,44.875004],[-93.187702,44.875153],[-93.187577,44.875252],[-93.186897,44.875811],[-93.186549,44.876093],[-93.185798,44.876488],[-93.185428,44.876619],[-93.184743,44.876827],[-93.184691,44.876841],[-93.184053,44.877026],[-93.183358,44.877221],[-93.183207,44.877266],[-93.182762,44.877416],[-93.182617,44.87747],[-93.182472,44.877529],[-93.182329,44.877583],[-93.182188,44.877642],[-93.181772,44.877831],[-93.181752,44.877841],[-93.181209,44.878057],[-93.180379,44.878644],[-93.1802,44.87876],[-93.179477,44.879336],[-93.179271,44.8796],[-93.178918,44.879988],[-93.178771,44.880164],[-93.178708,44.880258],[-93.178618,44.880339],[-93.178623,44.880424],[-93.178595,44.880487],[-93.17855,44.880618],[-93.178518,44.880753],[-93.178507,44.880821],[-93.178499,44.880888],[-93.178495,44.880956],[-93.178494,44.881023],[-93.178496,44.881091],[-93.178501,44.881158],[-93.17851,44.881226],[-93.178522,44.881293],[-93.178533,44.881342],[-93.17856,44.881391],[-93.178629,44.881518],[-93.178734,44.881694],[-93.178762,44.881734],[-93.17879,44.881779],[-93.178833,44.881843],[-93.178907,44.88195],[-93.178947,44.882003],[-93.178971,44.882035],[-93.179032,44.882116],[-93.179166,44.882278],[-93.179235,44.882359],[-93.179307,44.88244],[-93.179381,44.882516],[-93.179456,44.882596],[-93.179613,44.88275],[-93.179695,44.882822],[-93.179778,44.882898],[-93.17995,44.883043],[-93.180038,44.883114],[-93.180128,44.883181],[-93.18022,44.883253],[-93.180313,44.88332],[-93.180408,44.883383],[-93.180506,44.883451],[-93.180705,44.883577],[-93.180872,44.883676],[-93.180997,44.883743],[-93.181213,44.883868],[-93.18132,44.883935],[-93.181528,44.88407],[-93.18163,44.884138],[-93.181732,44.88421],[-93.181829,44.884277],[-93.181924,44.884352],[-93.18202,44.884425],[-93.182113,44.884501],[-93.182381,44.88473],[-93.182547,44.88489],[-93.18263,44.884972],[-93.18271,44.885054],[-93.182784,44.885135],[-93.182935,44.885309],[-93.182969,44.88535],[-93.183048,44.885518],[-93.183053,44.885542],[-93.183164,44.886094],[-93.183018,44.886587],[-93.182632,44.887122],[-93.182474,44.887222],[-93.181771,44.887536],[-93.179577,44.888254],[-93.179505,44.888278],[-93.179435,44.888301],[-93.17937,44.888313],[-93.17913,44.88834],[-93.179038,44.888346],[-93.178945,44.888347],[-93.178852,44.888353],[-93.178572,44.888342],[-93.178539,44.88834],[-93.175689,44.887407],[-93.173053,44.887403],[-93.172102,44.887401],[-93.171853,44.887464],[-93.170883,44.88771],[-93.170323,44.887855],[-93.170305,44.887856],[-93.169585,44.888038],[-93.168919,44.888206],[-93.168177,44.888553],[-93.164347,44.890342],[-93.157452,44.891661],[-93.157026,44.891809],[-93.157001,44.891818],[-93.156813,44.891885],[-93.156572,44.891968],[-93.155131,44.892471],[-93.155044,44.892501],[-93.153901,44.8929],[-93.153592,44.89315],[-93.153174,44.893488],[-93.153151,44.893507],[-93.153033,44.893602],[-93.152801,44.893789],[-93.152239,44.894243],[-93.151818,44.894582],[-93.151611,44.89475],[-93.151136,44.895328],[-93.150498,44.896102],[-93.150485,44.896118],[-93.149922,44.896583],[-93.149059,44.897203],[-93.148027,44.897971],[-93.146384,44.899259],[-93.146331,44.899291],[-93.139207,44.903542],[-93.138709,44.903839],[-93.138672,44.903861],[-93.138609,44.903898],[-93.138523,44.90395],[-93.138498,44.903965],[-93.138208,44.904138],[-93.138009,44.904257],[-93.136514,44.905149],[-93.133667,44.908779],[-93.132577,44.912409],[-93.131225,44.916025],[-93.128946,44.919209],[-93.12887,44.919315],[-93.128681,44.919579],[-93.12863,44.91965],[-93.127203,44.919651],[-93.127048,44.919651],[-93.126223,44.919651],[-93.121214,44.919678],[-93.121163,44.919678],[-93.120435,44.919682],[-93.120405,44.919682],[-93.120375,44.919682],[-93.120264,44.919683],[-93.120093,44.919684],[-93.115918,44.919708],[-93.115836,44.919708],[-93.115749,44.919709],[-93.115734,44.919709],[-93.115562,44.91971],[-93.115447,44.919711],[-93.115335,44.919712],[-93.11448,44.919717],[-93.114456,44.919711],[-93.114056,44.919719],[-93.113713,44.919721],[-93.111533,44.919735],[-93.111283,44.919734],[-93.109881,44.919742],[-93.109447,44.919744],[-93.107028,44.919758],[-93.106936,44.919757],[-93.105836,44.91975],[-93.105777,44.91975],[-93.104609,44.919741],[-93.104567,44.919741],[-93.10322,44.919732],[-93.103171,44.919732],[-93.101813,44.919722],[-93.101774,44.919722],[-93.100588,44.919713],[-93.099379,44.919704],[-93.097629,44.919692],[-93.097574,44.919692],[-93.096509,44.919684],[-93.096379,44.919683],[-93.096353,44.919683],[-93.096099,44.919681],[-93.096057,44.919681],[-93.096025,44.919681],[-93.096025,44.919708],[-93.096027,44.919861],[-93.09603,44.920027],[-93.096032,44.92014],[-93.096039,44.920559],[-93.096041,44.920706],[-93.096048,44.921563],[-93.096049,44.921693],[-93.096052,44.921884],[-93.096053,44.921919],[-93.096064,44.922578],[-93.096066,44.922682],[-93.096068,44.922852],[-93.096068,44.922903],[-93.096071,44.923289],[-93.096023,44.923289],[-93.096008,44.923289],[-93.09543,44.923286],[-93.094321,44.923281],[-93.092223,44.923272],[-93.090936,44.923238],[-93.090935,44.923067],[-93.090935,44.923055],[-93.090934,44.922964],[-93.09093,44.922313],[-93.090929,44.922208],[-93.090926,44.921871],[-93.090924,44.921518],[-93.090924,44.921496],[-93.090924,44.921474],[-93.090923,44.921347],[-93.090918,44.921325],[-93.090922,44.921238],[-93.090918,44.920628],[-93.090917,44.920507],[-93.090917,44.920442],[-93.090911,44.919689],[-93.090911,44.91967],[-93.09054,44.919669],[-93.090034,44.919668],[-93.089477,44.919667],[-93.089463,44.919667],[-93.088017,44.919664],[-93.086549,44.91966],[-93.08583,44.919659],[-93.08568,44.919658],[-93.085073,44.919653],[-93.083726,44.919642],[-93.083606,44.919641],[-93.082152,44.919629],[-93.082139,44.919629],[-93.080675,44.919617],[-93.079972,44.919611],[-93.076933,44.919587],[-93.076466,44.919583],[-93.076422,44.919583],[-93.07552,44.919575],[-93.07482,44.919573],[-93.074674,44.919572],[-93.073013,44.919564],[-93.072896,44.919564],[-93.071589,44.919558],[-93.071019,44.919555],[-93.070955,44.919555],[-93.069109,44.919546],[-93.069089,44.919546],[-93.067832,44.91954],[-93.066885,44.919536],[-93.066527,44.919534],[-93.066247,44.919533],[-93.065389,44.919529],[-93.065277,44.919529],[-93.064882,44.919528],[-93.06472,44.919528],[-93.064647,44.919528],[-93.064581,44.919528],[-93.064508,44.919528],[-93.063252,44.919525],[-93.06321,44.919525],[-93.06136,44.919521],[-93.059667,44.919513],[-93.059648,44.919517],[-93.059329,44.919517],[-93.059019,44.919516],[-93.05898,44.919516],[-93.058897,44.919516],[-93.058319,44.919515],[-93.058292,44.919515],[-93.058123,44.919515],[-93.058096,44.919515],[-93.056685,44.919513],[-93.056623,44.919527],[-93.056599,44.919533],[-93.056579,44.919533],[-93.054909,44.91951],[-93.053672,44.919507],[-93.05364,44.919506],[-93.053627,44.919506],[-93.053574,44.919507],[-93.053443,44.919507],[-93.052836,44.919506],[-93.052775,44.919506],[-93.050889,44.919503],[-93.050253,44.919502],[-93.050059,44.919227],[-93.049952,44.919075],[-93.04991,44.919015],[-93.04904,44.917782],[-93.04874,44.917356],[-93.04518,44.912309],[-93.045167,44.911825],[-93.044806,44.911028],[-93.044802,44.911018],[-93.042126,44.905103],[-93.04057,44.903572],[-93.038756,44.901788],[-93.036818,44.899882],[-93.036803,44.899867],[-93.034734,44.897833],[-93.024608,44.894076],[-93.020045,44.890752],[-93.01998,44.890641],[-93.019878,44.890467],[-93.018255,44.887682],[-93.017599,44.886556],[-93.017586,44.886534],[-93.016942,44.885429],[-93.016467,44.884613],[-93.016318,44.884116],[-93.016238,44.883848],[-93.016158,44.88358],[-93.016075,44.883253],[-93.016045,44.883135],[-93.015993,44.882926],[-93.015981,44.882877],[-93.015972,44.882845],[-93.015967,44.882827],[-93.015666,44.881632],[-93.015637,44.881521],[-93.015331,44.880352],[-93.014836,44.878339],[-93.014333,44.876341],[-93.014173,44.875654],[-93.014012,44.874968],[-93.013326,44.872036],[-93.01264,44.869104],[-93.011995,44.867837],[-93.011532,44.86693],[-93.011349,44.866572],[-93.01133,44.866535],[-93.011323,44.866521],[-93.011295,44.86646],[-93.010686,44.865124],[-93.010077,44.863789],[-93.009141,44.861848],[-93.009028,44.861847],[-93.008845,44.861848],[-93.008676,44.860577],[-93.008613,44.860106],[-93.008551,44.859635],[-93.008489,44.859161],[-93.008429,44.858713],[-93.008435,44.858684],[-93.008622,44.853623],[-93.008642,44.853081],[-93.008681,44.852045],[-93.009474,44.847922],[-93.009489,44.84787],[-93.00974,44.847004],[-93.009991,44.846139],[-93.010033,44.845991],[-93.011216,44.841908],[-93.01173,44.83787],[-93.011876,44.836718],[-93.01106,44.833542],[-93.011057,44.833528],[-93.010445,44.831805],[-93.008479,44.826254],[-93.005995,44.819109],[-93.005952,44.818985],[-93.00571,44.818182],[-93.005058,44.816023],[-93.004712,44.814875],[-93.005104,44.813507],[-93.006857,44.812182],[-93.007111,44.81199],[-93.013703,44.804549],[-93.015474,44.802627],[-93.01721,44.800163],[-93.018383,44.798499],[-93.018488,44.798272],[-93.019103,44.796941],[-93.019717,44.79561],[-93.020009,44.794977],[-93.020353,44.794231],[-93.021046,44.791336],[-93.021388,44.78991],[-93.021396,44.789709],[-93.021405,44.789521],[-93.021425,44.789033],[-93.021453,44.788375],[-93.021475,44.787864],[-93.021501,44.787243],[-93.021522,44.786755],[-93.020931,44.785105],[-93.02083,44.784823],[-93.020771,44.78466],[-93.020713,44.784497],[-93.019719,44.781723],[-93.01787,44.778023],[-93.015962,44.775566],[-93.012933,44.773763],[-93.007323,44.77211],[-93.005979,44.771687],[-93.004153,44.771767],[-93.004082,44.77177],[-93.004065,44.77177],[-93.004048,44.771771],[-93.003973,44.771774],[-93.003793,44.771782],[-93.00073,44.771916],[-92.999739,44.77238],[-92.999259,44.772604],[-92.994772,44.774703],[-92.991551,44.775333],[-92.990004,44.775328],[-92.986072,44.775314],[-92.98463,44.77503],[-92.983194,44.774747],[-92.982847,44.774679],[-92.981318,44.774327],[-92.979323,44.773761],[-92.978012,44.773411],[-92.976774,44.772981],[-92.9748,44.772317],[-92.973952,44.772305],[-92.963849,44.770065],[-92.960657,44.770406],[-92.954079,44.771156],[-92.942671,44.774724],[-92.940551,44.775409],[-92.939734,44.775673],[-92.938954,44.776595],[-92.937474,44.778021],[-92.93499,44.77977],[-92.934026,44.780207],[-92.933741,44.780335],[-92.932041,44.781097],[-92.92863,44.781419],[-92.928324,44.78136],[-92.92536,44.780786],[-92.923324,44.779837],[-92.922895,44.779637],[-92.919967,44.777816],[-92.916675,44.776173],[-92.915741,44.775707],[-92.913317,44.774697],[-92.912592,44.774588],[-92.911981,44.774462],[-92.91075,44.774236],[-92.91013,44.774136],[-92.909508,44.774041],[-92.908884,44.773955],[-92.908258,44.773874],[-92.90763,44.773806],[-92.907,44.773742],[-92.906369,44.773688],[-92.905737,44.773638],[-92.905103,44.773601],[-92.903834,44.773546],[-92.903198,44.773527],[-92.902562,44.773522],[-92.901927,44.773522],[-92.901291,44.77353],[-92.900655,44.773543],[-92.90002,44.77357],[-92.899386,44.773601],[-92.898753,44.773641],[-92.89812,44.773685],[-92.897489,44.773743],[-92.896859,44.773805],[-92.896231,44.773877],[-92.895605,44.773953],[-92.894981,44.774038],[-92.893868,44.774212],[-92.892984,44.774333],[-92.892507,44.774391],[-92.892028,44.774445],[-92.891548,44.774489],[-92.890585,44.77456],[-92.890102,44.774587],[-92.889618,44.774607],[-92.889134,44.77462],[-92.88865,44.774628],[-92.888166,44.774632],[-92.887682,44.774632],[-92.887198,44.774622],[-92.886714,44.774609],[-92.886252,44.774587],[-92.886231,44.774586],[-92.885748,44.774558],[-92.885266,44.774526],[-92.884785,44.774485],[-92.884305,44.77444],[-92.883826,44.77439],[-92.883438,44.774317],[-92.883245,44.774276],[-92.88286,44.774186],[-92.882559,44.774107],[-92.882481,44.774087],[-92.882367,44.774054],[-92.882106,44.773978],[-92.881737,44.773861],[-92.881374,44.773734],[-92.881017,44.773599],[-92.880819,44.773517],[-92.880668,44.773455],[-92.880325,44.773301],[-92.87999,44.773139],[-92.879826,44.773058],[-92.879664,44.772972],[-92.879346,44.772792],[-92.87919,44.772701],[-92.878969,44.772564],[-92.878885,44.772512],[-92.87859,44.772314],[-92.878446,44.772214],[-92.878305,44.772111],[-92.878166,44.772007],[-92.877896,44.771791],[-92.877765,44.771683],[-92.877511,44.771457],[-92.877388,44.771345],[-92.877152,44.77111],[-92.877037,44.770993],[-92.876818,44.77075],[-92.876712,44.770628],[-92.873763,44.768428],[-92.872642,44.76745],[-92.869771,44.7643],[-92.869235,44.763712],[-92.868699,44.763124],[-92.867638,44.76196],[-92.866576,44.760795],[-92.866558,44.760775],[-92.866579,44.760762],[-92.866618,44.760284],[-92.866417,44.760397],[-92.86631,44.760428],[-92.865016,44.758945],[-92.863942,44.757742],[-92.863155,44.757746],[-92.862861,44.757484],[-92.860923,44.755765],[-92.859169,44.753593],[-92.858707,44.753021],[-92.85638,44.749397],[-92.855783,44.748467],[-92.8553,44.747715],[-92.853263,44.747226],[-92.852988,44.74717],[-92.85281,44.747133],[-92.852628,44.747095],[-92.852528,44.747072],[-92.850348,44.746611],[-92.849934,44.746524],[-92.849269,44.746558],[-92.847749,44.746636],[-92.847726,44.746637],[-92.846786,44.746685],[-92.846465,44.746701],[-92.846144,44.746717],[-92.843007,44.746873],[-92.839255,44.747061],[-92.838102,44.747068],[-92.837953,44.747057],[-92.837853,44.747065],[-92.837555,44.747111],[-92.837337,44.747156],[-92.83692,44.747177],[-92.836652,44.747282],[-92.836037,44.747368],[-92.834633,44.748069],[-92.832987,44.74871],[-92.83226,44.748969],[-92.829341,44.75001],[-92.829197,44.75006],[-92.829112,44.750091],[-92.828939,44.750145],[-92.828852,44.750167],[-92.828764,44.750194],[-92.828587,44.750239],[-92.828497,44.750257],[-92.828407,44.750279],[-92.828226,44.750315],[-92.828134,44.750328],[-92.828043,44.750346],[-92.827793,44.750382],[-92.827766,44.750386],[-92.827486,44.750413],[-92.827393,44.750417],[-92.827299,44.750426],[-92.827111,44.750435],[-92.827017,44.750435],[-92.826923,44.750439],[-92.826829,44.750439],[-92.826788,44.750437],[-92.826734,44.750434],[-92.826641,44.750434],[-92.826547,44.750429],[-92.826309,44.750411],[-92.825931,44.750368],[-92.825679,44.750333],[-92.825184,44.750243],[-92.824523,44.750085],[-92.822849,44.749685],[-92.81483,44.747775],[-92.812634,44.747252],[-92.812335,44.747236],[-92.812085,44.747223],[-92.811174,44.747174],[-92.810826,44.747156],[-92.810014,44.747113],[-92.809918,44.747108],[-92.809821,44.747102],[-92.808088,44.74701],[-92.806475,44.746654],[-92.806291,44.746614],[-92.804807,44.746287],[-92.80419,44.746151],[-92.803976,44.746104],[-92.803915,44.746091],[-92.803023,44.745895],[-92.80252,44.745784],[-92.802017,44.745673],[-92.801995,44.745668],[-92.801849,44.745573],[-92.792336,44.739362],[-92.781108,44.73543],[-92.776559,44.733764],[-92.776471,44.733732],[-92.776346,44.733687],[-92.773597,44.732681],[-92.771948,44.732077],[-92.769417,44.730712],[-92.76177,44.726267],[-92.755671,44.723243],[-92.754184,44.722806],[-92.753322,44.722553],[-92.751964,44.722155],[-92.750098,44.721805],[-92.749705,44.721731],[-92.739159,44.718039],[-92.73649,44.716413],[-92.732306,44.714467],[-92.732043,44.714345],[-92.732043,44.714094],[-92.732042,44.713847],[-92.732042,44.713592],[-92.732041,44.713081],[-92.732041,44.712319],[-92.732044,44.71153],[-92.732044,44.711098],[-92.732044,44.711006],[-92.732044,44.710913],[-92.732041,44.709449],[-92.73204,44.709071],[-92.732043,44.707051],[-92.732044,44.7068],[-92.732046,44.704047],[-92.732046,44.703898],[-92.732047,44.699345],[-92.732047,44.69919],[-92.732053,44.695947],[-92.732053,44.695833],[-92.732053,44.695719],[-92.732054,44.69443],[-92.732136,44.691448],[-92.732156,44.690486],[-92.732171,44.689937],[-92.7322,44.688851],[-92.732218,44.688171],[-92.732224,44.687935],[-92.732249,44.687089],[-92.732257,44.68693],[-92.732257,44.686897],[-92.732281,44.685574],[-92.732283,44.685458],[-92.732287,44.685341],[-92.732295,44.684986],[-92.732299,44.684849],[-92.7323,44.684819],[-92.732304,44.684621],[-92.732316,44.68407],[-92.732324,44.683792],[-92.732325,44.683743],[-92.732338,44.68324],[-92.73234,44.683181],[-92.732351,44.682738],[-92.732349,44.682618],[-92.732353,44.682529],[-92.732417,44.679754],[-92.732508,44.672625],[-92.732524,44.671433],[-92.732502,44.670819],[-92.732497,44.670689],[-92.732443,44.669168],[-92.732438,44.669033],[-92.732424,44.668652],[-92.732414,44.668358],[-92.73231,44.665454],[-92.73227,44.664797],[-92.732238,44.66423],[-92.732206,44.663638],[-92.732103,44.662012],[-92.731998,44.660139],[-92.73189,44.658212],[-92.731893,44.658137],[-92.73193,44.657084],[-92.731977,44.655749],[-92.731989,44.655423],[-92.731992,44.655332],[-92.732192,44.649204],[-92.732214,44.648563],[-92.732285,44.646483],[-92.732286,44.646453],[-92.73235,44.644579],[-92.732379,44.643731],[-92.732342,44.640245],[-92.732342,44.640148],[-92.732343,44.639297],[-92.732343,44.63843],[-92.73234,44.638167],[-92.732339,44.638025],[-92.73234,44.637041],[-92.73234,44.637023],[-92.732339,44.636977],[-92.732338,44.636962],[-92.732338,44.636951],[-92.732338,44.636941],[-92.732333,44.636737],[-92.732322,44.636287],[-92.732188,44.633028],[-92.732043,44.629493],[-92.732428,44.629485],[-92.742151,44.629503],[-92.742682,44.629501],[-92.744348,44.629494],[-92.747798,44.629475],[-92.748058,44.629474],[-92.748185,44.629473],[-92.75021,44.629464],[-92.752278,44.629453],[-92.753573,44.629466],[-92.753613,44.629466],[-92.757344,44.629502],[-92.759462,44.629523],[-92.762346,44.629552],[-92.76853,44.62961],[-92.772429,44.629647],[-92.782598,44.629705],[-92.784385,44.629707],[-92.788192,44.629714],[-92.792584,44.629722],[-92.792584,44.629677],[-92.792589,44.62807],[-92.792634,44.61524],[-92.792587,44.608844],[-92.79258,44.608069],[-92.792544,44.603082],[-92.792528,44.600687],[-92.792528,44.60065],[-92.792528,44.60063],[-92.792527,44.599741],[-92.792526,44.598822],[-92.792525,44.596667],[-92.792521,44.586343],[-92.792493,44.580666],[-92.792488,44.579517],[-92.792476,44.577167],[-92.792447,44.571802],[-92.792428,44.569225],[-92.792478,44.566372],[-92.792494,44.565467],[-92.792499,44.565215],[-92.792517,44.564147],[-92.792502,44.562565],[-92.7925,44.562374],[-92.792531,44.561424],[-92.79263,44.560875],[-92.792644,44.558748],[-92.792653,44.55736],[-92.792681,44.555672],[-92.792682,44.555649],[-92.79271,44.55393],[-92.79274,44.552143],[-92.792745,44.551828],[-92.792748,44.551617],[-92.792749,44.551557],[-92.792749,44.551544],[-92.792749,44.551528],[-92.792768,44.550401],[-92.792748,44.549041],[-92.792735,44.548231],[-92.792708,44.546458],[-92.792682,44.544783],[-92.792714,44.543302],[-92.792715,44.54324],[-92.7927,44.543206],[-92.792683,44.543166],[-92.792651,44.543091],[-92.792625,44.543031],[-92.7926,44.542971],[-92.793033,44.542966],[-92.793104,44.542968],[-92.793285,44.542972],[-92.793416,44.542918],[-92.7938,44.54276],[-92.79435,44.542724],[-92.794428,44.542719],[-92.794834,44.542693],[-92.795319,44.542662],[-92.796641,44.542738],[-92.797818,44.54302],[-92.798513,44.543187],[-92.799064,44.543181],[-92.799597,44.543176],[-92.799839,44.543174],[-92.800232,44.543184],[-92.800626,44.543194],[-92.80072,44.5432],[-92.801659,44.543201],[-92.801797,44.543197],[-92.802043,44.543197],[-92.803361,44.5432],[-92.803568,44.5432],[-92.803666,44.5432],[-92.803827,44.543196],[-92.804021,44.543196],[-92.805632,44.543199],[-92.807821,44.543198],[-92.809386,44.543193],[-92.809629,44.543192],[-92.809642,44.543192],[-92.809668,44.543192],[-92.812778,44.543208],[-92.825302,44.543271],[-92.825672,44.543273],[-92.827687,44.543283],[-92.829814,44.543294],[-92.832956,44.54331],[-92.840513,44.543307],[-92.840593,44.543307],[-92.847696,44.543305],[-92.848931,44.543305],[-92.849701,44.543305],[-92.858593,44.543299],[-92.872173,44.54329],[-92.880001,44.543285],[-92.8816,44.543284],[-92.8914,44.54328],[-92.895239,44.543277],[-92.895796,44.543277],[-92.900223,44.543273],[-92.900357,44.543273],[-92.906449,44.54327],[-92.906481,44.54327],[-92.9068,44.54327],[-92.911147,44.543268],[-92.911833,44.543268],[-92.913092,44.543266],[-92.913804,44.543388],[-92.918978,44.543252],[-92.918979,44.53291],[-92.918979,44.528794],[-92.918996,44.525673],[-92.919018,44.521579],[-92.91902,44.521373],[-92.918985,44.521045],[-92.918985,44.521028],[-92.918982,44.520862],[-92.919024,44.520768],[-92.918916,44.519577],[-92.918796,44.518342],[-92.918784,44.51807],[-92.918764,44.5176],[-92.918952,44.517586],[-92.918986,44.517583],[-92.919148,44.517571],[-92.921495,44.517395],[-92.922204,44.517448],[-92.922515,44.517676],[-92.922693,44.517807],[-92.922784,44.517874],[-92.922876,44.517942],[-92.922985,44.517796],[-92.922997,44.51778],[-92.923004,44.517771],[-92.923029,44.517737],[-92.923056,44.517704],[-92.923067,44.51769],[-92.923094,44.517656],[-92.923129,44.517613],[-92.92316,44.517574],[-92.923194,44.517532],[-92.923462,44.517198],[-92.923765,44.516821],[-92.923813,44.516761],[-92.924118,44.516437],[-92.924326,44.516135],[-92.924393,44.516041],[-92.924475,44.515919],[-92.924751,44.515523],[-92.925142,44.515325],[-92.925463,44.515168],[-92.926246,44.514917],[-92.928002,44.514364],[-92.930642,44.51342],[-92.931774,44.513038],[-92.933294,44.512427],[-92.934613,44.51205],[-92.935919,44.511681],[-92.936601,44.511574],[-92.937166,44.511493],[-92.937331,44.511477],[-92.937544,44.511457],[-92.937667,44.511453],[-92.937976,44.511436],[-92.938078,44.511431],[-92.938585,44.51145],[-92.939248,44.511474],[-92.939289,44.511482],[-92.939346,44.511494],[-92.939474,44.511553],[-92.93965,44.511625],[-92.939921,44.5117],[-92.939994,44.51172],[-92.940067,44.51174],[-92.940142,44.51176],[-92.940661,44.511869],[-92.944788,44.512726],[-92.945158,44.512794],[-92.946518,44.512574],[-92.947315,44.511881],[-92.948429,44.510896],[-92.949508,44.509789],[-92.949786,44.509477],[-92.951364,44.507705],[-92.952686,44.506981],[-92.954827,44.507027],[-92.956355,44.508558],[-92.956257,44.509296],[-92.955827,44.509905],[-92.95543,44.510466],[-92.955142,44.510876],[-92.956225,44.513523],[-92.956663,44.514234],[-92.95685,44.514554],[-92.959382,44.515392],[-92.962311,44.515789],[-92.964163,44.51479],[-92.964488,44.514615],[-92.969428,44.514662],[-92.973104,44.514693],[-92.973209,44.514694],[-92.97383,44.515155],[-92.976384,44.517049],[-92.979566,44.518126],[-92.981942,44.518653],[-92.984915,44.518824],[-92.985695,44.518728],[-92.998625,44.517563],[-93.000158,44.516875],[-93.000212,44.516847],[-93.000707,44.516586],[-93.00143,44.51634],[-93.00207,44.516138],[-93.002115,44.516128],[-93.003345,44.515863],[-93.005531,44.515791],[-93.006449,44.51607],[-93.00746,44.516277],[-93.009119,44.516243],[-93.009667,44.516232],[-93.010659,44.51617],[-93.011743,44.516103],[-93.012827,44.516036],[-93.013077,44.51602],[-93.013187,44.515988],[-93.013295,44.515956],[-93.013402,44.515925],[-93.014262,44.515673],[-93.015592,44.515255],[-93.016062,44.515108],[-93.017385,44.515034],[-93.017918,44.515038],[-93.017967,44.515058],[-93.018057,44.515086],[-93.018761,44.515306],[-93.019465,44.515526],[-93.019481,44.515532],[-93.019689,44.515608],[-93.019912,44.515577],[-93.020058,44.515557],[-93.020347,44.515642],[-93.020636,44.515726],[-93.020762,44.515763],[-93.021081,44.515819],[-93.023193,44.51619],[-93.023574,44.517316],[-93.023675,44.517614],[-93.023857,44.517818],[-93.024164,44.517981],[-93.024736,44.518054],[-93.025106,44.518022],[-93.02531,44.517857],[-93.02523,44.517617],[-93.025235,44.517407],[-93.025325,44.517237],[-93.025412,44.517073],[-93.025934,44.516763],[-93.026838,44.516226],[-93.026993,44.516176],[-93.027149,44.516126],[-93.027655,44.515963],[-93.028162,44.5158],[-93.028336,44.515744],[-93.02851,44.515688],[-93.029359,44.515414],[-93.029481,44.515413],[-93.030534,44.5154],[-93.031326,44.515178],[-93.031817,44.514849],[-93.031969,44.514747],[-93.032745,44.514507],[-93.033004,44.514427],[-93.033369,44.514418],[-93.034836,44.514381],[-93.035257,44.514462],[-93.036267,44.514656],[-93.037478,44.51471],[-93.037524,44.514712],[-93.037754,44.514722],[-93.037771,44.514723],[-93.03869,44.515127],[-93.038809,44.51518],[-93.038828,44.515188],[-93.038945,44.51524],[-93.039201,44.515352],[-93.03934,44.515547],[-93.039345,44.515352],[-93.039716,44.512514],[-93.039735,44.51147],[-93.03987,44.500867],[-93.039928,44.48644],[-93.039814,44.484866],[-93.039804,44.484722],[-93.039777,44.484352],[-93.039403,44.479179],[-93.039404,44.479058],[-93.039486,44.471873],[-93.043077,44.471847],[-93.045167,44.471857],[-93.048925,44.471922],[-93.049184,44.471927],[-93.050377,44.471949],[-93.050832,44.471957],[-93.050995,44.47196],[-93.051797,44.471975],[-93.053918,44.472014],[-93.054803,44.472014],[-93.055376,44.472],[-93.055416,44.471999],[-93.055447,44.471998],[-93.055882,44.471987],[-93.057946,44.47188],[-93.058999,44.47183],[-93.059732,44.471811],[-93.060151,44.4718],[-93.061166,44.471796],[-93.068354,44.471848],[-93.068418,44.471848],[-93.070803,44.471865],[-93.070858,44.471865],[-93.07244,44.471876],[-93.074029,44.471888],[-93.074489,44.471892],[-93.074636,44.471893],[-93.074914,44.471895],[-93.07898,44.471922],[-93.079928,44.471914],[-93.07998,44.471914],[-93.080491,44.471914],[-93.082254,44.471884],[-93.088899,44.471739],[-93.090684,44.471712],[-93.092752,44.471705],[-93.094026,44.471712],[-93.098486,44.47177],[-93.098519,44.47177],[-93.098748,44.471773],[-93.099343,44.471769],[-93.100155,44.471752],[-93.100267,44.47175],[-93.100465,44.471747],[-93.101228,44.471724],[-93.104035,44.471594],[-93.104467,44.471577],[-93.105203,44.471548],[-93.105554,44.471541],[-93.105981,44.471541],[-93.106515,44.471556],[-93.108544,44.47167],[-93.109262,44.471697],[-93.10991,44.471697],[-93.110559,44.471678],[-93.110782,44.471669],[-93.110909,44.471664],[-93.110944,44.471662],[-93.113086,44.471571],[-93.113463,44.471555],[-93.113562,44.471551],[-93.113583,44.47155],[-93.113596,44.47155],[-93.113669,44.471547],[-93.113999,44.471533],[-93.114447,44.471514],[-93.114747,44.471502],[-93.115525,44.471472],[-93.115716,44.471468],[-93.117471,44.471407],[-93.119515,44.471369],[-93.120317,44.471361],[-93.120674,44.471357],[-93.121759,44.471346],[-93.123284,44.471335],[-93.125223,44.471314],[-93.125259,44.471314],[-93.126176,44.471304],[-93.127183,44.471285],[-93.128053,44.471281],[-93.128945,44.471266],[-93.129792,44.471243],[-93.13041,44.471186],[-93.130426,44.471184],[-93.130671,44.471151],[-93.135786,44.4713],[-93.140858,44.47124],[-93.144564,44.471285],[-93.145731,44.471299],[-93.145893,44.471301],[-93.145942,44.471301],[-93.145959,44.471301],[-93.146857,44.471313],[-93.147046,44.471315],[-93.150929,44.471366],[-93.151167,44.471365],[-93.151632,44.471362],[-93.151775,44.471361],[-93.151821,44.471361],[-93.151958,44.471361],[-93.152041,44.47136],[-93.152125,44.47136],[-93.152486,44.47136],[-93.154819,44.471351],[-93.15565,44.471348],[-93.156074,44.471346],[-93.156609,44.471345],[-93.156803,44.471345],[-93.156857,44.471345],[-93.157086,44.471344],[-93.158509,44.471338],[-93.15971,44.471332],[-93.159732,44.471332],[-93.159968,44.471332],[-93.160577,44.471331],[-93.162399,44.471336],[-93.165971,44.471346],[-93.166102,44.471345],[-93.166357,44.471346],[-93.166638,44.471346],[-93.16771,44.471346],[-93.169358,44.471353],[-93.169511,44.471354],[-93.169544,44.471358],[-93.169666,44.471372],[-93.169694,44.471361],[-93.16977,44.47135],[-93.169845,44.471351],[-93.169886,44.471351],[-93.170138,44.471354],[-93.170159,44.471354],[-93.170877,44.471354],[-93.171319,44.471354],[-93.172105,44.471354],[-93.172131,44.471354],[-93.173186,44.471347],[-93.173338,44.471346],[-93.173379,44.471346],[-93.17344,44.471346],[-93.173597,44.471345],[-93.174042,44.471342],[-93.175141,44.471335],[-93.176462,44.471335],[-93.176477,44.471335],[-93.177781,44.471331],[-93.179292,44.471319],[-93.17934,44.471319],[-93.179894,44.471315],[-93.179952,44.471315],[-93.180566,44.471313],[-93.180856,44.471312],[-93.182151,44.471324],[-93.182165,44.471324],[-93.185436,44.471354],[-93.185839,44.471357],[-93.187782,44.471376],[-93.187982,44.471378],[-93.195332,44.471432],[-93.198024,44.471452],[-93.200819,44.471473],[-93.201135,44.471473],[-93.202851,44.471484],[-93.203473,44.471483],[-93.205148,44.471481],[-93.206628,44.471484],[-93.211045,44.471484],[-93.214746,44.471503],[-93.214921,44.4715],[-93.215226,44.471473],[-93.215249,44.471465],[-93.215274,44.471463],[-93.215414,44.47142],[-93.215513,44.471376],[-93.215599,44.471321],[-93.215628,44.471303],[-93.215653,44.471278],[-93.215684,44.471255],[-93.215707,44.471229],[-93.215867,44.471252],[-93.216218,44.471294],[-93.216665,44.471326],[-93.216813,44.471336],[-93.217142,44.47134],[-93.221176,44.471389],[-93.221305,44.47139],[-93.221395,44.471391],[-93.221996,44.471397],[-93.223622,44.471413],[-93.223916,44.471414],[-93.224243,44.471416],[-93.225273,44.471431],[-93.226899,44.471472],[-93.227878,44.471507],[-93.228958,44.471545],[-93.229347,44.471564],[-93.231659,44.471648],[-93.232697,44.471675],[-93.233887,44.471683],[-93.23468,44.471675],[-93.235413,44.47166],[-93.237442,44.471595],[-93.238617,44.471568],[-93.239311,44.471564],[-93.241249,44.471595],[-93.241495,44.471602],[-93.241524,44.471603],[-93.243912,44.471652],[-93.244957,44.471679],[-93.245193,44.471679],[-93.245773,44.47169],[-93.246277,44.471694],[-93.249604,44.471682],[-93.251602,44.471698],[-93.251725,44.471694],[-93.252368,44.471694],[-93.254091,44.471689],[-93.254921,44.471697],[-93.256605,44.471728],[-93.261865,44.471842],[-93.263985,44.471883],[-93.264907,44.471906],[-93.265791,44.471913],[-93.266729,44.471911],[-93.268268,44.471879],[-93.268946,44.471861],[-93.270043,44.471832],[-93.270067,44.471831],[-93.270111,44.47183],[-93.270878,44.47181],[-93.271048,44.471806],[-93.271416,44.471794],[-93.271684,44.471794],[-93.272012,44.471786],[-93.272585,44.47178],[-93.274044,44.471791],[-93.275433,44.471829],[-93.275678,44.471832],[-93.276258,44.471853],[-93.278476,44.471915],[-93.279076,44.471934],[-93.280904,44.471981],[-93.280985,44.471983],[-93.28104,44.471984],[-93.281104,44.471986],[-93.281132,44.471987],[-93.281686,44.472001],[-93.281642,44.474978],[-93.281628,44.476008],[-93.281626,44.476144],[-93.281618,44.476697],[-93.281611,44.477201],[-93.281596,44.478232],[-93.281583,44.479169],[-93.281584,44.479803],[-93.281593,44.485403],[-93.281593,44.486461],[-93.2816,44.490512],[-93.2816,44.490566],[-93.2816,44.490589],[-93.281602,44.49193],[-93.281603,44.49315],[-93.281604,44.493505],[-93.281611,44.49838],[-93.281612,44.499573],[-93.281616,44.504502],[-93.281616,44.508097],[-93.281626,44.511716],[-93.28163,44.51407],[-93.281632,44.515354],[-93.281632,44.515841],[-93.281634,44.518895],[-93.281631,44.522486],[-93.281615,44.526129],[-93.281597,44.529218],[-93.281597,44.529261],[-93.281593,44.529772],[-93.281628,44.53539],[-93.281638,44.537028],[-93.281604,44.539151],[-93.281599,44.539458],[-93.281521,44.543959],[-93.278473,44.543959],[-93.278524,44.551183],[-93.278433,44.558412],[-93.278402,44.562022],[-93.278304,44.572751],[-93.278303,44.57288],[-93.278297,44.573418],[-93.278294,44.573804],[-93.278289,44.57425],[-93.278191,44.582854],[-93.278153,44.586191],[-93.278153,44.586231],[-93.278141,44.587336],[-93.278141,44.587348],[-93.278129,44.588473],[-93.278113,44.590071],[-93.278069,44.5945],[-93.278069,44.594577],[-93.278069,44.594599],[-93.277998,44.598912],[-93.277988,44.599358],[-93.277977,44.599803],[-93.277971,44.600114],[-93.277964,44.600424],[-93.277964,44.600674],[-93.277963,44.600924],[-93.277956,44.603665],[-93.27795,44.606407],[-93.277945,44.608423],[-93.277945,44.608999],[-93.277945,44.609026],[-93.277942,44.616269],[-93.278056,44.623514],[-93.278057,44.623531],[-93.278169,44.630753],[-93.283248,44.630745],[-93.28829,44.630733],[-93.288327,44.630733],[-93.293275,44.630715],[-93.298253,44.630694],[-93.298583,44.630693],[-93.30132,44.630679],[-93.303074,44.630669],[-93.303541,44.630666],[-93.308095,44.630646],[-93.308486,44.630644],[-93.308606,44.630644],[-93.308768,44.630643],[-93.308958,44.630641],[-93.312447,44.630619],[-93.312865,44.630617],[-93.318707,44.63058],[-93.318731,44.63058],[-93.318687,44.636018],[-93.318675,44.637578],[-93.318673,44.637867],[-93.318646,44.640356],[-93.318641,44.640795],[-93.318595,44.645151],[-93.318594,44.64516],[-93.318578,44.647752],[-93.318574,44.648302],[-93.318556,44.652093],[-93.318504,44.654271],[-93.318503,44.655489],[-93.318503,44.660352],[-93.318484,44.66339],[-93.318458,44.666914],[-93.318457,44.667011],[-93.31846,44.667528],[-93.318427,44.673084],[-93.318424,44.673597],[-93.31842,44.674322],[-93.318365,44.673081],[-93.318352,44.681288],[-93.318352,44.681364],[-93.31839,44.685582],[-93.318403,44.687004],[-93.318401,44.687048],[-93.31837,44.687949],[-93.318239,44.688408],[-93.318235,44.69115],[-93.318232,44.692699],[-93.318231,44.693584],[-93.31823,44.69376],[-93.318228,44.694937],[-93.318221,44.698338],[-93.31822,44.698589],[-93.318211,44.702741],[-93.31821,44.703458],[-93.318208,44.70384],[-93.318206,44.705015],[-93.318206,44.705119],[-93.318197,44.707882],[-93.318197,44.709281],[-93.318196,44.710079],[-93.318195,44.710239],[-93.318178,44.714923],[-93.318176,44.715136],[-93.318158,44.717273],[-93.318156,44.717538]]]]},"properties":{"neighbourhood":"Dakota","neighbourhood_group":null}},{"type":"Feature","geometry":{"type":"MultiPolygon","coordinates":[[[[-93.510994,45.299347],[-93.510972,45.300533],[-93.510912,45.303726],[-93.510891,45.306466],[-93.510889,45.306566],[-93.510867,45.307468],[-93.51072,45.313821],[-93.510577,45.321054],[-93.510419,45.327458],[-93.510522,45.327899],[-93.510622,45.328327],[-93.510639,45.328712],[-93.510612,45.330157],[-93.510612,45.331533],[-93.510602,45.331743],[-93.510597,45.331831],[-93.510559,45.331992],[-93.510539,45.332526],[-93.51053,45.33275],[-93.51052,45.332929],[-93.510498,45.334237],[-93.51049,45.334442],[-93.510486,45.334545],[-93.510467,45.335248],[-93.510377,45.338665],[-93.510365,45.339105],[-93.510272,45.342528],[-93.510272,45.34255],[-93.510262,45.34626],[-93.510319,45.348933],[-93.510307,45.349707],[-93.510285,45.349824],[-93.510239,45.350256],[-93.510212,45.351393],[-93.510178,45.352752],[-93.5102,45.354614],[-93.510204,45.354982],[-93.510209,45.355424],[-93.510199,45.356113],[-93.510183,45.356581],[-93.51017,45.35707],[-93.510169,45.357109],[-93.510168,45.35714],[-93.510154,45.357698],[-93.510149,45.359181],[-93.510137,45.359725],[-93.510134,45.359858],[-93.510121,45.360606],[-93.510118,45.36084],[-93.510113,45.361277],[-93.510124,45.362328],[-93.510126,45.362481],[-93.51013,45.362764],[-93.510127,45.362932],[-93.510105,45.364368],[-93.510078,45.365514],[-93.510062,45.36622],[-93.510048,45.367007],[-93.510042,45.367892],[-93.510041,45.368139],[-93.510033,45.369193],[-93.510018,45.370408],[-93.509996,45.371695],[-93.509939,45.375101],[-93.509935,45.375243],[-93.50992,45.375906],[-93.509881,45.377554],[-93.509887,45.377969],[-93.509893,45.378363],[-93.509898,45.378867],[-93.509857,45.379828],[-93.509846,45.380101],[-93.509835,45.380821],[-93.509834,45.380923],[-93.509818,45.382209],[-93.509815,45.382481],[-93.509818,45.383289],[-93.50982,45.383798],[-93.509781,45.384854],[-93.509794,45.385514],[-93.509796,45.385614],[-93.509806,45.386161],[-93.509809,45.386305],[-93.509828,45.387093],[-93.509829,45.387408],[-93.509849,45.388499],[-93.509808,45.389188],[-93.509804,45.389315],[-93.509793,45.389682],[-93.509802,45.389829],[-93.509834,45.389903],[-93.509853,45.390461],[-93.509851,45.390955],[-93.509849,45.391465],[-93.509863,45.391994],[-93.509881,45.392728],[-93.509888,45.393172],[-93.509921,45.396544],[-93.509924,45.396773],[-93.509958,45.400241],[-93.509963,45.400644],[-93.509964,45.400732],[-93.50999,45.403223],[-93.509988,45.403613],[-93.509983,45.404677],[-93.509984,45.404841],[-93.509984,45.405097],[-93.509985,45.405154],[-93.510002,45.406655],[-93.510005,45.406954],[-93.510014,45.407752],[-93.510026,45.40873],[-93.510041,45.410823],[-93.510055,45.412653],[-93.51006,45.412827],[-93.510061,45.412886],[-93.510065,45.413613],[-93.510066,45.413775],[-93.510071,45.414668],[-93.510072,45.414799],[-93.50056,45.414553],[-93.500236,45.414539],[-93.495857,45.414355],[-93.49524,45.41433],[-93.494798,45.414311],[-93.494775,45.41431],[-93.494592,45.414302],[-93.494558,45.414301],[-93.494439,45.414296],[-93.494293,45.41429],[-93.492981,45.414235],[-93.492202,45.414202],[-93.490672,45.414142],[-93.488904,45.414074],[-93.48416,45.414051],[-93.482275,45.414042],[-93.48225,45.414042],[-93.471005,45.413989],[-93.470745,45.413985],[-93.470731,45.413985],[-93.470706,45.413985],[-93.470689,45.413985],[-93.47067,45.413985],[-93.470557,45.413982],[-93.468836,45.413954],[-93.467275,45.413929],[-93.466741,45.413924],[-93.464671,45.413922],[-93.463505,45.413921],[-93.45827,45.413857],[-93.45665,45.413812],[-93.454508,45.413789],[-93.449641,45.413737],[-93.447571,45.41372],[-93.445522,45.413704],[-93.44328,45.413676],[-93.440941,45.413653],[-93.439335,45.413624],[-93.439063,45.413657],[-93.438926,45.413729],[-93.438917,45.413749],[-93.431637,45.413777],[-93.425198,45.413784],[-93.42518,45.413784],[-93.424894,45.413784],[-93.420553,45.413787],[-93.419787,45.41381],[-93.419046,45.413813],[-93.418961,45.413813],[-93.418431,45.413803],[-93.41761,45.413773],[-93.417249,45.41376],[-93.417113,45.413755],[-93.414911,45.413754],[-93.412104,45.413806],[-93.411444,45.413804],[-93.411317,45.413804],[-93.409721,45.413799],[-93.409367,45.413783],[-93.409058,45.413736],[-93.396417,45.413668],[-93.396404,45.413657],[-93.394652,45.41365],[-93.39402,45.413648],[-93.390011,45.413624],[-93.389798,45.413621],[-93.38961,45.413633],[-93.388433,45.413631],[-93.388284,45.41363],[-93.385401,45.413619],[-93.385382,45.413619],[-93.384689,45.413617],[-93.382408,45.413609],[-93.382343,45.413609],[-93.378378,45.413596],[-93.375233,45.413585],[-93.367725,45.413692],[-93.363202,45.413662],[-93.362479,45.413658],[-93.362316,45.413657],[-93.362256,45.413657],[-93.362215,45.413657],[-93.359763,45.413645],[-93.357256,45.413625],[-93.354639,45.413543],[-93.354556,45.413543],[-93.3537,45.413545],[-93.351566,45.413552],[-93.351261,45.413553],[-93.350525,45.413554],[-93.350456,45.413554],[-93.350421,45.413554],[-93.350104,45.413555],[-93.348791,45.413557],[-93.347478,45.413559],[-93.347182,45.413559],[-93.346887,45.41356],[-93.346648,45.413562],[-93.34641,45.413564],[-93.346271,45.413566],[-93.346132,45.413567],[-93.34457,45.413572],[-93.34237,45.413578],[-93.339771,45.413587],[-93.337954,45.41361],[-93.337376,45.413612],[-93.337339,45.413612],[-93.337242,45.413612],[-93.336816,45.413613],[-93.332476,45.413626],[-93.329643,45.413633],[-93.327022,45.41364],[-93.326884,45.41364],[-93.322159,45.413652],[-93.321871,45.413652],[-93.321827,45.413652],[-93.309873,45.413687],[-93.309708,45.413687],[-93.308674,45.413689],[-93.30312,45.413706],[-93.299031,45.413717],[-93.295728,45.41373],[-93.295603,45.413691],[-93.295393,45.413681],[-93.293708,45.413692],[-93.293199,45.413699],[-93.291989,45.413698],[-93.291057,45.413686],[-93.289247,45.413682],[-93.288648,45.413676],[-93.285849,45.413689],[-93.285774,45.413689],[-93.284574,45.413675],[-93.282237,45.413672],[-93.280778,45.413679],[-93.280228,45.413657],[-93.278992,45.413674],[-93.278485,45.41367],[-93.277239,45.413673],[-93.276429,45.413664],[-93.275589,45.413663],[-93.27531,45.413663],[-93.274334,45.413673],[-93.274176,45.413673],[-93.272582,45.413676],[-93.272415,45.413676],[-93.271943,45.413662],[-93.271647,45.413666],[-93.271376,45.413688],[-93.271286,45.413695],[-93.270985,45.413669],[-93.265469,45.413699],[-93.265361,45.4137],[-93.2643,45.413709],[-93.263856,45.413728],[-93.262312,45.413748],[-93.260974,45.413774],[-93.259788,45.41378],[-93.257736,45.41379],[-93.257181,45.413793],[-93.256342,45.413792],[-93.255996,45.41376],[-93.252701,45.413765],[-93.251879,45.41378],[-93.250229,45.41381],[-93.249316,45.413799],[-93.249011,45.413795],[-93.242366,45.413711],[-93.242349,45.41371],[-93.24212,45.413708],[-93.241012,45.413712],[-93.240923,45.413712],[-93.240875,45.413712],[-93.240861,45.413712],[-93.24082,45.413713],[-93.240552,45.413714],[-93.239016,45.413775],[-93.238584,45.413794],[-93.238336,45.4138],[-93.237746,45.413814],[-93.237265,45.413811],[-93.23671,45.413807],[-93.236351,45.413807],[-93.235985,45.413806],[-93.235742,45.413803],[-93.235499,45.413801],[-93.235329,45.413799],[-93.235159,45.413797],[-93.233646,45.413797],[-93.232428,45.413799],[-93.229563,45.413806],[-93.227805,45.413829],[-93.226819,45.413828],[-93.22484,45.413805],[-93.209999,45.413853],[-93.209746,45.413855],[-93.207738,45.41387],[-93.183489,45.414079],[-93.180874,45.414103],[-93.179784,45.414108],[-93.1783,45.414115],[-93.177423,45.41412],[-93.16292,45.414213],[-93.157682,45.41407],[-93.142245,45.413647],[-93.142222,45.413646],[-93.142141,45.413644],[-93.142066,45.413644],[-93.125223,45.413546],[-93.107817,45.413649],[-93.102528,45.41368],[-93.102495,45.41368],[-93.102081,45.41367],[-93.101977,45.413668],[-93.101958,45.413668],[-93.101921,45.413667],[-93.101331,45.413654],[-93.10126,45.413655],[-93.101242,45.413655],[-93.093274,45.41378],[-93.09294,45.413745],[-93.092871,45.413738],[-93.092534,45.413702],[-93.091411,45.413585],[-93.090288,45.413468],[-93.088557,45.413288],[-93.086827,45.413107],[-93.085326,45.41295],[-93.083826,45.412794],[-93.083768,45.412787],[-93.083247,45.412727],[-93.082625,45.412724],[-93.080785,45.412715],[-93.078411,45.412727],[-93.076038,45.41274],[-93.075913,45.41274],[-93.075787,45.41274],[-93.075297,45.412745],[-93.074806,45.41275],[-93.074443,45.412754],[-93.073623,45.412736],[-93.073465,45.412732],[-93.073308,45.412729],[-93.072392,45.412709],[-93.071659,45.412706],[-93.071321,45.412705],[-93.070558,45.412702],[-93.068982,45.412677],[-93.068828,45.412675],[-93.068235,45.412666],[-93.068021,45.412663],[-93.065911,45.412652],[-93.063192,45.412471],[-93.058061,45.41235],[-93.052934,45.41223],[-93.049107,45.412184],[-93.045279,45.412138],[-93.044372,45.412136],[-93.043711,45.412129],[-93.043369,45.412126],[-93.043028,45.412122],[-93.042697,45.412119],[-93.042184,45.412113],[-93.041427,45.412101],[-93.039864,45.412068],[-93.039835,45.412068],[-93.039448,45.412061],[-93.035411,45.411992],[-93.031375,45.411922],[-93.030995,45.411918],[-93.03098,45.411918],[-93.030414,45.411911],[-93.030158,45.411908],[-93.030087,45.411907],[-93.030049,45.411906],[-93.029975,45.411905],[-93.029822,45.411903],[-93.029437,45.411898],[-93.028855,45.411891],[-93.019682,45.411774],[-93.019566,45.411772],[-93.019565,45.411716],[-93.019575,45.411501],[-93.019566,45.411487],[-93.019563,45.411408],[-93.019494,45.40908],[-93.019438,45.407563],[-93.019429,45.407075],[-93.019413,45.406553],[-93.019376,45.405681],[-93.019362,45.405343],[-93.019339,45.404712],[-93.019291,45.403394],[-93.019284,45.403205],[-93.01928,45.403115],[-93.019238,45.402003],[-93.019207,45.401309],[-93.019186,45.400683],[-93.019167,45.400141],[-93.01913,45.399109],[-93.019128,45.399065],[-93.019118,45.398809],[-93.019107,45.398553],[-93.01907,45.397217],[-93.019061,45.39688],[-93.019026,45.396268],[-93.019023,45.396216],[-93.018979,45.395454],[-93.018946,45.39454],[-93.018892,45.392583],[-93.018868,45.391686],[-93.018857,45.39095],[-93.018813,45.388165],[-93.018809,45.387886],[-93.018799,45.387247],[-93.018775,45.386461],[-93.018756,45.386285],[-93.018707,45.385838],[-93.018662,45.385393],[-93.018648,45.38274],[-93.018416,45.374967],[-93.018592,45.369464],[-93.018608,45.368951],[-93.018626,45.368409],[-93.018648,45.367719],[-93.018753,45.364456],[-93.019164,45.352552],[-93.019495,45.342852],[-93.019502,45.342129],[-93.019514,45.340757],[-93.019522,45.339978],[-93.019538,45.339328],[-93.019548,45.338938],[-93.01957,45.337997],[-93.019525,45.334468],[-93.01952,45.334068],[-93.019519,45.334021],[-93.019518,45.333661],[-93.019518,45.333622],[-93.01952,45.333461],[-93.019522,45.333268],[-93.019509,45.332796],[-93.019322,45.325868],[-93.019321,45.325748],[-93.019319,45.32559],[-93.019276,45.319596],[-93.019247,45.315638],[-93.019234,45.313738],[-93.019234,45.313673],[-93.019222,45.31123],[-93.019631,45.30552],[-93.019634,45.305323],[-93.019638,45.305038],[-93.019629,45.304072],[-93.01962,45.303181],[-93.01959,45.302055],[-93.019589,45.301004],[-93.019585,45.300392],[-93.019577,45.3001],[-93.019569,45.299839],[-93.019487,45.299596],[-93.019479,45.29957],[-93.019466,45.298462],[-93.019443,45.296931],[-93.019553,45.296932],[-93.019545,45.295709],[-93.019538,45.293901],[-93.019534,45.293257],[-93.019532,45.292711],[-93.01953,45.292267],[-93.019527,45.291835],[-93.019527,45.291648],[-93.019526,45.291575],[-93.01953,45.291388],[-93.019533,45.291174],[-93.019522,45.290406],[-93.019507,45.288845],[-93.019497,45.288159],[-93.019487,45.287619],[-93.019489,45.286762],[-93.01949,45.286405],[-93.01949,45.28624],[-93.019494,45.285043],[-93.019537,45.283833],[-93.01954,45.282997],[-93.01954,45.282959],[-93.01952,45.28247],[-93.019501,45.281997],[-93.019528,45.275003],[-93.019563,45.268658],[-93.019564,45.268346],[-93.019563,45.268058],[-93.019558,45.267079],[-93.019549,45.264817],[-93.019528,45.260139],[-93.019514,45.258086],[-93.019514,45.257792],[-93.019513,45.257293],[-93.019499,45.254087],[-93.019445,45.250929],[-93.01935,45.24523],[-93.019412,45.233895],[-93.01942,45.232468],[-93.019435,45.231707],[-93.019482,45.230788],[-93.019611,45.225249],[-93.019614,45.223948],[-93.019626,45.223139],[-93.019659,45.219478],[-93.019664,45.218902],[-93.019688,45.216246],[-93.019708,45.21535],[-93.019716,45.214761],[-93.019731,45.213664],[-93.019738,45.211994],[-93.019738,45.211682],[-93.019748,45.210897],[-93.01975,45.210743],[-93.019751,45.210685],[-93.019768,45.209371],[-93.019796,45.208315],[-93.019824,45.206744],[-93.019981,45.200994],[-93.020011,45.1985],[-93.019995,45.197307],[-93.020011,45.19645],[-93.019995,45.195998],[-93.019994,45.194389],[-93.019993,45.193721],[-93.01999,45.193654],[-93.020001,45.191906],[-93.02002,45.191128],[-93.020033,45.189382],[-93.020033,45.189358],[-93.020026,45.18925],[-93.020028,45.188483],[-93.02003,45.188147],[-93.020041,45.18768],[-93.020055,45.186416],[-93.020073,45.184929],[-93.020072,45.183878],[-93.020072,45.183483],[-93.020109,45.182303],[-93.020125,45.181774],[-93.020125,45.180442],[-93.020164,45.179376],[-93.020169,45.178462],[-93.020172,45.178019],[-93.020215,45.174268],[-93.020224,45.174187],[-93.020234,45.173699],[-93.020247,45.173142],[-93.020267,45.172275],[-93.020269,45.172108],[-93.020264,45.171878],[-93.020275,45.171712],[-93.020281,45.171314],[-93.020271,45.171033],[-93.020252,45.169532],[-93.020251,45.16912],[-93.020264,45.168454],[-93.020285,45.16573],[-93.020287,45.165531],[-93.020291,45.164922],[-93.020293,45.164698],[-93.020295,45.164518],[-93.020306,45.164224],[-93.020311,45.16412],[-93.020307,45.162983],[-93.020301,45.162197],[-93.020297,45.161677],[-93.020301,45.161465],[-93.020348,45.159056],[-93.020369,45.15796],[-93.02036,45.157176],[-93.020377,45.155848],[-93.020355,45.154364],[-93.020372,45.153626],[-93.020371,45.153582],[-93.020364,45.153254],[-93.020352,45.151732],[-93.020352,45.151679],[-93.020316,45.146798],[-93.020333,45.146752],[-93.02035,45.146707],[-93.020352,45.146689],[-93.020391,45.146257],[-93.020384,45.145893],[-93.020391,45.145602],[-93.020396,45.145154],[-93.02041,45.14444],[-93.020423,45.144096],[-93.020424,45.144055],[-93.020422,45.144008],[-93.020413,45.143681],[-93.020413,45.143557],[-93.020412,45.143297],[-93.020417,45.142341],[-93.020392,45.141782],[-93.020387,45.141594],[-93.02039,45.140748],[-93.02039,45.140585],[-93.020407,45.135599],[-93.020412,45.134118],[-93.020413,45.133747],[-93.020443,45.12691],[-93.020444,45.126898],[-93.020449,45.125171],[-93.02045,45.124958],[-93.020451,45.124744],[-93.020451,45.124561],[-93.02052,45.123868],[-93.023404,45.123831],[-93.023639,45.123828],[-93.02477,45.123813],[-93.024876,45.123812],[-93.025025,45.123838],[-93.025634,45.123842],[-93.027676,45.123886],[-93.02827,45.123882],[-93.029729,45.123872],[-93.029964,45.12387],[-93.03029,45.123867],[-93.032875,45.123917],[-93.032962,45.123919],[-93.035913,45.123883],[-93.03597,45.123886],[-93.036083,45.123887],[-93.036205,45.123888],[-93.039872,45.123919],[-93.041914,45.123925],[-93.044564,45.12394],[-93.047206,45.123957],[-93.047726,45.123982],[-93.047982,45.123994],[-93.048686,45.123998],[-93.048749,45.123998],[-93.049574,45.124002],[-93.049839,45.124003],[-93.050709,45.124018],[-93.052845,45.124057],[-93.055409,45.124061],[-93.056164,45.124046],[-93.056424,45.12404],[-93.05678,45.12401],[-93.065596,45.124024],[-93.070648,45.12408],[-93.072017,45.124095],[-93.072142,45.124091],[-93.072517,45.124079],[-93.076263,45.124054],[-93.076367,45.124054],[-93.078878,45.124065],[-93.080417,45.124073],[-93.081865,45.124085],[-93.083538,45.12407],[-93.084927,45.124059],[-93.086725,45.124052],[-93.08677,45.124052],[-93.086863,45.124051],[-93.087167,45.12405],[-93.087284,45.12405],[-93.091241,45.124068],[-93.091541,45.124069],[-93.092021,45.124072],[-93.095756,45.124092],[-93.096188,45.124091],[-93.097073,45.124089],[-93.099124,45.124086],[-93.099299,45.124087],[-93.10209,45.124106],[-93.103591,45.124103],[-93.104909,45.1241],[-93.104958,45.1241],[-93.106727,45.124105],[-93.107007,45.124106],[-93.108642,45.12411],[-93.10995,45.124111],[-93.111839,45.124111],[-93.11219,45.124111],[-93.114249,45.124112],[-93.115481,45.124116],[-93.117037,45.124119],[-93.117248,45.124121],[-93.117681,45.124122],[-93.11979,45.124127],[-93.120331,45.124128],[-93.12162,45.124133],[-93.121838,45.124132],[-93.122096,45.124131],[-93.122357,45.12413],[-93.125293,45.124121],[-93.126643,45.12413],[-93.12747,45.124133],[-93.129228,45.124135],[-93.130364,45.124137],[-93.13258,45.124159],[-93.134517,45.124173],[-93.137531,45.124187],[-93.138831,45.124193],[-93.139087,45.124194],[-93.140511,45.124205],[-93.140719,45.124207],[-93.141684,45.124215],[-93.142513,45.124217],[-93.142744,45.124218],[-93.143168,45.124219],[-93.143364,45.124219],[-93.144039,45.124221],[-93.144603,45.12422],[-93.148007,45.124211],[-93.148361,45.12421],[-93.148503,45.12421],[-93.150074,45.124214],[-93.152537,45.124225],[-93.153339,45.124221],[-93.153394,45.124221],[-93.15354,45.12422],[-93.155413,45.124211],[-93.155962,45.124208],[-93.157521,45.124225],[-93.158182,45.124233],[-93.160705,45.12426],[-93.163396,45.124285],[-93.163963,45.12429],[-93.165194,45.124302],[-93.165408,45.124303],[-93.169473,45.124325],[-93.169669,45.124326],[-93.169816,45.124326],[-93.171632,45.124329],[-93.172231,45.12433],[-93.1729,45.124329],[-93.173896,45.124328],[-93.175226,45.124326],[-93.177572,45.124322],[-93.1781,45.124327],[-93.178499,45.12433],[-93.178984,45.124334],[-93.17919,45.124335],[-93.180773,45.124348],[-93.184134,45.124331],[-93.184351,45.124331],[-93.185162,45.124329],[-93.186283,45.124342],[-93.187227,45.124371],[-93.187454,45.124378],[-93.187625,45.124378],[-93.188415,45.124377],[-93.188708,45.124376],[-93.189961,45.124374],[-93.190748,45.124373],[-93.192878,45.124369],[-93.193031,45.124369],[-93.195627,45.12438],[-93.195745,45.124381],[-93.196542,45.124385],[-93.198027,45.124392],[-93.198301,45.124393],[-93.198835,45.124396],[-93.198987,45.124396],[-93.200417,45.124399],[-93.200692,45.124399],[-93.204672,45.124405],[-93.206695,45.124424],[-93.206852,45.124425],[-93.209097,45.124438],[-93.211065,45.124449],[-93.212083,45.124454],[-93.212673,45.12442],[-93.212821,45.124412],[-93.212977,45.124403],[-93.213323,45.124383],[-93.21361,45.124453],[-93.214675,45.124459],[-93.215336,45.124462],[-93.21738,45.124471],[-93.218266,45.124479],[-93.218424,45.124485],[-93.219334,45.124474],[-93.220118,45.124473],[-93.220227,45.124475],[-93.221383,45.124495],[-93.222558,45.124498],[-93.222696,45.124525],[-93.22323,45.124527],[-93.225092,45.124535],[-93.226839,45.124535],[-93.227697,45.124535],[-93.227697,45.124519],[-93.227766,45.118574],[-93.22779,45.116799],[-93.22782,45.11667],[-93.227842,45.116576],[-93.227862,45.116508],[-93.227875,45.116467],[-93.22789,45.116417],[-93.227928,45.116318],[-93.227968,45.11622],[-93.227996,45.116128],[-93.228035,45.116055],[-93.228094,45.115878],[-93.22812,45.1158],[-93.228114,45.115649],[-93.228101,45.11555],[-93.228022,45.115354],[-93.227844,45.11495],[-93.227829,45.113626],[-93.227844,45.111409],[-93.227845,45.111352],[-93.227843,45.111294],[-93.227815,45.110314],[-93.227815,45.110074],[-93.227812,45.107958],[-93.227811,45.107552],[-93.227811,45.107437],[-93.227821,45.107203],[-93.227829,45.107091],[-93.227817,45.104063],[-93.227809,45.102234],[-93.227807,45.102164],[-93.227756,45.100409],[-93.227736,45.09693],[-93.227749,45.096897],[-93.227729,45.093364],[-93.227734,45.093346],[-93.227734,45.093289],[-93.227735,45.093219],[-93.227735,45.09318],[-93.22773,45.092737],[-93.227724,45.092088],[-93.227718,45.091654],[-93.227712,45.091219],[-93.227711,45.091123],[-93.227706,45.090704],[-93.227703,45.090305],[-93.227703,45.090292],[-93.227702,45.090248],[-93.227701,45.090179],[-93.227665,45.088995],[-93.227665,45.088976],[-93.227674,45.088366],[-93.227683,45.087746],[-93.227681,45.087643],[-93.227642,45.085941],[-93.227633,45.084745],[-93.22762,45.084337],[-93.227616,45.084164],[-93.227593,45.083169],[-93.227582,45.082354],[-93.227562,45.080966],[-93.227558,45.08064],[-93.227556,45.080518],[-93.227552,45.080381],[-93.227504,45.078926],[-93.227499,45.078758],[-93.227495,45.078606],[-93.227472,45.077768],[-93.227463,45.076736],[-93.227461,45.076465],[-93.227454,45.075718],[-93.227424,45.075142],[-93.227389,45.073096],[-93.227331,45.072868],[-93.22737,45.072124],[-93.227359,45.071669],[-93.227355,45.071476],[-93.227311,45.069603],[-93.227247,45.065792],[-93.227242,45.065366],[-93.227238,45.065029],[-93.227237,45.064984],[-93.227237,45.06487],[-93.227236,45.064844],[-93.227207,45.063831],[-93.227208,45.063566],[-93.227212,45.061786],[-93.227209,45.061621],[-93.227206,45.06146],[-93.227202,45.061198],[-93.227188,45.060772],[-93.227182,45.060594],[-93.227174,45.060344],[-93.227152,45.059666],[-93.227147,45.05953],[-93.227133,45.058922],[-93.227123,45.058166],[-93.227121,45.058035],[-93.227107,45.057072],[-93.227091,45.055875],[-93.227051,45.054265],[-93.227022,45.053066],[-93.227013,45.052714],[-93.227027,45.051876],[-93.22706,45.049939],[-93.227069,45.047849],[-93.227072,45.047238],[-93.227006,45.046375],[-93.227005,45.046315],[-93.227005,45.046266],[-93.227002,45.045868],[-93.226992,45.044114],[-93.22698,45.042536],[-93.226979,45.042358],[-93.226975,45.041081],[-93.226974,45.040972],[-93.226971,45.040668],[-93.226967,45.040252],[-93.226966,45.040081],[-93.226964,45.039896],[-93.226957,45.039],[-93.226957,45.038932],[-93.226958,45.038538],[-93.226962,45.037445],[-93.226963,45.037156],[-93.226965,45.036827],[-93.226954,45.036335],[-93.226939,45.036019],[-93.22693,45.035673],[-93.226993,45.035677],[-93.228211,45.035669],[-93.228321,45.035668],[-93.229486,45.035658],[-93.230752,45.035654],[-93.234318,45.035628],[-93.234578,45.035626],[-93.234623,45.035625],[-93.234735,45.035624],[-93.237107,45.035608],[-93.237705,45.035605],[-93.238005,45.035603],[-93.238188,45.035602],[-93.238208,45.035602],[-93.238259,45.035602],[-93.238419,45.035601],[-93.238986,45.035598],[-93.239633,45.035595],[-93.240518,45.035589],[-93.240539,45.035589],[-93.240671,45.035588],[-93.240942,45.035587],[-93.240985,45.035587],[-93.241334,45.035586],[-93.241402,45.035586],[-93.241993,45.035582],[-93.242032,45.035582],[-93.242125,45.035581],[-93.242185,45.035581],[-93.242207,45.035581],[-93.242967,45.035577],[-93.243707,45.035578],[-93.244104,45.035574],[-93.244729,45.03557],[-93.244775,45.03557],[-93.245014,45.035568],[-93.245361,45.035566],[-93.245428,45.035566],[-93.246018,45.035563],[-93.247211,45.035555],[-93.247388,45.035555],[-93.248559,45.035555],[-93.249848,45.035551],[-93.25023,45.035551],[-93.251115,45.035551],[-93.251146,45.035551],[-93.251184,45.035551],[-93.252271,45.03555],[-93.253165,45.03555],[-93.253224,45.03555],[-93.253295,45.03555],[-93.253852,45.035549],[-93.255456,45.035548],[-93.25547,45.035548],[-93.255528,45.035548],[-93.257463,45.035547],[-93.258459,45.035546],[-93.259919,45.035546],[-93.260017,45.035546],[-93.260109,45.035546],[-93.260804,45.035546],[-93.261049,45.035546],[-93.261089,45.035546],[-93.262038,45.035547],[-93.262498,45.035547],[-93.262741,45.035546],[-93.262899,45.035546],[-93.26381,45.035544],[-93.2651,45.035544],[-93.266389,45.035544],[-93.267608,45.035544],[-93.267671,45.03554],[-93.267741,45.035539],[-93.268554,45.035524],[-93.270046,45.035497],[-93.271727,45.035467],[-93.27203,45.035505],[-93.272827,45.035467],[-93.273074,45.035467],[-93.273147,45.035467],[-93.273212,45.035467],[-93.273308,45.035467],[-93.273529,45.035467],[-93.275224,45.035467],[-93.275718,45.035467],[-93.275885,45.035467],[-93.27603,45.035467],[-93.276283,45.035467],[-93.277355,45.035468],[-93.27797,45.035468],[-93.278014,45.035467],[-93.278027,45.035467],[-93.282054,45.035375],[-93.282427,45.035367],[-93.282487,45.035367],[-93.282957,45.035367],[-93.283427,45.035367],[-93.282127,45.039667],[-93.280827,45.043567],[-93.281446,45.047175],[-93.281451,45.047201],[-93.281455,45.04722],[-93.282227,45.051167],[-93.282927,45.053467],[-93.284454,45.056787],[-93.285227,45.058467],[-93.284069,45.064935],[-93.284027,45.065167],[-93.283527,45.066167],[-93.282223,45.069261],[-93.282202,45.069312],[-93.282095,45.069495],[-93.282074,45.069531],[-93.280827,45.071667],[-93.280816,45.071718],[-93.280127,45.074867],[-93.279027,45.080167],[-93.280127,45.083867],[-93.28016,45.085454],[-93.280193,45.087054],[-93.28021,45.087925],[-93.280228,45.088767],[-93.280178,45.088969],[-93.279928,45.089967],[-93.279805,45.091002],[-93.2798,45.091039],[-93.279681,45.092038],[-93.278549,45.101508],[-93.278367,45.103039],[-93.278328,45.103367],[-93.280328,45.105766],[-93.280713,45.106011],[-93.28351,45.107791],[-93.284728,45.108566],[-93.287947,45.110737],[-93.288868,45.110982],[-93.290472,45.111771],[-93.291459,45.112258],[-93.292193,45.112752],[-93.293401,45.1136],[-93.294338,45.114428],[-93.294797,45.114919],[-93.295071,45.115327],[-93.295244,45.115744],[-93.295493,45.116467],[-93.295743,45.117396],[-93.295958,45.118274],[-93.29606,45.119048],[-93.29606,45.119744],[-93.296093,45.121737],[-93.296096,45.121898],[-93.296529,45.122566],[-93.296883,45.125166],[-93.297129,45.126966],[-93.297971,45.127808],[-93.298258,45.128095],[-93.298544,45.128381],[-93.298829,45.128666],[-93.29884,45.128681],[-93.298987,45.128893],[-93.299166,45.129149],[-93.301129,45.131966],[-93.301929,45.132766],[-93.302129,45.133166],[-93.303529,45.133966],[-93.305029,45.135066],[-93.306702,45.136416],[-93.307625,45.1372],[-93.308309,45.137947],[-93.309098,45.139357],[-93.309073,45.139586],[-93.309007,45.14019],[-93.308911,45.140749],[-93.309395,45.141185],[-93.309422,45.141214],[-93.309781,45.141593],[-93.30984,45.141655],[-93.310205,45.142041],[-93.310229,45.142066],[-93.311545,45.143779],[-93.311605,45.143818],[-93.311629,45.143833],[-93.312129,45.144166],[-93.313629,45.144766],[-93.315729,45.145366],[-93.318229,45.145666],[-93.318979,45.145816],[-93.319729,45.145966],[-93.320455,45.146222],[-93.321182,45.146479],[-93.32313,45.147166],[-93.32343,45.147466],[-93.323927,45.147871],[-93.326129,45.149669],[-93.328151,45.15132],[-93.328205,45.151364],[-93.32833,45.151466],[-93.32839,45.151508],[-93.330567,45.153028],[-93.333656,45.154347],[-93.33575,45.155143],[-93.33785,45.156157],[-93.340161,45.1574],[-93.341279,45.15791],[-93.344839,45.159532],[-93.344944,45.15958],[-93.345049,45.159628],[-93.34623,45.160166],[-93.348416,45.162733],[-93.351322,45.166527],[-93.352891,45.168575],[-93.353473,45.169507],[-93.353548,45.169641],[-93.354397,45.170659],[-93.356156,45.172468],[-93.358228,45.174257],[-93.358831,45.174966],[-93.363735,45.176052],[-93.366545,45.176674],[-93.369354,45.177296],[-93.369392,45.177315],[-93.369445,45.177325],[-93.371393,45.177747],[-93.373137,45.178134],[-93.373302,45.17817],[-93.373431,45.178199],[-93.373581,45.178232],[-93.373731,45.178265],[-93.375431,45.178665],[-93.377532,45.179926],[-93.378221,45.18034],[-93.378233,45.180347],[-93.378915,45.180755],[-93.379423,45.18106],[-93.379932,45.181365],[-93.382702,45.183091],[-93.385472,45.184816],[-93.386027,45.185161],[-93.386142,45.185233],[-93.386582,45.185507],[-93.388295,45.186574],[-93.390009,45.187641],[-93.3906,45.188188],[-93.391189,45.188735],[-93.392511,45.189751],[-93.394036,45.190674],[-93.395539,45.191308],[-93.395563,45.191323],[-93.395632,45.191365],[-93.395691,45.191389],[-93.398595,45.192593],[-93.401499,45.193797],[-93.404149,45.194896],[-93.406799,45.195994],[-93.411688,45.198021],[-93.412034,45.198165],[-93.415234,45.200666],[-93.418497,45.205537],[-93.420879,45.209091],[-93.421934,45.210666],[-93.422455,45.211424],[-93.422825,45.211962],[-93.423034,45.212266],[-93.423299,45.212498],[-93.423379,45.212583],[-93.423849,45.213086],[-93.424413,45.213635],[-93.424917,45.2141],[-93.425534,45.214466],[-93.425924,45.214733],[-93.426334,45.214866],[-93.426411,45.214904],[-93.426707,45.215051],[-93.427053,45.215222],[-93.427734,45.215566],[-93.429479,45.216313],[-93.430395,45.21674],[-93.431188,45.217129],[-93.431814,45.217419],[-93.43247,45.217663],[-93.433068,45.217917],[-93.433172,45.217961],[-93.433734,45.218066],[-93.433828,45.218037],[-93.434072,45.218014],[-93.434108,45.218004],[-93.434377,45.217991],[-93.434734,45.217866],[-93.435542,45.217788],[-93.435955,45.217711],[-93.436541,45.217568],[-93.437201,45.217331],[-93.438085,45.217053],[-93.438826,45.216817],[-93.439653,45.216656],[-93.440298,45.21657],[-93.441527,45.216392],[-93.442251,45.216359],[-93.443167,45.216481],[-93.444052,45.216633],[-93.444166,45.216672],[-93.444735,45.216866],[-93.444968,45.216938],[-93.445975,45.217358],[-93.447546,45.218022],[-93.447764,45.218142],[-93.448828,45.218731],[-93.45072,45.219479],[-93.452215,45.219609],[-93.453345,45.219708],[-93.456535,45.219966],[-93.457108,45.220086],[-93.457632,45.220196],[-93.458167,45.220387],[-93.458746,45.220669],[-93.459387,45.221028],[-93.460074,45.221363],[-93.460608,45.221676],[-93.461173,45.222081],[-93.461676,45.222424],[-93.462241,45.222866],[-93.462683,45.223248],[-93.463355,45.223881],[-93.464407,45.224621],[-93.465535,45.225166],[-93.465949,45.225376],[-93.466528,45.225483],[-93.467642,45.225788],[-93.468924,45.225888],[-93.470282,45.225943],[-93.472006,45.225827],[-93.47341,45.225674],[-93.474081,45.225582],[-93.475012,45.225399],[-93.47608,45.225232],[-93.477072,45.225109],[-93.477333,45.225092],[-93.477691,45.225068],[-93.478445,45.225018],[-93.480628,45.224995],[-93.481071,45.224986],[-93.481406,45.224979],[-93.481742,45.224972],[-93.482235,45.225065],[-93.482563,45.225075],[-93.482741,45.22508],[-93.483617,45.225178],[-93.484214,45.225262],[-93.484824,45.225476],[-93.485471,45.225679],[-93.485877,45.225949],[-93.486538,45.22634],[-93.486643,45.226415],[-93.487007,45.226675],[-93.487197,45.226789],[-93.487525,45.226986],[-93.488268,45.22742],[-93.489219,45.228131],[-93.489285,45.228184],[-93.489636,45.228466],[-93.490394,45.228772],[-93.491279,45.22942],[-93.492317,45.230145],[-93.4934,45.23106],[-93.494392,45.231922],[-93.495109,45.232533],[-93.495704,45.23312],[-93.495832,45.233249],[-93.496253,45.23367],[-93.496894,45.234265],[-93.497083,45.234545],[-93.497306,45.234875],[-93.497536,45.235266],[-93.497886,45.235836],[-93.498161,45.236622],[-93.498374,45.237225],[-93.498573,45.237797],[-93.499061,45.238629],[-93.4999,45.239697],[-93.500236,45.240566],[-93.500358,45.240658],[-93.500587,45.240841],[-93.500999,45.241154],[-93.501365,45.241436],[-93.501439,45.241486],[-93.5016,45.241595],[-93.501794,45.241727],[-93.502239,45.24198],[-93.502485,45.242115],[-93.502683,45.242225],[-93.50322,45.242402],[-93.503957,45.242709],[-93.504662,45.242962],[-93.505291,45.243237],[-93.506258,45.243604],[-93.506733,45.243766],[-93.507409,45.244003],[-93.507793,45.244149],[-93.507945,45.244195],[-93.507968,45.244204],[-93.508544,45.244432],[-93.509526,45.244793],[-93.510426,45.245099],[-93.510492,45.245122],[-93.51109,45.245321],[-93.511749,45.245544],[-93.512192,45.245684],[-93.512244,45.245798],[-93.512297,45.245912],[-93.512326,45.245975],[-93.512346,45.246019],[-93.512355,45.246039],[-93.51261,45.246592],[-93.512651,45.246692],[-93.512644,45.24698],[-93.512556,45.250421],[-93.512524,45.251441],[-93.512513,45.251792],[-93.512516,45.25185],[-93.512518,45.25189],[-93.512512,45.252151],[-93.512507,45.25234],[-93.512484,45.25322],[-93.512484,45.253238],[-93.512465,45.253972],[-93.512455,45.254343],[-93.512405,45.256307],[-93.512401,45.256497],[-93.512349,45.258508],[-93.512344,45.258719],[-93.512402,45.259765],[-93.512429,45.25983],[-93.512459,45.259901],[-93.512444,45.260212],[-93.512329,45.262002],[-93.512291,45.262643],[-93.512236,45.263257],[-93.512223,45.263401],[-93.512209,45.263557],[-93.512175,45.264897],[-93.512154,45.265746],[-93.512138,45.26624],[-93.51212,45.266829],[-93.51209,45.267587],[-93.512085,45.267722],[-93.512074,45.268286],[-93.512062,45.268968],[-93.512043,45.270029],[-93.511989,45.270648],[-93.511845,45.276061],[-93.511836,45.276361],[-93.511798,45.277568],[-93.51178,45.278148],[-93.511705,45.28053],[-93.511586,45.284332],[-93.511575,45.284696],[-93.511568,45.284923],[-93.511547,45.285425],[-93.511465,45.287435],[-93.511407,45.28888],[-93.51134,45.29051],[-93.511313,45.291183],[-93.51129,45.291646],[-93.511284,45.291791],[-93.511279,45.291897],[-93.511268,45.292136],[-93.511175,45.294225],[-93.511159,45.294584],[-93.511105,45.295778],[-93.511079,45.296338],[-93.511067,45.296615],[-93.511137,45.297192],[-93.511181,45.29756],[-93.511268,45.298158],[-93.511268,45.298243],[-93.511235,45.298377],[-93.510994,45.299347]]]]},"properties":{"neighbourhood":"Anoka","neighbourhood_group":null}},{"type":"Feature","geometry":{"type":"MultiPolygon","coordinates":[[[[-93.106727,45.124105],[-93.104958,45.1241],[-93.104909,45.1241],[-93.103591,45.124103],[-93.10209,45.124106],[-93.099299,45.124087],[-93.099124,45.124086],[-93.097073,45.124089],[-93.096188,45.124091],[-93.095756,45.124092],[-93.092021,45.124072],[-93.091541,45.124069],[-93.091241,45.124068],[-93.087284,45.12405],[-93.087167,45.12405],[-93.086863,45.124051],[-93.08677,45.124052],[-93.086725,45.124052],[-93.084927,45.124059],[-93.083538,45.12407],[-93.081865,45.124085],[-93.080417,45.124073],[-93.078878,45.124065],[-93.076367,45.124054],[-93.076263,45.124054],[-93.072517,45.124079],[-93.072142,45.124091],[-93.072017,45.124095],[-93.070648,45.12408],[-93.065596,45.124024],[-93.05678,45.12401],[-93.056424,45.12404],[-93.056164,45.124046],[-93.055409,45.124061],[-93.052845,45.124057],[-93.050709,45.124018],[-93.049839,45.124003],[-93.049574,45.124002],[-93.048749,45.123998],[-93.048686,45.123998],[-93.047982,45.123994],[-93.047726,45.123982],[-93.047206,45.123957],[-93.044564,45.12394],[-93.041914,45.123925],[-93.039872,45.123919],[-93.036205,45.123888],[-93.036083,45.123887],[-93.03597,45.123886],[-93.035913,45.123883],[-93.032962,45.123919],[-93.032875,45.123917],[-93.03029,45.123867],[-93.029964,45.12387],[-93.029729,45.123872],[-93.02827,45.123882],[-93.027676,45.123886],[-93.025634,45.123842],[-93.025025,45.123838],[-93.024876,45.123812],[-93.02477,45.123813],[-93.023639,45.123828],[-93.023404,45.123831],[-93.02052,45.123868],[-93.020088,45.12385],[-93.019517,45.123827],[-93.019469,45.123827],[-93.018324,45.123818],[-93.017728,45.123814],[-93.017131,45.12381],[-93.015214,45.123796],[-93.013698,45.123785],[-93.013057,45.123784],[-93.012933,45.123784],[-93.007839,45.12379],[-93.006811,45.123773],[-93.006278,45.123764],[-93.004919,45.123759],[-93.004895,45.123759],[-93.003852,45.123755],[-93.00352,45.123755],[-93.003173,45.123756],[-93.003135,45.123756],[-93.00304,45.123756],[-93.00239,45.123762],[-93.001812,45.123766],[-93.00001,45.123779],[-92.997843,45.123769],[-92.99775,45.123769],[-92.997261,45.123768],[-92.997213,45.123768],[-92.997151,45.123768],[-92.997093,45.123768],[-92.997054,45.123768],[-92.997014,45.123767],[-92.995535,45.123764],[-92.994468,45.123762],[-92.994317,45.123761],[-92.992788,45.123754],[-92.992652,45.123753],[-92.992628,45.123753],[-92.992562,45.123753],[-92.991374,45.12376],[-92.990635,45.123764],[-92.990019,45.123763],[-92.98928,45.123762],[-92.984624,45.123759],[-92.984622,45.123624],[-92.984593,45.121966],[-92.984583,45.121378],[-92.984575,45.118903],[-92.984575,45.11884],[-92.984554,45.116111],[-92.984552,45.115939],[-92.984552,45.115883],[-92.984552,45.115794],[-92.98455,45.115666],[-92.984541,45.114661],[-92.984541,45.114638],[-92.98454,45.114599],[-92.98454,45.114537],[-92.984539,45.114458],[-92.984538,45.114256],[-92.984536,45.113939],[-92.984534,45.113622],[-92.984513,45.110194],[-92.984512,45.110066],[-92.984502,45.10851],[-92.984511,45.107227],[-92.984516,45.106654],[-92.984517,45.106517],[-92.984517,45.106377],[-92.984519,45.106127],[-92.98452,45.106034],[-92.98452,45.105989],[-92.98452,45.105961],[-92.984523,45.105545],[-92.984527,45.104962],[-92.984528,45.104753],[-92.984533,45.104171],[-92.984539,45.103051],[-92.984567,45.102471],[-92.984577,45.102252],[-92.98458,45.102183],[-92.984552,45.101384],[-92.984546,45.101008],[-92.984549,45.100862],[-92.984553,45.100685],[-92.984548,45.099949],[-92.984541,45.099233],[-92.984534,45.098412],[-92.984525,45.097201],[-92.98452,45.096803],[-92.984519,45.096736],[-92.984519,45.096657],[-92.984544,45.09404],[-92.984612,45.086565],[-92.984673,45.079868],[-92.984714,45.075374],[-92.9848,45.066016],[-92.984824,45.065887],[-92.984846,45.065771],[-92.984873,45.065628],[-92.984812,45.065552],[-92.984774,45.065471],[-92.984751,45.06537],[-92.984761,45.065286],[-92.984779,45.065126],[-92.984805,45.064738],[-92.984808,45.064061],[-92.984801,45.063773],[-92.9848,45.06373],[-92.984799,45.063672],[-92.984771,45.062504],[-92.984767,45.061171],[-92.984767,45.061064],[-92.984765,45.060231],[-92.984765,45.060184],[-92.984765,45.060138],[-92.984765,45.059909],[-92.984769,45.05774],[-92.984769,45.057594],[-92.984769,45.057477],[-92.984769,45.057444],[-92.98477,45.056894],[-92.984771,45.056629],[-92.984772,45.055738],[-92.984769,45.054891],[-92.984765,45.05397],[-92.984765,45.053918],[-92.984765,45.053865],[-92.984765,45.053793],[-92.984765,45.053776],[-92.984762,45.053019],[-92.984762,45.052995],[-92.984761,45.052746],[-92.98476,45.052532],[-92.984759,45.052448],[-92.984759,45.052276],[-92.984758,45.052162],[-92.984758,45.05215],[-92.984761,45.051771],[-92.984762,45.051617],[-92.984765,45.051299],[-92.984773,45.050245],[-92.984775,45.050045],[-92.984776,45.049864],[-92.984776,45.049684],[-92.984783,45.049152],[-92.984784,45.049064],[-92.984788,45.048458],[-92.984793,45.04754],[-92.984796,45.047077],[-92.984798,45.046721],[-92.984799,45.046457],[-92.984802,45.045792],[-92.984807,45.044939],[-92.98476,45.043765],[-92.984755,45.043624],[-92.984725,45.042853],[-92.984712,45.042521],[-92.984691,45.041986],[-92.984736,45.039681],[-92.984772,45.038015],[-92.984776,45.037828],[-92.984784,45.037441],[-92.984785,45.037069],[-92.984788,45.036497],[-92.984789,45.036077],[-92.98479,45.035786],[-92.98479,45.035773],[-92.984791,45.035413],[-92.984792,45.035108],[-92.984794,45.034291],[-92.984794,45.034278],[-92.984794,45.034225],[-92.984793,45.034051],[-92.984788,45.03322],[-92.984786,45.033068],[-92.984786,45.033038],[-92.984786,45.032997],[-92.984785,45.032766],[-92.98478,45.032045],[-92.984779,45.03182],[-92.984778,45.031638],[-92.984777,45.031468],[-92.984774,45.03119],[-92.984773,45.0311],[-92.984773,45.031063],[-92.984765,45.030248],[-92.984763,45.030222],[-92.984756,45.030114],[-92.984747,45.029996],[-92.984743,45.029936],[-92.984766,45.02935],[-92.98477,45.029254],[-92.984773,45.029191],[-92.984773,45.029053],[-92.984772,45.027059],[-92.984772,45.026933],[-92.984759,45.026305],[-92.98476,45.026284],[-92.984765,45.026151],[-92.984766,45.02606],[-92.984776,45.025094],[-92.984777,45.025043],[-92.98477,45.024209],[-92.984758,45.023687],[-92.98476,45.023199],[-92.984766,45.022177],[-92.984771,45.021186],[-92.984775,45.020425],[-92.984776,45.020313],[-92.984776,45.020286],[-92.984779,45.020011],[-92.984781,45.019833],[-92.984782,45.019746],[-92.984784,45.019561],[-92.984786,45.019424],[-92.984787,45.019193],[-92.984789,45.01906],[-92.984793,45.018668],[-92.984795,45.018521],[-92.984805,45.017561],[-92.984793,45.016745],[-92.984788,45.016447],[-92.984787,45.016392],[-92.984779,45.015966],[-92.984776,45.015815],[-92.984759,45.014896],[-92.984751,45.013979],[-92.984749,45.013094],[-92.984748,45.012209],[-92.984746,45.011311],[-92.984746,45.011273],[-92.984746,45.010363],[-92.984746,45.009467],[-92.984746,45.008565],[-92.984746,45.008548],[-92.984746,45.008029],[-92.984745,45.007651],[-92.98474,45.006737],[-92.984731,45.004847],[-92.984715,45.001488],[-92.984704,44.999565],[-92.984702,44.999435],[-92.984701,44.99938],[-92.9847,44.99933],[-92.984699,44.999271],[-92.984699,44.999257],[-92.984699,44.999229],[-92.984694,44.99885],[-92.984689,44.998484],[-92.984689,44.998449],[-92.984685,44.998119],[-92.984688,44.997401],[-92.984689,44.997172],[-92.984694,44.995903],[-92.984696,44.995219],[-92.984718,44.9948],[-92.984721,44.994753],[-92.984725,44.994682],[-92.984698,44.992275],[-92.984698,44.992243],[-92.984687,44.991336],[-92.984695,44.990087],[-92.984701,44.989105],[-92.984702,44.988687],[-92.984703,44.988446],[-92.984707,44.987607],[-92.984709,44.987083],[-92.984709,44.986686],[-92.984709,44.986047],[-92.984709,44.985702],[-92.984709,44.985464],[-92.984709,44.985331],[-92.984709,44.985315],[-92.984709,44.985049],[-92.984709,44.98502],[-92.984709,44.984856],[-92.984709,44.983472],[-92.984705,44.981389],[-92.984705,44.981373],[-92.984704,44.981096],[-92.984702,44.980288],[-92.984702,44.980091],[-92.984701,44.97987],[-92.984705,44.978653],[-92.984705,44.978623],[-92.984708,44.977758],[-92.984729,44.977415],[-92.984742,44.9768],[-92.984742,44.976721],[-92.984744,44.976658],[-92.984753,44.975954],[-92.984765,44.975678],[-92.984767,44.975622],[-92.984772,44.975371],[-92.984796,44.974098],[-92.984796,44.974077],[-92.984796,44.974057],[-92.984797,44.974019],[-92.984798,44.973954],[-92.9848,44.973884],[-92.9848,44.973858],[-92.984803,44.973715],[-92.984805,44.973524],[-92.984805,44.973513],[-92.984807,44.973316],[-92.984811,44.972992],[-92.984817,44.972502],[-92.984823,44.972031],[-92.984823,44.972017],[-92.984835,44.970475],[-92.984843,44.96867],[-92.984832,44.968265],[-92.984831,44.96824],[-92.984829,44.968165],[-92.984828,44.968132],[-92.984828,44.968121],[-92.984828,44.968106],[-92.984827,44.968071],[-92.984822,44.967888],[-92.984794,44.966867],[-92.984766,44.965861],[-92.984761,44.965665],[-92.98475,44.965279],[-92.984743,44.964447],[-92.984742,44.964318],[-92.984737,44.963254],[-92.984763,44.961668],[-92.984766,44.961455],[-92.984767,44.961429],[-92.984771,44.961304],[-92.984763,44.959607],[-92.98475,44.959168],[-92.98475,44.959081],[-92.984697,44.957777],[-92.984693,44.957356],[-92.984683,44.95617],[-92.984683,44.95612],[-92.984682,44.956014],[-92.984681,44.955925],[-92.98468,44.955858],[-92.98468,44.955839],[-92.98468,44.955799],[-92.98468,44.955771],[-92.98468,44.955747],[-92.984678,44.955521],[-92.984678,44.95435],[-92.98468,44.954169],[-92.984699,44.953779],[-92.984703,44.953721],[-92.984704,44.953679],[-92.984706,44.953633],[-92.984707,44.953589],[-92.984707,44.95349],[-92.984692,44.953034],[-92.984593,44.948941],[-92.984615,44.948787],[-92.984642,44.948524],[-92.984626,44.948346],[-92.984613,44.947938],[-92.984604,44.947638],[-92.984645,44.947412],[-92.984613,44.947037],[-92.984622,44.946116],[-92.984589,44.945793],[-92.98457,44.94565],[-92.984563,44.945536],[-92.984596,44.945188],[-92.984599,44.945104],[-92.984601,44.94504],[-92.984599,44.944976],[-92.984597,44.944765],[-92.984596,44.944607],[-92.98459,44.944459],[-92.984585,44.944391],[-92.984551,44.943351],[-92.984543,44.943139],[-92.984504,44.941424],[-92.984494,44.940062],[-92.984511,44.939071],[-92.984515,44.938812],[-92.984515,44.938773],[-92.984516,44.938238],[-92.984561,44.936246],[-92.984552,44.935998],[-92.9845,44.934514],[-92.9845,44.933968],[-92.9845,44.933753],[-92.9845,44.933644],[-92.984486,44.932645],[-92.98448,44.932189],[-92.984465,44.931163],[-92.984461,44.928026],[-92.984461,44.927909],[-92.984459,44.926114],[-92.984459,44.925756],[-92.984454,44.924251],[-92.984453,44.924029],[-92.984451,44.923345],[-92.984432,44.921548],[-92.98443,44.921328],[-92.984412,44.920648],[-92.984459,44.919944],[-92.984465,44.919871],[-92.984451,44.919803],[-92.984449,44.919736],[-92.98444,44.918771],[-92.984431,44.918725],[-92.98443,44.918069],[-92.984423,44.917648],[-92.984423,44.917635],[-92.984418,44.916267],[-92.984417,44.91613],[-92.984417,44.916024],[-92.984392,44.913681],[-92.984396,44.912535],[-92.984396,44.912523],[-92.984398,44.911814],[-92.9844,44.911149],[-92.984401,44.910788],[-92.984398,44.909755],[-92.984398,44.909646],[-92.98446,44.909395],[-92.984351,44.905897],[-92.984293,44.904795],[-92.98427,44.904159],[-92.984325,44.903869],[-92.984287,44.903584],[-92.984287,44.903511],[-92.984287,44.903422],[-92.984289,44.903114],[-92.984289,44.903104],[-92.984292,44.902488],[-92.98427,44.901967],[-92.984242,44.90139],[-92.984267,44.90124],[-92.984263,44.900905],[-92.98423,44.898207],[-92.984228,44.897736],[-92.984217,44.895638],[-92.984212,44.894596],[-92.984211,44.89443],[-92.984209,44.894],[-92.984208,44.893746],[-92.984194,44.890816],[-92.984219,44.890816],[-92.989239,44.890805],[-92.994284,44.890794],[-92.999395,44.890783],[-92.999749,44.890782],[-92.999788,44.890782],[-92.999875,44.890782],[-92.999943,44.89078],[-93.000101,44.890775],[-93.000385,44.890774],[-93.001125,44.890774],[-93.004322,44.890769],[-93.004426,44.890769],[-93.004459,44.890769],[-93.00504,44.890768],[-93.005383,44.890768],[-93.006239,44.890767],[-93.006269,44.890767],[-93.006338,44.890767],[-93.006493,44.890767],[-93.006515,44.890767],[-93.006636,44.890765],[-93.006727,44.890766],[-93.006775,44.890767],[-93.006803,44.890767],[-93.006834,44.890767],[-93.007176,44.890772],[-93.007423,44.890776],[-93.007794,44.890799],[-93.007943,44.89081],[-93.008385,44.890843],[-93.008773,44.890873],[-93.008812,44.890876],[-93.00924,44.890909],[-93.009492,44.890911],[-93.010255,44.890887],[-93.012932,44.890806],[-93.013237,44.890803],[-93.015473,44.890777],[-93.017549,44.890754],[-93.019172,44.890753],[-93.020045,44.890752],[-93.024608,44.894076],[-93.034734,44.897833],[-93.036803,44.899867],[-93.036818,44.899882],[-93.038756,44.901788],[-93.04057,44.903572],[-93.042126,44.905103],[-93.044802,44.911018],[-93.044806,44.911028],[-93.045167,44.911825],[-93.04518,44.912309],[-93.04874,44.917356],[-93.04904,44.917782],[-93.04991,44.919015],[-93.049952,44.919075],[-93.050059,44.919227],[-93.050253,44.919502],[-93.050889,44.919503],[-93.052775,44.919506],[-93.052836,44.919506],[-93.053443,44.919507],[-93.053574,44.919507],[-93.053627,44.919506],[-93.05364,44.919506],[-93.053672,44.919507],[-93.054909,44.91951],[-93.056579,44.919533],[-93.056599,44.919533],[-93.056623,44.919527],[-93.056685,44.919513],[-93.058096,44.919515],[-93.058123,44.919515],[-93.058292,44.919515],[-93.058319,44.919515],[-93.058897,44.919516],[-93.05898,44.919516],[-93.059019,44.919516],[-93.059329,44.919517],[-93.059648,44.919517],[-93.059667,44.919513],[-93.06136,44.919521],[-93.06321,44.919525],[-93.063252,44.919525],[-93.064508,44.919528],[-93.064581,44.919528],[-93.064647,44.919528],[-93.06472,44.919528],[-93.064882,44.919528],[-93.065277,44.919529],[-93.065389,44.919529],[-93.066247,44.919533],[-93.066527,44.919534],[-93.066885,44.919536],[-93.067832,44.91954],[-93.069089,44.919546],[-93.069109,44.919546],[-93.070955,44.919555],[-93.071019,44.919555],[-93.071589,44.919558],[-93.072896,44.919564],[-93.073013,44.919564],[-93.074674,44.919572],[-93.07482,44.919573],[-93.07552,44.919575],[-93.076422,44.919583],[-93.076466,44.919583],[-93.076933,44.919587],[-93.079972,44.919611],[-93.080675,44.919617],[-93.082139,44.919629],[-93.082152,44.919629],[-93.083606,44.919641],[-93.083726,44.919642],[-93.085073,44.919653],[-93.08568,44.919658],[-93.08583,44.919659],[-93.086549,44.91966],[-93.088017,44.919664],[-93.089463,44.919667],[-93.089477,44.919667],[-93.090034,44.919668],[-93.09054,44.919669],[-93.090911,44.91967],[-93.090911,44.919689],[-93.090917,44.920442],[-93.090917,44.920507],[-93.090918,44.920628],[-93.090922,44.921238],[-93.090918,44.921325],[-93.090923,44.921347],[-93.090924,44.921474],[-93.090924,44.921496],[-93.090924,44.921518],[-93.090926,44.921871],[-93.090929,44.922208],[-93.09093,44.922313],[-93.090934,44.922964],[-93.090935,44.923055],[-93.090935,44.923067],[-93.090936,44.923238],[-93.092223,44.923272],[-93.094321,44.923281],[-93.09543,44.923286],[-93.096008,44.923289],[-93.096023,44.923289],[-93.096071,44.923289],[-93.096068,44.922903],[-93.096068,44.922852],[-93.096066,44.922682],[-93.096064,44.922578],[-93.096053,44.921919],[-93.096052,44.921884],[-93.096049,44.921693],[-93.096048,44.921563],[-93.096041,44.920706],[-93.096039,44.920559],[-93.096032,44.92014],[-93.09603,44.920027],[-93.096027,44.919861],[-93.096025,44.919708],[-93.096025,44.919681],[-93.096057,44.919681],[-93.096099,44.919681],[-93.096353,44.919683],[-93.096379,44.919683],[-93.096509,44.919684],[-93.097574,44.919692],[-93.097629,44.919692],[-93.099379,44.919704],[-93.100588,44.919713],[-93.101774,44.919722],[-93.101813,44.919722],[-93.103171,44.919732],[-93.10322,44.919732],[-93.104567,44.919741],[-93.104609,44.919741],[-93.105777,44.91975],[-93.105836,44.91975],[-93.106936,44.919757],[-93.107028,44.919758],[-93.109447,44.919744],[-93.109881,44.919742],[-93.111283,44.919734],[-93.111533,44.919735],[-93.113713,44.919721],[-93.114056,44.919719],[-93.114456,44.919711],[-93.11448,44.919717],[-93.115335,44.919712],[-93.115447,44.919711],[-93.115562,44.91971],[-93.115734,44.919709],[-93.115749,44.919709],[-93.115836,44.919708],[-93.115918,44.919708],[-93.120093,44.919684],[-93.120264,44.919683],[-93.120375,44.919682],[-93.120405,44.919682],[-93.120435,44.919682],[-93.121163,44.919678],[-93.121214,44.919678],[-93.126223,44.919651],[-93.127048,44.919651],[-93.127203,44.919651],[-93.12863,44.91965],[-93.128681,44.919579],[-93.12887,44.919315],[-93.128946,44.919209],[-93.131225,44.916025],[-93.132577,44.912409],[-93.133667,44.908779],[-93.136514,44.905149],[-93.138009,44.904257],[-93.138208,44.904138],[-93.138498,44.903965],[-93.138523,44.90395],[-93.138609,44.903898],[-93.138672,44.903861],[-93.138709,44.903839],[-93.139207,44.903542],[-93.146331,44.899291],[-93.146384,44.899259],[-93.148027,44.897971],[-93.149059,44.897203],[-93.149922,44.896583],[-93.150485,44.896118],[-93.150498,44.896102],[-93.151136,44.895328],[-93.151611,44.89475],[-93.151818,44.894582],[-93.152239,44.894243],[-93.152801,44.893789],[-93.153033,44.893602],[-93.153151,44.893507],[-93.153174,44.893488],[-93.153592,44.89315],[-93.153901,44.8929],[-93.155044,44.892501],[-93.155131,44.892471],[-93.156572,44.891968],[-93.156813,44.891885],[-93.157001,44.891818],[-93.157026,44.891809],[-93.157452,44.891661],[-93.164347,44.890342],[-93.168177,44.888553],[-93.168919,44.888206],[-93.169585,44.888038],[-93.170305,44.887856],[-93.170323,44.887855],[-93.170883,44.88771],[-93.171853,44.887464],[-93.172102,44.887401],[-93.173053,44.887403],[-93.175689,44.887407],[-93.178539,44.88834],[-93.177663,44.889588],[-93.177688,44.890384],[-93.177781,44.891178],[-93.177638,44.891843],[-93.177286,44.89315],[-93.177249,44.89343],[-93.177201,44.893795],[-93.177539,44.893834],[-93.177877,44.893874],[-93.179616,44.894078],[-93.181355,44.894282],[-93.18149,44.894297],[-93.181556,44.894305],[-93.181628,44.894313],[-93.181797,44.894333],[-93.184682,44.894572],[-93.185449,44.894634],[-93.186389,44.894777],[-93.187646,44.89507],[-93.18851,44.895337],[-93.189374,44.895603],[-93.189523,44.895648],[-93.189671,44.895694],[-93.190211,44.895861],[-93.190651,44.896199],[-93.190766,44.896288],[-93.190882,44.896376],[-93.192081,44.897297],[-93.192304,44.898679],[-93.191647,44.899543],[-93.191399,44.90042],[-93.190881,44.901603],[-93.190869,44.90162],[-93.190889,44.901708],[-93.191086,44.902576],[-93.191282,44.903444],[-93.191383,44.903893],[-93.192367,44.904467],[-93.193687,44.905237],[-93.193794,44.905294],[-93.194023,44.905416],[-93.194322,44.905574],[-93.194859,44.905859],[-93.195163,44.90602],[-93.196003,44.906465],[-93.197515,44.907266],[-93.199027,44.908068],[-93.199493,44.908315],[-93.199959,44.908562],[-93.200049,44.908615],[-93.200138,44.908667],[-93.200334,44.908936],[-93.200426,44.909202],[-93.200584,44.909799],[-93.200624,44.910282],[-93.200663,44.910766],[-93.200727,44.911595],[-93.200791,44.912424],[-93.200886,44.913859],[-93.200927,44.914171],[-93.200938,44.914308],[-93.20095,44.914462],[-93.200985,44.914909],[-93.20101,44.915237],[-93.201027,44.915463],[-93.201208,44.917805],[-93.20132,44.919245],[-93.20136,44.919766],[-93.200428,44.924079],[-93.20012,44.925505],[-93.19985,44.926753],[-93.199812,44.926931],[-93.19979,44.927035],[-93.200253,44.930393],[-93.200288,44.930647],[-93.200297,44.930711],[-93.200768,44.934132],[-93.200792,44.934303],[-93.200647,44.937381],[-93.20064,44.937532],[-93.200452,44.941506],[-93.201521,44.944852],[-93.202661,44.948377],[-93.202691,44.948423],[-93.203685,44.949935],[-93.204709,44.951493],[-93.205019,44.951964],[-93.206913,44.952722],[-93.207519,44.952965],[-93.207752,44.953058],[-93.207758,44.953211],[-93.20776,44.953265],[-93.207762,44.95431],[-93.207763,44.954764],[-93.207765,44.954935],[-93.207772,44.955229],[-93.207772,44.955385],[-93.207783,44.956087],[-93.207788,44.956404],[-93.207767,44.957314],[-93.207769,44.958428],[-93.207772,44.958574],[-93.207778,44.958745],[-93.20777,44.95903],[-93.207771,44.959634],[-93.207771,44.959666],[-93.207771,44.959695],[-93.207771,44.959764],[-93.207771,44.959795],[-93.207771,44.959906],[-93.207771,44.959975],[-93.207771,44.960008],[-93.207771,44.960036],[-93.207769,44.96007],[-93.207765,44.960119],[-93.207764,44.960335],[-93.207763,44.960592],[-93.207757,44.962809],[-93.207742,44.964609],[-93.207734,44.966425],[-93.207727,44.968012],[-93.207715,44.969442],[-93.207714,44.969606],[-93.207712,44.970025],[-93.207705,44.971235],[-93.207697,44.971404],[-93.207694,44.9715],[-93.207703,44.971589],[-93.207696,44.972585],[-93.207693,44.973168],[-93.207688,44.974164],[-93.207688,44.974287],[-93.207684,44.974921],[-93.207682,44.97521],[-93.207679,44.975742],[-93.207676,44.976025],[-93.207673,44.976328],[-93.207674,44.976737],[-93.207674,44.976756],[-93.207671,44.977229],[-93.20765,44.980333],[-93.207641,44.981167],[-93.207613,44.984762],[-93.207588,44.988073],[-93.207575,44.989506],[-93.207567,44.990427],[-93.207559,44.991686],[-93.207578,44.995568],[-93.207597,44.998864],[-93.207603,45.000551],[-93.207604,45.000574],[-93.207603,45.000645],[-93.207602,45.000708],[-93.207529,45.006024],[-93.207541,45.006156],[-93.20757,45.006241],[-93.207643,45.006456],[-93.207592,45.006755],[-93.207522,45.007258],[-93.207524,45.007399],[-93.207605,45.013367],[-93.207714,45.017946],[-93.207714,45.017959],[-93.207787,45.0201],[-93.207803,45.020586],[-93.207821,45.021833],[-93.207831,45.022454],[-93.207832,45.022492],[-93.207834,45.02262],[-93.207836,45.022749],[-93.207862,45.024325],[-93.207867,45.024618],[-93.207902,45.026383],[-93.207927,45.027563],[-93.207937,45.027788],[-93.20795,45.027804],[-93.20803,45.029589],[-93.208034,45.029736],[-93.208049,45.030613],[-93.208062,45.031412],[-93.208077,45.032236],[-93.208106,45.033468],[-93.208108,45.033575],[-93.208108,45.033823],[-93.208098,45.035042],[-93.208093,45.035746],[-93.208434,45.035745],[-93.210631,45.035735],[-93.211869,45.03573],[-93.211925,45.03573],[-93.213169,45.035724],[-93.215718,45.035713],[-93.216981,45.035708],[-93.217044,45.035708],[-93.218231,45.0357],[-93.21838,45.0357],[-93.219499,45.0357],[-93.220162,45.035698],[-93.22075,45.035696],[-93.221986,45.035692],[-93.22204,45.035692],[-93.223733,45.035685],[-93.225747,45.035681],[-93.22693,45.035673],[-93.226939,45.036019],[-93.226954,45.036335],[-93.226965,45.036827],[-93.226963,45.037156],[-93.226962,45.037445],[-93.226958,45.038538],[-93.226957,45.038932],[-93.226957,45.039],[-93.226964,45.039896],[-93.226966,45.040081],[-93.226967,45.040252],[-93.226971,45.040668],[-93.226974,45.040972],[-93.226975,45.041081],[-93.226979,45.042358],[-93.22698,45.042536],[-93.226992,45.044114],[-93.227002,45.045868],[-93.227005,45.046266],[-93.227005,45.046315],[-93.227006,45.046375],[-93.227072,45.047238],[-93.227069,45.047849],[-93.22706,45.049939],[-93.227027,45.051876],[-93.227013,45.052714],[-93.227022,45.053066],[-93.227051,45.054265],[-93.227091,45.055875],[-93.227107,45.057072],[-93.227121,45.058035],[-93.227123,45.058166],[-93.227133,45.058922],[-93.227147,45.05953],[-93.227152,45.059666],[-93.227174,45.060344],[-93.227182,45.060594],[-93.227188,45.060772],[-93.227202,45.061198],[-93.227206,45.06146],[-93.227209,45.061621],[-93.227212,45.061786],[-93.227208,45.063566],[-93.227207,45.063831],[-93.227236,45.064844],[-93.227237,45.06487],[-93.227237,45.064984],[-93.227238,45.065029],[-93.227242,45.065366],[-93.227247,45.065792],[-93.227311,45.069603],[-93.227355,45.071476],[-93.227359,45.071669],[-93.22737,45.072124],[-93.227331,45.072868],[-93.227389,45.073096],[-93.227424,45.075142],[-93.227454,45.075718],[-93.227461,45.076465],[-93.227463,45.076736],[-93.227472,45.077768],[-93.227495,45.078606],[-93.227499,45.078758],[-93.227504,45.078926],[-93.227552,45.080381],[-93.227556,45.080518],[-93.227558,45.08064],[-93.227562,45.080966],[-93.227582,45.082354],[-93.227593,45.083169],[-93.227616,45.084164],[-93.22762,45.084337],[-93.227633,45.084745],[-93.227642,45.085941],[-93.227681,45.087643],[-93.227683,45.087746],[-93.227674,45.088366],[-93.227665,45.088976],[-93.227665,45.088995],[-93.227701,45.090179],[-93.227702,45.090248],[-93.227703,45.090292],[-93.227703,45.090305],[-93.227706,45.090704],[-93.227711,45.091123],[-93.227712,45.091219],[-93.227718,45.091654],[-93.227724,45.092088],[-93.22773,45.092737],[-93.227735,45.09318],[-93.227735,45.093219],[-93.227734,45.093289],[-93.227734,45.093346],[-93.227729,45.093364],[-93.227749,45.096897],[-93.227736,45.09693],[-93.227756,45.100409],[-93.227807,45.102164],[-93.227809,45.102234],[-93.227817,45.104063],[-93.227829,45.107091],[-93.227821,45.107203],[-93.227811,45.107437],[-93.227811,45.107552],[-93.227812,45.107958],[-93.227815,45.110074],[-93.227815,45.110314],[-93.227843,45.111294],[-93.227845,45.111352],[-93.227844,45.111409],[-93.227829,45.113626],[-93.227844,45.11495],[-93.228022,45.115354],[-93.228101,45.11555],[-93.228114,45.115649],[-93.22812,45.1158],[-93.228094,45.115878],[-93.228035,45.116055],[-93.227996,45.116128],[-93.227968,45.11622],[-93.227928,45.116318],[-93.22789,45.116417],[-93.227875,45.116467],[-93.227862,45.116508],[-93.227842,45.116576],[-93.22782,45.11667],[-93.22779,45.116799],[-93.227766,45.118574],[-93.227697,45.124519],[-93.227697,45.124535],[-93.226839,45.124535],[-93.225092,45.124535],[-93.22323,45.124527],[-93.222696,45.124525],[-93.222558,45.124498],[-93.221383,45.124495],[-93.220227,45.124475],[-93.220118,45.124473],[-93.219334,45.124474],[-93.218424,45.124485],[-93.218266,45.124479],[-93.21738,45.124471],[-93.215336,45.124462],[-93.214675,45.124459],[-93.21361,45.124453],[-93.213323,45.124383],[-93.212977,45.124403],[-93.212821,45.124412],[-93.212673,45.12442],[-93.212083,45.124454],[-93.211065,45.124449],[-93.209097,45.124438],[-93.206852,45.124425],[-93.206695,45.124424],[-93.204672,45.124405],[-93.200692,45.124399],[-93.200417,45.124399],[-93.198987,45.124396],[-93.198835,45.124396],[-93.198301,45.124393],[-93.198027,45.124392],[-93.196542,45.124385],[-93.195745,45.124381],[-93.195627,45.12438],[-93.193031,45.124369],[-93.192878,45.124369],[-93.190748,45.124373],[-93.189961,45.124374],[-93.188708,45.124376],[-93.188415,45.124377],[-93.187625,45.124378],[-93.187454,45.124378],[-93.187227,45.124371],[-93.186283,45.124342],[-93.185162,45.124329],[-93.184351,45.124331],[-93.184134,45.124331],[-93.180773,45.124348],[-93.17919,45.124335],[-93.178984,45.124334],[-93.178499,45.12433],[-93.1781,45.124327],[-93.177572,45.124322],[-93.175226,45.124326],[-93.173896,45.124328],[-93.1729,45.124329],[-93.172231,45.12433],[-93.171632,45.124329],[-93.169816,45.124326],[-93.169669,45.124326],[-93.169473,45.124325],[-93.165408,45.124303],[-93.165194,45.124302],[-93.163963,45.12429],[-93.163396,45.124285],[-93.160705,45.12426],[-93.158182,45.124233],[-93.157521,45.124225],[-93.155962,45.124208],[-93.155413,45.124211],[-93.15354,45.12422],[-93.153394,45.124221],[-93.153339,45.124221],[-93.152537,45.124225],[-93.150074,45.124214],[-93.148503,45.12421],[-93.148361,45.12421],[-93.148007,45.124211],[-93.144603,45.12422],[-93.144039,45.124221],[-93.143364,45.124219],[-93.143168,45.124219],[-93.142744,45.124218],[-93.142513,45.124217],[-93.141684,45.124215],[-93.140719,45.124207],[-93.140511,45.124205],[-93.139087,45.124194],[-93.138831,45.124193],[-93.137531,45.124187],[-93.134517,45.124173],[-93.13258,45.124159],[-93.130364,45.124137],[-93.129228,45.124135],[-93.12747,45.124133],[-93.126643,45.12413],[-93.125293,45.124121],[-93.122357,45.12413],[-93.122096,45.124131],[-93.121838,45.124132],[-93.12162,45.124133],[-93.120331,45.124128],[-93.11979,45.124127],[-93.117681,45.124122],[-93.117248,45.124121],[-93.117037,45.124119],[-93.115481,45.124116],[-93.114249,45.124112],[-93.11219,45.124111],[-93.111839,45.124111],[-93.10995,45.124111],[-93.108642,45.12411],[-93.107007,45.124106],[-93.106727,45.124105]]]]},"properties":{"neighbourhood":"Ramsey","neighbourhood_group":null}},{"type":"Feature","geometry":{"type":"MultiPolygon","coordinates":[[[[-93.512798,45.645158],[-93.512799,45.645183],[-93.51281,45.64569],[-93.512809,45.646694],[-93.512809,45.646997],[-93.512829,45.648114],[-93.512816,45.648898],[-93.512762,45.649336],[-93.512705,45.649515],[-93.512805,45.649654],[-93.512816,45.649997],[-93.512786,45.650719],[-93.512806,45.651659],[-93.51269,45.654024],[-93.512688,45.663157],[-93.512677,45.676083],[-93.51241,45.677577],[-93.512364,45.677833],[-93.512368,45.677909],[-93.512363,45.677998],[-93.512355,45.678143],[-93.512327,45.678647],[-93.512146,45.688195],[-93.512114,45.688405],[-93.51211,45.688446],[-93.512103,45.688517],[-93.512114,45.688615],[-93.512279,45.690062],[-93.512095,45.702793],[-93.512192,45.710115],[-93.512187,45.710721],[-93.512203,45.711714],[-93.512237,45.712512],[-93.512269,45.714612],[-93.512267,45.714753],[-93.512313,45.715573],[-93.512313,45.715611],[-93.512324,45.71701],[-93.512331,45.71737],[-93.512381,45.718586],[-93.512403,45.718818],[-93.512491,45.719743],[-93.512554,45.720449],[-93.512603,45.720992],[-93.512626,45.721273],[-93.512703,45.722239],[-93.512749,45.722754],[-93.512876,45.724196],[-93.512922,45.724726],[-93.512942,45.724953],[-93.513,45.725956],[-93.51301,45.726123],[-93.513071,45.726825],[-93.51311,45.72726],[-93.513138,45.727711],[-93.513176,45.728333],[-93.513189,45.728539],[-93.513315,45.729813],[-93.513394,45.730963],[-93.513484,45.73224],[-93.513587,45.733362],[-93.513684,45.734319],[-93.513576,45.734321],[-93.513334,45.734327],[-93.512192,45.734314],[-93.510943,45.73427],[-93.510461,45.73426],[-93.508393,45.734218],[-93.507269,45.734189],[-93.505645,45.734149],[-93.505022,45.734126],[-93.504184,45.734095],[-93.502615,45.73407],[-93.501591,45.734028],[-93.500353,45.733989],[-93.50024,45.733985],[-93.500005,45.733978],[-93.498304,45.73394],[-93.496492,45.733888],[-93.494528,45.733842],[-93.493534,45.733819],[-93.490547,45.733724],[-93.488616,45.733653],[-93.487166,45.733617],[-93.4862,45.733612],[-93.484737,45.733571],[-93.483326,45.733515],[-93.482219,45.733485],[-93.482098,45.733482],[-93.473217,45.733242],[-93.472278,45.733217],[-93.469817,45.733151],[-93.468029,45.733117],[-93.466387,45.733048],[-93.465253,45.733021],[-93.463886,45.732989],[-93.462818,45.732964],[-93.461892,45.732935],[-93.461165,45.732912],[-93.457636,45.732823],[-93.457168,45.732809],[-93.456273,45.732781],[-93.456067,45.732775],[-93.455854,45.732769],[-93.455203,45.73275],[-93.448752,45.732561],[-93.444539,45.732438],[-93.442799,45.732408],[-93.441225,45.732356],[-93.440723,45.73234],[-93.437206,45.732226],[-93.436289,45.732196],[-93.434278,45.73215],[-93.433532,45.73213],[-93.432455,45.732094],[-93.431071,45.732048],[-93.426342,45.731916],[-93.425229,45.731909],[-93.422015,45.731803],[-93.420942,45.731781],[-93.420585,45.73177],[-93.419826,45.731745],[-93.418631,45.731732],[-93.417609,45.731687],[-93.416875,45.731664],[-93.416514,45.731653],[-93.415463,45.731647],[-93.415237,45.731628],[-93.414425,45.731606],[-93.406884,45.731401],[-93.406165,45.731398],[-93.404894,45.731393],[-93.404782,45.731393],[-93.404662,45.73134],[-93.404628,45.731325],[-93.404498,45.731296],[-93.404309,45.731255],[-93.403715,45.731227],[-93.399757,45.731079],[-93.398725,45.731054],[-93.397518,45.730995],[-93.395165,45.730921],[-93.394343,45.730892],[-93.393307,45.73088],[-93.391963,45.730829],[-93.390897,45.730782],[-93.389922,45.730745],[-93.388984,45.730718],[-93.38889,45.730715],[-93.386618,45.730733],[-93.385278,45.730748],[-93.384176,45.730752],[-93.383455,45.73075],[-93.381937,45.730764],[-93.380604,45.730786],[-93.380466,45.730782],[-93.37944,45.73077],[-93.379374,45.730773],[-93.379066,45.730787],[-93.379045,45.730788],[-93.375252,45.730812],[-93.37357,45.730915],[-93.368749,45.730772],[-93.365463,45.730819],[-93.363103,45.73082],[-93.36245,45.730828],[-93.361315,45.730841],[-93.358268,45.73088],[-93.35729,45.730893],[-93.353684,45.730869],[-93.351348,45.730848],[-93.35052,45.730841],[-93.350179,45.730838],[-93.348359,45.730839],[-93.347937,45.730839],[-93.346405,45.730844],[-93.346029,45.730845],[-93.343019,45.730855],[-93.340722,45.730856],[-93.335859,45.730874],[-93.334056,45.730877],[-93.329805,45.730889],[-93.329272,45.73089],[-93.32777,45.730902],[-93.327584,45.730903],[-93.326648,45.73091],[-93.321107,45.730926],[-93.32105,45.730926],[-93.319639,45.73093],[-93.31733,45.73093],[-93.313575,45.730941],[-93.312661,45.730927],[-93.312548,45.730925],[-93.312504,45.730924],[-93.3101,45.730909],[-93.308401,45.730888],[-93.308028,45.730884],[-93.307012,45.730906],[-93.301069,45.730977],[-93.30059,45.730973],[-93.297691,45.730946],[-93.287291,45.730852],[-93.286493,45.730844],[-93.286438,45.730843],[-93.28629,45.730842],[-93.265897,45.73066],[-93.250144,45.730518],[-93.229646,45.730782],[-93.227662,45.730788],[-93.220454,45.730808],[-93.220093,45.730807],[-93.219319,45.730812],[-93.218572,45.730812],[-93.209343,45.730664],[-93.20913,45.730681],[-93.208823,45.730704],[-93.208183,45.730704],[-93.207534,45.730705],[-93.207359,45.730704],[-93.207133,45.730703],[-93.207017,45.730702],[-93.20444,45.73069],[-93.203647,45.730686],[-93.200697,45.730672],[-93.195027,45.730628],[-93.194713,45.730627],[-93.19438,45.730626],[-93.192113,45.730618],[-93.1901,45.730589],[-93.188546,45.730563],[-93.187496,45.730542],[-93.186937,45.730541],[-93.185776,45.730532],[-93.185683,45.730531],[-93.185372,45.730529],[-93.184266,45.730524],[-93.183306,45.73052],[-93.182908,45.730518],[-93.179699,45.730539],[-93.178824,45.730545],[-93.178179,45.730545],[-93.17809,45.730545],[-93.177452,45.730547],[-93.176757,45.730556],[-93.175912,45.730567],[-93.175233,45.730569],[-93.172998,45.730575],[-93.171752,45.730598],[-93.171419,45.73059],[-93.170197,45.730587],[-93.169873,45.730577],[-93.169068,45.730551],[-93.168821,45.730522],[-93.168657,45.730467],[-93.167987,45.730596],[-93.167181,45.730618],[-93.165703,45.730656],[-93.162905,45.730663],[-93.162789,45.730665],[-93.162651,45.730664],[-93.161147,45.730668],[-93.157442,45.730593],[-93.155402,45.730611],[-93.151819,45.730626],[-93.149403,45.730613],[-93.14803,45.73063],[-93.147161,45.73064],[-93.145651,45.730637],[-93.144631,45.730643],[-93.143279,45.730652],[-93.142369,45.730656],[-93.142151,45.730656],[-93.141863,45.730658],[-93.141794,45.730658],[-93.141794,45.730652],[-93.141796,45.730421],[-93.141799,45.730029],[-93.1418,45.729904],[-93.1418,45.729864],[-93.1418,45.72985],[-93.141802,45.72956],[-93.141805,45.729155],[-93.141812,45.727633],[-93.141816,45.726836],[-93.141818,45.726048],[-93.141823,45.726033],[-93.141844,45.723643],[-93.141844,45.723626],[-93.141844,45.723605],[-93.141844,45.723583],[-93.141844,45.723571],[-93.141845,45.723472],[-93.141845,45.723435],[-93.141845,45.723422],[-93.141855,45.722409],[-93.141856,45.721697],[-93.141864,45.716255],[-93.141866,45.715089],[-93.141868,45.714958],[-93.141895,45.713538],[-93.141891,45.711762],[-93.141887,45.709766],[-93.141885,45.709616],[-93.141843,45.709188],[-93.14177,45.708433],[-93.141759,45.707714],[-93.141775,45.70682],[-93.141743,45.706445],[-93.141737,45.706368],[-93.141722,45.705864],[-93.14171,45.704875],[-93.141687,45.704348],[-93.141661,45.703766],[-93.141646,45.703155],[-93.141621,45.702501],[-93.141587,45.70203],[-93.141582,45.701777],[-93.141586,45.701597],[-93.141588,45.70104],[-93.141598,45.69811],[-93.141635,45.687348],[-93.141663,45.679538],[-93.141677,45.674988],[-93.141681,45.673194],[-93.141681,45.673159],[-93.141742,45.656651],[-93.141744,45.655367],[-93.141751,45.65359],[-93.141759,45.651462],[-93.141762,45.650406],[-93.141763,45.650244],[-93.141775,45.646653],[-93.141775,45.646635],[-93.141778,45.645894],[-93.141778,45.645718],[-93.141778,45.645557],[-93.141778,45.64522],[-93.141778,45.644964],[-93.141778,45.644868],[-93.141778,45.644772],[-93.141778,45.644649],[-93.141779,45.644279],[-93.141779,45.644245],[-93.141794,45.640787],[-93.141808,45.637077],[-93.141808,45.637052],[-93.141808,45.637039],[-93.141808,45.636998],[-93.141809,45.636926],[-93.141814,45.636183],[-93.141814,45.636144],[-93.141818,45.634774],[-93.141825,45.632657],[-93.141832,45.630316],[-93.141845,45.627196],[-93.141969,45.62411],[-93.141964,45.624092],[-93.142006,45.623587],[-93.141988,45.622945],[-93.141985,45.622831],[-93.141983,45.622745],[-93.141981,45.622662],[-93.14197,45.622264],[-93.14197,45.622251],[-93.14197,45.622192],[-93.141944,45.621378],[-93.141976,45.618962],[-93.14199,45.618017],[-93.142,45.617332],[-93.142,45.617316],[-93.142,45.617301],[-93.142001,45.617278],[-93.142001,45.617246],[-93.142001,45.617227],[-93.142001,45.617216],[-93.142003,45.616983],[-93.142005,45.616802],[-93.142011,45.616221],[-93.142015,45.615801],[-93.142012,45.615571],[-93.142007,45.615067],[-93.141999,45.614303],[-93.14199,45.614094],[-93.141982,45.614065],[-93.141954,45.613962],[-93.141955,45.611084],[-93.141956,45.609257],[-93.141956,45.607429],[-93.141956,45.607265],[-93.141956,45.6071],[-93.141956,45.606777],[-93.141956,45.606453],[-93.141956,45.605178],[-93.141957,45.603903],[-93.141957,45.6026],[-93.141958,45.601401],[-93.141958,45.601378],[-93.141962,45.588509],[-93.141955,45.588334],[-93.141954,45.588313],[-93.141822,45.584911],[-93.141818,45.584807],[-93.141818,45.584796],[-93.141815,45.584717],[-93.141749,45.583551],[-93.141746,45.583499],[-93.141742,45.583435],[-93.141734,45.583293],[-93.141728,45.58318],[-93.141677,45.582275],[-93.141634,45.581499],[-93.141592,45.580724],[-93.141589,45.580683],[-93.141546,45.580204],[-93.141609,45.580147],[-93.141694,45.580066],[-93.141742,45.580021],[-93.141758,45.579863],[-93.141758,45.579734],[-93.141758,45.579592],[-93.141758,45.579576],[-93.141758,45.579551],[-93.141759,45.578948],[-93.141759,45.578917],[-93.141753,45.578785],[-93.141741,45.578524],[-93.141736,45.578383],[-93.14174,45.578143],[-93.141742,45.578049],[-93.141849,45.572147],[-93.141958,45.566151],[-93.141963,45.565862],[-93.141968,45.565556],[-93.14197,45.56542],[-93.14197,45.565404],[-93.141971,45.565361],[-93.141971,45.565351],[-93.141972,45.565317],[-93.141972,45.565301],[-93.141976,45.55811],[-93.125223,45.558173],[-93.120497,45.558077],[-93.120248,45.558072],[-93.120122,45.558074],[-93.120021,45.558073],[-93.119888,45.558072],[-93.119843,45.558072],[-93.114658,45.558034],[-93.109252,45.557993],[-93.109182,45.557993],[-93.104019,45.557971],[-93.103895,45.557973],[-93.10349,45.557981],[-93.101285,45.557988],[-93.100752,45.55799],[-93.100529,45.557991],[-93.100493,45.557991],[-93.100469,45.557991],[-93.098294,45.557998],[-93.098072,45.557999],[-93.097866,45.558],[-93.09783,45.558],[-93.0976,45.558014],[-93.0968,45.557999],[-93.096555,45.557994],[-93.094008,45.557984],[-93.093502,45.557982],[-93.08298,45.557939],[-93.073269,45.557795],[-93.073247,45.557795],[-93.072944,45.557787],[-93.072264,45.557777],[-93.071962,45.557776],[-93.071573,45.557774],[-93.067956,45.557771],[-93.066954,45.55777],[-93.064076,45.557754],[-93.063234,45.557745],[-93.063216,45.557745],[-93.062517,45.557737],[-93.059301,45.557732],[-93.059089,45.557738],[-93.05907,45.557739],[-93.058768,45.557748],[-93.058723,45.557749],[-93.058655,45.557751],[-93.05864,45.557754],[-93.058577,45.557764],[-93.05849,45.557779],[-93.058456,45.557794],[-93.056264,45.557772],[-93.054072,45.557751],[-93.054053,45.557751],[-93.053781,45.557748],[-93.053763,45.557748],[-93.050742,45.557718],[-93.047906,45.557691],[-93.047709,45.557689],[-93.043325,45.557539],[-93.042176,45.5575],[-93.041644,45.55746],[-93.041349,45.557438],[-93.040734,45.557406],[-93.040565,45.557397],[-93.040019,45.55739],[-93.03935,45.557382],[-93.037651,45.557398],[-93.036604,45.557391],[-93.036506,45.55739],[-93.034855,45.557379],[-93.034689,45.557379],[-93.034672,45.557379],[-93.033069,45.557379],[-93.032951,45.557379],[-93.032421,45.557371],[-93.032289,45.557369],[-93.031684,45.557362],[-93.031465,45.557359],[-93.030654,45.557338],[-93.028756,45.557288],[-93.027561,45.557259],[-93.026244,45.557227],[-93.025145,45.557219],[-93.02508,45.557218],[-93.025018,45.557218],[-93.024867,45.557217],[-93.022825,45.557161],[-93.022334,45.557157],[-93.022276,45.557156],[-93.022173,45.557186],[-93.022153,45.557204],[-93.021965,45.557447],[-93.021965,45.557335],[-93.021965,45.557282],[-93.021965,45.557245],[-93.021965,45.557185],[-93.021967,45.555569],[-93.021968,45.554188],[-93.021974,45.550341],[-93.021567,45.542563],[-93.02166,45.542456],[-93.021667,45.542432],[-93.021706,45.542299],[-93.021721,45.542004],[-93.021725,45.541942],[-93.021672,45.541029],[-93.02164,45.540648],[-93.021639,45.540631],[-93.021631,45.540539],[-93.021626,45.540478],[-93.02163,45.540273],[-93.021639,45.539917],[-93.021678,45.539421],[-93.021728,45.538977],[-93.021731,45.538951],[-93.02176,45.538694],[-93.021762,45.538672],[-93.021765,45.538648],[-93.021781,45.538511],[-93.021827,45.538104],[-93.022053,45.535602],[-93.022092,45.534949],[-93.022084,45.534178],[-93.022055,45.533383],[-93.022055,45.533373],[-93.022052,45.533285],[-93.022051,45.533171],[-93.022038,45.531867],[-93.022033,45.531658],[-93.022012,45.53093],[-93.022002,45.530872],[-93.021995,45.530828],[-93.021986,45.530774],[-93.021931,45.530448],[-93.021926,45.530421],[-93.021816,45.53024],[-93.021788,45.530194],[-93.021892,45.529163],[-93.021927,45.528863],[-93.02198,45.528188],[-93.02214,45.527097],[-93.022199,45.526695],[-93.022244,45.526391],[-93.022233,45.526251],[-93.022242,45.525956],[-93.022241,45.525713],[-93.02224,45.525449],[-93.022238,45.524461],[-93.022237,45.524287],[-93.022234,45.523249],[-93.022237,45.523151],[-93.022231,45.521735],[-93.022229,45.521583],[-93.022229,45.521569],[-93.022229,45.521557],[-93.022228,45.521496],[-93.022225,45.521322],[-93.02222,45.52091],[-93.022217,45.520716],[-93.022215,45.520522],[-93.022212,45.520315],[-93.022212,45.520296],[-93.022212,45.520207],[-93.022212,45.520123],[-93.022212,45.520025],[-93.022212,45.519942],[-93.022213,45.519873],[-93.022213,45.519859],[-93.022213,45.519833],[-93.022217,45.516851],[-93.022218,45.51508],[-93.022218,45.515063],[-93.02222,45.51351],[-93.02222,45.513498],[-93.022222,45.512164],[-93.022222,45.512117],[-93.022223,45.511655],[-93.022285,45.510499],[-93.022388,45.508587],[-93.02238,45.506549],[-93.022353,45.506057],[-93.022327,45.505882],[-93.022323,45.505854],[-93.022316,45.505807],[-93.022317,45.505743],[-93.022361,45.501042],[-93.022318,45.49997],[-93.022275,45.499319],[-93.022265,45.499027],[-93.022262,45.498935],[-93.022259,45.498821],[-93.022226,45.497865],[-93.022192,45.496891],[-93.022157,45.495897],[-93.022153,45.495765],[-93.022123,45.494891],[-93.021799,45.488214],[-93.021789,45.488003],[-93.021774,45.487693],[-93.021705,45.486266],[-93.02166,45.484935],[-93.02166,45.484923],[-93.021665,45.484434],[-93.021671,45.483911],[-93.021675,45.483361],[-93.02168,45.482811],[-93.021681,45.482751],[-93.021693,45.48149],[-93.021691,45.481202],[-93.021689,45.480863],[-93.021684,45.480184],[-93.021682,45.4798],[-93.021681,45.479698],[-93.021681,45.479658],[-93.0217,45.477705],[-93.021699,45.477638],[-93.021687,45.476439],[-93.021686,45.475807],[-93.021684,45.475072],[-93.021684,45.474949],[-93.021685,45.474371],[-93.021693,45.472573],[-93.021694,45.47228],[-93.021694,45.471867],[-93.021693,45.471235],[-93.021693,45.470602],[-93.021693,45.470585],[-93.021693,45.470565],[-93.021693,45.470456],[-93.021693,45.470431],[-93.021693,45.470417],[-93.021692,45.470399],[-93.02169,45.470367],[-93.021685,45.47023],[-93.021667,45.469795],[-93.021641,45.469171],[-93.021626,45.468808],[-93.021611,45.468445],[-93.021605,45.468219],[-93.021592,45.467756],[-93.021573,45.467073],[-93.021572,45.467045],[-93.02157,45.466988],[-93.021569,45.46697],[-93.021537,45.46589],[-93.021531,45.465684],[-93.021519,45.465314],[-93.021507,45.464944],[-93.021474,45.464213],[-93.021442,45.463482],[-93.021418,45.462832],[-93.02139,45.461707],[-93.021385,45.461511],[-93.021367,45.460884],[-93.021318,45.459456],[-93.021312,45.459269],[-93.021302,45.458809],[-93.021301,45.458743],[-93.0213,45.458676],[-93.021294,45.458387],[-93.021278,45.457573],[-93.021251,45.456529],[-93.021237,45.455999],[-93.021207,45.454759],[-93.021196,45.45429],[-93.021177,45.45347],[-93.021145,45.452357],[-93.021141,45.452218],[-93.02111,45.451238],[-93.02109,45.450645],[-93.021059,45.448603],[-93.021025,45.445469],[-93.02102,45.444996],[-93.02102,45.44492],[-93.021022,45.443157],[-93.021017,45.442059],[-93.021013,45.44099],[-93.020993,45.440674],[-93.020619,45.434899],[-93.020581,45.434269],[-93.020543,45.433639],[-93.020529,45.43341],[-93.020515,45.43318],[-93.020463,45.432332],[-93.020412,45.431485],[-93.020355,45.430474],[-93.020229,45.428249],[-93.020104,45.426024],[-93.019702,45.418896],[-93.019566,45.411772],[-93.019682,45.411774],[-93.028855,45.411891],[-93.029437,45.411898],[-93.029822,45.411903],[-93.029975,45.411905],[-93.030049,45.411906],[-93.030087,45.411907],[-93.030158,45.411908],[-93.030414,45.411911],[-93.03098,45.411918],[-93.030995,45.411918],[-93.031375,45.411922],[-93.035411,45.411992],[-93.039448,45.412061],[-93.039835,45.412068],[-93.039864,45.412068],[-93.041427,45.412101],[-93.042184,45.412113],[-93.042697,45.412119],[-93.043028,45.412122],[-93.043369,45.412126],[-93.043711,45.412129],[-93.044372,45.412136],[-93.045279,45.412138],[-93.049107,45.412184],[-93.052934,45.41223],[-93.058061,45.41235],[-93.063192,45.412471],[-93.065911,45.412652],[-93.068021,45.412663],[-93.068235,45.412666],[-93.068828,45.412675],[-93.068982,45.412677],[-93.070558,45.412702],[-93.071321,45.412705],[-93.071659,45.412706],[-93.072392,45.412709],[-93.073308,45.412729],[-93.073465,45.412732],[-93.073623,45.412736],[-93.074443,45.412754],[-93.074806,45.41275],[-93.075297,45.412745],[-93.075787,45.41274],[-93.075913,45.41274],[-93.076038,45.41274],[-93.078411,45.412727],[-93.080785,45.412715],[-93.082625,45.412724],[-93.083247,45.412727],[-93.083768,45.412787],[-93.083826,45.412794],[-93.085326,45.41295],[-93.086827,45.413107],[-93.088557,45.413288],[-93.090288,45.413468],[-93.091411,45.413585],[-93.092534,45.413702],[-93.092871,45.413738],[-93.09294,45.413745],[-93.093274,45.41378],[-93.101242,45.413655],[-93.10126,45.413655],[-93.101331,45.413654],[-93.101921,45.413667],[-93.101958,45.413668],[-93.101977,45.413668],[-93.102081,45.41367],[-93.102495,45.41368],[-93.102528,45.41368],[-93.107817,45.413649],[-93.125223,45.413546],[-93.142066,45.413644],[-93.142141,45.413644],[-93.142222,45.413646],[-93.142245,45.413647],[-93.157682,45.41407],[-93.16292,45.414213],[-93.177423,45.41412],[-93.1783,45.414115],[-93.179784,45.414108],[-93.180874,45.414103],[-93.183489,45.414079],[-93.207738,45.41387],[-93.209746,45.413855],[-93.209999,45.413853],[-93.22484,45.413805],[-93.226819,45.413828],[-93.227805,45.413829],[-93.229563,45.413806],[-93.232428,45.413799],[-93.233646,45.413797],[-93.235159,45.413797],[-93.235329,45.413799],[-93.235499,45.413801],[-93.235742,45.413803],[-93.235985,45.413806],[-93.236351,45.413807],[-93.23671,45.413807],[-93.237265,45.413811],[-93.237746,45.413814],[-93.238336,45.4138],[-93.238584,45.413794],[-93.239016,45.413775],[-93.240552,45.413714],[-93.24082,45.413713],[-93.240861,45.413712],[-93.240875,45.413712],[-93.240923,45.413712],[-93.241012,45.413712],[-93.24212,45.413708],[-93.242349,45.41371],[-93.242366,45.413711],[-93.249011,45.413795],[-93.249316,45.413799],[-93.250229,45.41381],[-93.251879,45.41378],[-93.252701,45.413765],[-93.255996,45.41376],[-93.256342,45.413792],[-93.257181,45.413793],[-93.257736,45.41379],[-93.259788,45.41378],[-93.260974,45.413774],[-93.262312,45.413748],[-93.263856,45.413728],[-93.2643,45.413709],[-93.265361,45.4137],[-93.265469,45.413699],[-93.270985,45.413669],[-93.271286,45.413695],[-93.271376,45.413688],[-93.271647,45.413666],[-93.271943,45.413662],[-93.272415,45.413676],[-93.272582,45.413676],[-93.274176,45.413673],[-93.274334,45.413673],[-93.27531,45.413663],[-93.275589,45.413663],[-93.276429,45.413664],[-93.277239,45.413673],[-93.278485,45.41367],[-93.278992,45.413674],[-93.280228,45.413657],[-93.280778,45.413679],[-93.282237,45.413672],[-93.284574,45.413675],[-93.285774,45.413689],[-93.285849,45.413689],[-93.288648,45.413676],[-93.289247,45.413682],[-93.291057,45.413686],[-93.291989,45.413698],[-93.293199,45.413699],[-93.293708,45.413692],[-93.295393,45.413681],[-93.295603,45.413691],[-93.295728,45.41373],[-93.299031,45.413717],[-93.30312,45.413706],[-93.308674,45.413689],[-93.309708,45.413687],[-93.309873,45.413687],[-93.321827,45.413652],[-93.321871,45.413652],[-93.322159,45.413652],[-93.326884,45.41364],[-93.327022,45.41364],[-93.329643,45.413633],[-93.332476,45.413626],[-93.336816,45.413613],[-93.337242,45.413612],[-93.337339,45.413612],[-93.337376,45.413612],[-93.337954,45.41361],[-93.339771,45.413587],[-93.34237,45.413578],[-93.34457,45.413572],[-93.346132,45.413567],[-93.346271,45.413566],[-93.34641,45.413564],[-93.346648,45.413562],[-93.346887,45.41356],[-93.347182,45.413559],[-93.347478,45.413559],[-93.348791,45.413557],[-93.350104,45.413555],[-93.350421,45.413554],[-93.350456,45.413554],[-93.350525,45.413554],[-93.351261,45.413553],[-93.351566,45.413552],[-93.3537,45.413545],[-93.354556,45.413543],[-93.354639,45.413543],[-93.357256,45.413625],[-93.359763,45.413645],[-93.362215,45.413657],[-93.362256,45.413657],[-93.362316,45.413657],[-93.362479,45.413658],[-93.363202,45.413662],[-93.367725,45.413692],[-93.375233,45.413585],[-93.378378,45.413596],[-93.382343,45.413609],[-93.382408,45.413609],[-93.384689,45.413617],[-93.385382,45.413619],[-93.385401,45.413619],[-93.388284,45.41363],[-93.388433,45.413631],[-93.38961,45.413633],[-93.389798,45.413621],[-93.390011,45.413624],[-93.39402,45.413648],[-93.394652,45.41365],[-93.396404,45.413657],[-93.396417,45.413668],[-93.409058,45.413736],[-93.409367,45.413783],[-93.409721,45.413799],[-93.411317,45.413804],[-93.411444,45.413804],[-93.412104,45.413806],[-93.414911,45.413754],[-93.417113,45.413755],[-93.417249,45.41376],[-93.41761,45.413773],[-93.418431,45.413803],[-93.418961,45.413813],[-93.419046,45.413813],[-93.419787,45.41381],[-93.420553,45.413787],[-93.424894,45.413784],[-93.42518,45.413784],[-93.425198,45.413784],[-93.431637,45.413777],[-93.438917,45.413749],[-93.438926,45.413729],[-93.439063,45.413657],[-93.439335,45.413624],[-93.440941,45.413653],[-93.44328,45.413676],[-93.445522,45.413704],[-93.447571,45.41372],[-93.449641,45.413737],[-93.454508,45.413789],[-93.45665,45.413812],[-93.45827,45.413857],[-93.463505,45.413921],[-93.464671,45.413922],[-93.466741,45.413924],[-93.467275,45.413929],[-93.468836,45.413954],[-93.470557,45.413982],[-93.47067,45.413985],[-93.470689,45.413985],[-93.470706,45.413985],[-93.470731,45.413985],[-93.470745,45.413985],[-93.471005,45.413989],[-93.48225,45.414042],[-93.482275,45.414042],[-93.48416,45.414051],[-93.488904,45.414074],[-93.490672,45.414142],[-93.492202,45.414202],[-93.492981,45.414235],[-93.494293,45.41429],[-93.494439,45.414296],[-93.494558,45.414301],[-93.494592,45.414302],[-93.494775,45.41431],[-93.494798,45.414311],[-93.49524,45.41433],[-93.495857,45.414355],[-93.500236,45.414539],[-93.50056,45.414553],[-93.510072,45.414799],[-93.510143,45.416612],[-93.510131,45.416719],[-93.510084,45.417124],[-93.510069,45.417641],[-93.510089,45.417974],[-93.510095,45.418076],[-93.510096,45.41809],[-93.510099,45.41814],[-93.510099,45.418278],[-93.510097,45.418767],[-93.510094,45.419887],[-93.510089,45.421639],[-93.510088,45.421823],[-93.510099,45.423107],[-93.510079,45.423458],[-93.510095,45.423609],[-93.510105,45.423708],[-93.510096,45.423889],[-93.510108,45.424083],[-93.510109,45.424511],[-93.510105,45.425304],[-93.510101,45.426052],[-93.510101,45.426681],[-93.510133,45.428267],[-93.510113,45.429015],[-93.510148,45.429751],[-93.510148,45.430073],[-93.510148,45.431348],[-93.510163,45.431386],[-93.510193,45.432702],[-93.510206,45.43309],[-93.510218,45.433462],[-93.510222,45.434132],[-93.510227,45.434971],[-93.510229,45.435405],[-93.510249,45.436197],[-93.51028,45.437488],[-93.510285,45.43759],[-93.510343,45.438827],[-93.510333,45.438934],[-93.510348,45.439455],[-93.510359,45.440363],[-93.510377,45.44103],[-93.51041,45.442211],[-93.510434,45.443444],[-93.510432,45.446963],[-93.510431,45.450398],[-93.510395,45.450524],[-93.510356,45.45057],[-93.510365,45.450605],[-93.510477,45.451057],[-93.510481,45.451411],[-93.510505,45.453739],[-93.510551,45.457957],[-93.51056,45.460272],[-93.51058,45.465195],[-93.510588,45.469922],[-93.510591,45.47188],[-93.510589,45.472039],[-93.510596,45.472138],[-93.510599,45.47217],[-93.510595,45.472379],[-93.5106,45.474148],[-93.510595,45.475351],[-93.510594,45.475495],[-93.510592,45.475936],[-93.510589,45.476587],[-93.510593,45.477211],[-93.510613,45.478993],[-93.510641,45.479505],[-93.510621,45.479743],[-93.510606,45.480194],[-93.510566,45.48144],[-93.510539,45.482265],[-93.510539,45.482735],[-93.510539,45.482752],[-93.510539,45.48323],[-93.510539,45.483748],[-93.51054,45.484093],[-93.51054,45.484419],[-93.51054,45.484995],[-93.510543,45.485533],[-93.510546,45.486224],[-93.510549,45.486814],[-93.510549,45.486877],[-93.510551,45.487076],[-93.510551,45.487099],[-93.510556,45.488018],[-93.510557,45.488173],[-93.510592,45.489532],[-93.510565,45.491049],[-93.51058,45.491582],[-93.510632,45.493547],[-93.510635,45.493654],[-93.51059,45.496059],[-93.510583,45.496772],[-93.510573,45.497732],[-93.510558,45.499224],[-93.510549,45.500063],[-93.510537,45.501195],[-93.510531,45.501821],[-93.510526,45.502302],[-93.510514,45.503418],[-93.510505,45.504304],[-93.510496,45.505142],[-93.510486,45.506077],[-93.510475,45.507128],[-93.510474,45.507552],[-93.510521,45.515511],[-93.510521,45.515553],[-93.510563,45.522769],[-93.510564,45.522855],[-93.510567,45.523453],[-93.510573,45.524339],[-93.510579,45.525395],[-93.51058,45.525649],[-93.510586,45.52656],[-93.510592,45.527533],[-93.510595,45.528055],[-93.510601,45.529177],[-93.510603,45.529523],[-93.51061,45.53063],[-93.510615,45.531534],[-93.510617,45.531739],[-93.510619,45.532283],[-93.510624,45.533086],[-93.510628,45.533786],[-93.510633,45.534501],[-93.510634,45.535012],[-93.510637,45.535174],[-93.510638,45.535458],[-93.510644,45.536501],[-93.51065,45.537351],[-93.51065,45.537392],[-93.510657,45.538644],[-93.510668,45.540634],[-93.510677,45.541943],[-93.510678,45.542168],[-93.510678,45.542393],[-93.51068,45.542571],[-93.510681,45.54274],[-93.510683,45.543163],[-93.51069,45.544179],[-93.51069,45.544289],[-93.51069,45.544341],[-93.510692,45.544416],[-93.510693,45.544439],[-93.510704,45.546508],[-93.510705,45.546584],[-93.510705,45.546659],[-93.510706,45.546772],[-93.510706,45.546885],[-93.510707,45.546904],[-93.510717,45.551859],[-93.510717,45.552015],[-93.510722,45.552321],[-93.51081,45.555211],[-93.510826,45.555738],[-93.510709,45.55865],[-93.510706,45.558773],[-93.510792,45.560488],[-93.51081,45.56082],[-93.510822,45.561029],[-93.51084,45.561417],[-93.510869,45.561809],[-93.510871,45.56251],[-93.510879,45.562656],[-93.510893,45.562928],[-93.5109,45.563115],[-93.510928,45.563857],[-93.510954,45.56444],[-93.510967,45.564711],[-93.510985,45.565095],[-93.510989,45.565173],[-93.510984,45.565352],[-93.511026,45.565981],[-93.511051,45.566346],[-93.51107,45.566872],[-93.511086,45.567319],[-93.511092,45.567489],[-93.511136,45.568705],[-93.511201,45.569915],[-93.511233,45.57115],[-93.511278,45.573296],[-93.511282,45.573516],[-93.511343,45.575231],[-93.511373,45.576168],[-93.511415,45.577471],[-93.511466,45.580704],[-93.511476,45.581001],[-93.511486,45.581322],[-93.511506,45.582593],[-93.511514,45.58285],[-93.511565,45.584658],[-93.511589,45.58618],[-93.511603,45.587168],[-93.511647,45.588038],[-93.511669,45.588454],[-93.511685,45.589566],[-93.511703,45.590074],[-93.511726,45.590742],[-93.511744,45.591735],[-93.511749,45.592025],[-93.511804,45.593394],[-93.51182,45.594422],[-93.511823,45.594615],[-93.511825,45.594746],[-93.511823,45.596144],[-93.511868,45.597063],[-93.511882,45.597347],[-93.511889,45.597737],[-93.511893,45.59799],[-93.511917,45.598544],[-93.511913,45.599762],[-93.511925,45.600604],[-93.511947,45.60209],[-93.511963,45.602592],[-93.512024,45.604881],[-93.512033,45.605222],[-93.512014,45.605852],[-93.512036,45.606956],[-93.512022,45.607696],[-93.512066,45.609888],[-93.512077,45.611269],[-93.512094,45.612301],[-93.512098,45.613394],[-93.512103,45.613679],[-93.512125,45.615014],[-93.51213,45.61535],[-93.512132,45.615459],[-93.512138,45.615796],[-93.512143,45.617118],[-93.512187,45.618882],[-93.512196,45.619215],[-93.512206,45.620301],[-93.51225,45.621508],[-93.512249,45.621541],[-93.512236,45.62196],[-93.512271,45.622716],[-93.512285,45.623471],[-93.512294,45.62393],[-93.512305,45.624987],[-93.512327,45.625224],[-93.512337,45.625523],[-93.512401,45.627512],[-93.512426,45.628238],[-93.512447,45.629802],[-93.512473,45.630588],[-93.512496,45.631346],[-93.512514,45.632634],[-93.512567,45.633963],[-93.51259,45.635414],[-93.512627,45.636778],[-93.512645,45.637818],[-93.512687,45.639322],[-93.512705,45.640117],[-93.512722,45.64091],[-93.512746,45.641975],[-93.512775,45.643825],[-93.512782,45.644495],[-93.512798,45.645158]]]]},"properties":{"neighbourhood":"Isanti","neighbourhood_group":null}},{"type":"Feature","geometry":{"type":"MultiPolygon","coordinates":[[[[-92.984519,45.096657],[-92.984519,45.096736],[-92.98452,45.096803],[-92.984525,45.097201],[-92.984534,45.098412],[-92.984541,45.099233],[-92.984548,45.099949],[-92.984553,45.100685],[-92.984549,45.100862],[-92.984546,45.101008],[-92.984552,45.101384],[-92.98458,45.102183],[-92.984577,45.102252],[-92.984567,45.102471],[-92.984539,45.103051],[-92.984533,45.104171],[-92.984528,45.104753],[-92.984527,45.104962],[-92.984523,45.105545],[-92.98452,45.105961],[-92.98452,45.105989],[-92.98452,45.106034],[-92.984519,45.106127],[-92.984517,45.106377],[-92.984517,45.106517],[-92.984516,45.106654],[-92.984511,45.107227],[-92.984502,45.10851],[-92.984512,45.110066],[-92.984513,45.110194],[-92.984534,45.113622],[-92.984536,45.113939],[-92.984538,45.114256],[-92.984539,45.114458],[-92.98454,45.114537],[-92.98454,45.114599],[-92.984541,45.114638],[-92.984541,45.114661],[-92.98455,45.115666],[-92.984552,45.115794],[-92.984552,45.115883],[-92.984552,45.115939],[-92.984554,45.116111],[-92.984575,45.11884],[-92.984575,45.118903],[-92.984583,45.121378],[-92.984593,45.121966],[-92.984622,45.123624],[-92.984624,45.123759],[-92.98928,45.123762],[-92.990019,45.123763],[-92.990635,45.123764],[-92.991374,45.12376],[-92.992562,45.123753],[-92.992628,45.123753],[-92.992652,45.123753],[-92.992788,45.123754],[-92.994317,45.123761],[-92.994468,45.123762],[-92.995535,45.123764],[-92.997014,45.123767],[-92.997054,45.123768],[-92.997093,45.123768],[-92.997151,45.123768],[-92.997213,45.123768],[-92.997261,45.123768],[-92.99775,45.123769],[-92.997843,45.123769],[-93.00001,45.123779],[-93.001812,45.123766],[-93.00239,45.123762],[-93.00304,45.123756],[-93.003135,45.123756],[-93.003173,45.123756],[-93.00352,45.123755],[-93.003852,45.123755],[-93.004895,45.123759],[-93.004919,45.123759],[-93.006278,45.123764],[-93.006811,45.123773],[-93.007839,45.12379],[-93.012933,45.123784],[-93.013057,45.123784],[-93.013698,45.123785],[-93.015214,45.123796],[-93.017131,45.12381],[-93.017728,45.123814],[-93.018324,45.123818],[-93.019469,45.123827],[-93.019517,45.123827],[-93.020088,45.12385],[-93.02052,45.123868],[-93.020451,45.124561],[-93.020451,45.124744],[-93.02045,45.124958],[-93.020449,45.125171],[-93.020444,45.126898],[-93.020443,45.12691],[-93.020413,45.133747],[-93.020412,45.134118],[-93.020407,45.135599],[-93.02039,45.140585],[-93.02039,45.140748],[-93.020387,45.141594],[-93.020392,45.141782],[-93.020417,45.142341],[-93.020412,45.143297],[-93.020413,45.143557],[-93.020413,45.143681],[-93.020422,45.144008],[-93.020424,45.144055],[-93.020423,45.144096],[-93.02041,45.14444],[-93.020396,45.145154],[-93.020391,45.145602],[-93.020384,45.145893],[-93.020391,45.146257],[-93.020352,45.146689],[-93.02035,45.146707],[-93.020333,45.146752],[-93.020316,45.146798],[-93.020352,45.151679],[-93.020352,45.151732],[-93.020364,45.153254],[-93.020371,45.153582],[-93.020372,45.153626],[-93.020355,45.154364],[-93.020377,45.155848],[-93.02036,45.157176],[-93.020369,45.15796],[-93.020348,45.159056],[-93.020301,45.161465],[-93.020297,45.161677],[-93.020301,45.162197],[-93.020307,45.162983],[-93.020311,45.16412],[-93.020306,45.164224],[-93.020295,45.164518],[-93.020293,45.164698],[-93.020291,45.164922],[-93.020287,45.165531],[-93.020285,45.16573],[-93.020264,45.168454],[-93.020251,45.16912],[-93.020252,45.169532],[-93.020271,45.171033],[-93.020281,45.171314],[-93.020275,45.171712],[-93.020264,45.171878],[-93.020269,45.172108],[-93.020267,45.172275],[-93.020247,45.173142],[-93.020234,45.173699],[-93.020224,45.174187],[-93.020215,45.174268],[-93.020172,45.178019],[-93.020169,45.178462],[-93.020164,45.179376],[-93.020125,45.180442],[-93.020125,45.181774],[-93.020109,45.182303],[-93.020072,45.183483],[-93.020072,45.183878],[-93.020073,45.184929],[-93.020055,45.186416],[-93.020041,45.18768],[-93.02003,45.188147],[-93.020028,45.188483],[-93.020026,45.18925],[-93.020033,45.189358],[-93.020033,45.189382],[-93.02002,45.191128],[-93.020001,45.191906],[-93.01999,45.193654],[-93.019993,45.193721],[-93.019994,45.194389],[-93.019995,45.195998],[-93.020011,45.19645],[-93.019995,45.197307],[-93.020011,45.1985],[-93.019981,45.200994],[-93.019824,45.206744],[-93.019796,45.208315],[-93.019768,45.209371],[-93.019751,45.210685],[-93.01975,45.210743],[-93.019748,45.210897],[-93.019738,45.211682],[-93.019738,45.211994],[-93.019731,45.213664],[-93.019716,45.214761],[-93.019708,45.21535],[-93.019688,45.216246],[-93.019664,45.218902],[-93.019659,45.219478],[-93.019626,45.223139],[-93.019614,45.223948],[-93.019611,45.225249],[-93.019482,45.230788],[-93.019435,45.231707],[-93.01942,45.232468],[-93.019412,45.233895],[-93.01935,45.24523],[-93.019445,45.250929],[-93.019499,45.254087],[-93.019513,45.257293],[-93.019514,45.257792],[-93.019514,45.258086],[-93.019528,45.260139],[-93.019549,45.264817],[-93.019558,45.267079],[-93.019563,45.268058],[-93.019564,45.268346],[-93.019563,45.268658],[-93.019528,45.275003],[-93.019501,45.281997],[-93.01952,45.28247],[-93.01954,45.282959],[-93.01954,45.282997],[-93.019537,45.283833],[-93.019494,45.285043],[-93.01949,45.28624],[-93.01949,45.286405],[-93.019489,45.286762],[-93.019487,45.287619],[-93.019497,45.288159],[-93.019507,45.288845],[-93.019522,45.290406],[-93.019533,45.291174],[-93.01953,45.291388],[-93.019526,45.291575],[-93.019527,45.291648],[-93.019527,45.291835],[-93.01953,45.292267],[-93.019532,45.292711],[-93.019534,45.293257],[-93.019538,45.293901],[-93.019545,45.295709],[-93.019553,45.296932],[-93.019443,45.296931],[-93.019036,45.29693],[-93.016876,45.296918],[-93.016049,45.296914],[-93.015851,45.296924],[-93.014579,45.296906],[-93.014558,45.296905],[-93.014541,45.296905],[-93.014305,45.296902],[-93.014098,45.296903],[-93.013377,45.296907],[-93.009458,45.29688],[-93.007554,45.296888],[-93.007379,45.296889],[-93.006889,45.296893],[-93.00648,45.296887],[-93.005214,45.296869],[-93.004119,45.296867],[-93.00378,45.296866],[-93.003759,45.296866],[-93.003361,45.296867],[-93.003237,45.296868],[-93.003221,45.296868],[-93.002869,45.296871],[-93.002847,45.296871],[-93.002628,45.296861],[-93.002609,45.29686],[-93.002276,45.296845],[-93.00225,45.296845],[-93.002011,45.296833],[-93.001957,45.29683],[-93.000018,45.296814],[-92.9997,45.296811],[-92.99948,45.296808],[-92.998628,45.296803],[-92.998599,45.296803],[-92.997996,45.296803],[-92.997567,45.296803],[-92.995599,45.296805],[-92.994151,45.296818],[-92.994034,45.296819],[-92.993545,45.296824],[-92.993515,45.296824],[-92.992722,45.296832],[-92.99248,45.296835],[-92.991779,45.296831],[-92.990595,45.296826],[-92.987493,45.296813],[-92.987469,45.296813],[-92.987063,45.296816],[-92.986964,45.296817],[-92.986808,45.296819],[-92.986785,45.296819],[-92.986354,45.296823],[-92.984579,45.296807],[-92.984007,45.296809],[-92.983948,45.296791],[-92.983718,45.296768],[-92.982834,45.296765],[-92.982817,45.296765],[-92.982802,45.296765],[-92.982758,45.296765],[-92.982455,45.296762],[-92.982009,45.296758],[-92.981855,45.296756],[-92.980383,45.296736],[-92.979677,45.296729],[-92.979582,45.296729],[-92.97952,45.296729],[-92.979501,45.296729],[-92.974535,45.296683],[-92.974362,45.296682],[-92.974064,45.296679],[-92.974008,45.296679],[-92.973972,45.296677],[-92.973831,45.296676],[-92.973787,45.296676],[-92.973774,45.296676],[-92.972016,45.296672],[-92.971004,45.296675],[-92.970968,45.296669],[-92.96862,45.296668],[-92.965742,45.296668],[-92.965716,45.296668],[-92.963202,45.296668],[-92.96092,45.296668],[-92.960213,45.296661],[-92.958397,45.296644],[-92.95733,45.296634],[-92.95098,45.296574],[-92.950966,45.296574],[-92.943076,45.296476],[-92.941122,45.296451],[-92.940921,45.296449],[-92.940874,45.296448],[-92.938692,45.296421],[-92.938317,45.296416],[-92.937942,45.296412],[-92.937798,45.29641],[-92.936688,45.296396],[-92.935439,45.296381],[-92.935373,45.29638],[-92.935358,45.29638],[-92.935324,45.296379],[-92.935311,45.296379],[-92.935298,45.296379],[-92.933704,45.296359],[-92.93087,45.296323],[-92.928922,45.2963],[-92.927327,45.296281],[-92.927017,45.296274],[-92.926829,45.296272],[-92.92664,45.29627],[-92.912191,45.296252],[-92.91215,45.296252],[-92.907776,45.296246],[-92.907651,45.296246],[-92.907525,45.296246],[-92.906983,45.296245],[-92.905815,45.296244],[-92.903884,45.296265],[-92.901911,45.296229],[-92.901355,45.296219],[-92.901341,45.296219],[-92.901289,45.296219],[-92.900649,45.296241],[-92.900598,45.296243],[-92.896841,45.296257],[-92.896769,45.296258],[-92.896722,45.296258],[-92.896199,45.29626],[-92.895719,45.296262],[-92.895158,45.296235],[-92.894745,45.296215],[-92.894322,45.296207],[-92.893809,45.296215],[-92.892563,45.296213],[-92.891,45.296241],[-92.888897,45.296264],[-92.887112,45.296266],[-92.887096,45.296266],[-92.886169,45.296272],[-92.885371,45.296276],[-92.884198,45.296278],[-92.882008,45.296299],[-92.881079,45.296291],[-92.880997,45.29629],[-92.880773,45.296292],[-92.879937,45.296297],[-92.878653,45.296304],[-92.878593,45.296304],[-92.878503,45.296305],[-92.877504,45.296311],[-92.875829,45.296313],[-92.867863,45.296302],[-92.867496,45.296302],[-92.86703,45.296301],[-92.866807,45.296301],[-92.864448,45.296307],[-92.856408,45.296327],[-92.855149,45.296321],[-92.8551,45.296321],[-92.855008,45.296321],[-92.846159,45.296284],[-92.84304,45.29632],[-92.839415,45.29634],[-92.839051,45.296342],[-92.837838,45.296343],[-92.83778,45.296343],[-92.836945,45.296343],[-92.835856,45.296343],[-92.835799,45.296343],[-92.834642,45.296345],[-92.832928,45.296354],[-92.832888,45.296354],[-92.832855,45.296354],[-92.832839,45.296354],[-92.83282,45.296354],[-92.832797,45.296354],[-92.832768,45.296354],[-92.832732,45.296354],[-92.832253,45.296356],[-92.8315,45.296353],[-92.831471,45.296353],[-92.831441,45.296352],[-92.831388,45.296352],[-92.830733,45.296349],[-92.829157,45.296348],[-92.828607,45.296336],[-92.827491,45.296341],[-92.827081,45.296343],[-92.82679,45.296345],[-92.825492,45.296337],[-92.825473,45.296337],[-92.822597,45.296341],[-92.822185,45.296342],[-92.821796,45.296341],[-92.821648,45.296342],[-92.821481,45.296343],[-92.820808,45.296349],[-92.820232,45.296353],[-92.818621,45.296341],[-92.817315,45.296337],[-92.815934,45.29634],[-92.815895,45.296339],[-92.815434,45.296335],[-92.815218,45.296333],[-92.814896,45.296331],[-92.814877,45.296331],[-92.811047,45.2963],[-92.809401,45.296286],[-92.802705,45.296232],[-92.802443,45.296271],[-92.802074,45.296285],[-92.800999,45.296284],[-92.800532,45.296284],[-92.799992,45.296279],[-92.798289,45.296265],[-92.798122,45.296264],[-92.797403,45.296262],[-92.796442,45.296264],[-92.795507,45.29626],[-92.794869,45.296245],[-92.794717,45.296244],[-92.794537,45.296242],[-92.794201,45.296239],[-92.793838,45.296235],[-92.793521,45.296232],[-92.793204,45.296229],[-92.793179,45.296229],[-92.793146,45.296229],[-92.792708,45.296227],[-92.792211,45.296226],[-92.789598,45.296218],[-92.789561,45.296218],[-92.789499,45.296218],[-92.785885,45.296207],[-92.785608,45.296206],[-92.783684,45.296201],[-92.783597,45.296206],[-92.783307,45.296221],[-92.783269,45.296221],[-92.782822,45.296215],[-92.78248,45.296218],[-92.782459,45.296218],[-92.780737,45.296235],[-92.780221,45.296245],[-92.779629,45.296245],[-92.779549,45.296245],[-92.776715,45.296255],[-92.776141,45.296258],[-92.773969,45.296247],[-92.773321,45.296268],[-92.771435,45.296276],[-92.770793,45.296273],[-92.76894,45.296265],[-92.768582,45.296272],[-92.76855,45.296272],[-92.75482,45.296106],[-92.754759,45.296105],[-92.754623,45.296103],[-92.754596,45.296103],[-92.754563,45.296103],[-92.754491,45.296102],[-92.754442,45.296101],[-92.751492,45.296066],[-92.751357,45.296065],[-92.751222,45.296063],[-92.751141,45.296064],[-92.751119,45.296066],[-92.751105,45.296062],[-92.751007,45.296063],[-92.750981,45.296063],[-92.750727,45.296063],[-92.750474,45.296063],[-92.750292,45.296063],[-92.750106,45.296062],[-92.749903,45.296062],[-92.749695,45.296062],[-92.747927,45.29606],[-92.747795,45.29606],[-92.747721,45.29606],[-92.747223,45.296055],[-92.746724,45.296051],[-92.745684,45.296043],[-92.746295,45.295683],[-92.747794,45.294986],[-92.748209,45.294734],[-92.749439,45.294016],[-92.749824,45.293791],[-92.75021,45.293566],[-92.75082,45.292981],[-92.751156,45.292828],[-92.751531,45.292725],[-92.751736,45.292668],[-92.753384,45.292294],[-92.755078,45.291928],[-92.756879,45.291485],[-92.757993,45.291142],[-92.758711,45.290966],[-92.760388,45.289917],[-92.761215,45.289137],[-92.762005,45.288214],[-92.762013,45.287933],[-92.762043,45.286986],[-92.761956,45.285035],[-92.761363,45.282209],[-92.761179,45.280584],[-92.760613,45.278829],[-92.760044,45.27798],[-92.759859,45.277589],[-92.75979,45.277444],[-92.759786,45.277435],[-92.759611,45.277321],[-92.759435,45.277208],[-92.759407,45.277167],[-92.759247,45.27672],[-92.758946,45.276208],[-92.758021,45.274824],[-92.757503,45.274431],[-92.756785,45.273893],[-92.755744,45.272885],[-92.755214,45.272374],[-92.753845,45.27096],[-92.752847,45.268866],[-92.752821,45.268812],[-92.752629,45.268145],[-92.7525,45.267694],[-92.752438,45.267479],[-92.751921,45.265878],[-92.75195,45.263807],[-92.752354,45.262445],[-92.752589,45.261787],[-92.753622,45.25942],[-92.754582,45.258142],[-92.755584,45.257054],[-92.756557,45.256267],[-92.758837,45.254428],[-92.759846,45.252869],[-92.760265,45.251718],[-92.76025,45.249601],[-92.759316,45.246784],[-92.75931,45.246767],[-92.759274,45.246374],[-92.759106,45.244443],[-92.758145,45.240758],[-92.757504,45.238309],[-92.75729,45.236127],[-92.75761,45.233045],[-92.75735,45.231359],[-92.757457,45.230527],[-92.756679,45.228071],[-92.756515,45.227704],[-92.755733,45.22595],[-92.754654,45.224422],[-92.754558,45.224286],[-92.753932,45.222906],[-92.753261,45.222219],[-92.752957,45.222008],[-92.752609,45.221767],[-92.752572,45.221703],[-92.752455,45.221503],[-92.752338,45.221302],[-92.752193,45.221052],[-92.752034,45.220537],[-92.751872,45.220006],[-92.751709,45.218667],[-92.751896,45.218106],[-92.752103,45.217487],[-92.752309,45.216867],[-92.752619,45.216118],[-92.75293,45.215369],[-92.753113,45.214923],[-92.753296,45.214478],[-92.753488,45.214024],[-92.753688,45.213539],[-92.754006,45.21277],[-92.754365,45.212482],[-92.755077,45.211912],[-92.75579,45.211342],[-92.756899,45.210455],[-92.758009,45.209567],[-92.75868,45.209174],[-92.759351,45.208781],[-92.762109,45.207167],[-92.762192,45.207061],[-92.763909,45.204867],[-92.764769,45.20243],[-92.765498,45.200366],[-92.765709,45.199767],[-92.766933,45.195112],[-92.767131,45.194166],[-92.767295,45.191814],[-92.767345,45.191097],[-92.767394,45.190379],[-92.767409,45.190167],[-92.767354,45.189732],[-92.767295,45.189274],[-92.767237,45.188816],[-92.766809,45.185467],[-92.76657,45.18514],[-92.764873,45.182813],[-92.763861,45.182116],[-92.761957,45.180805],[-92.760052,45.179494],[-92.759797,45.179319],[-92.759543,45.179144],[-92.758851,45.178668],[-92.758159,45.178191],[-92.757927,45.178032],[-92.757696,45.177872],[-92.757402,45.177669],[-92.757108,45.177467],[-92.7555,45.176354],[-92.753892,45.175241],[-92.753208,45.174767],[-92.752405,45.173917],[-92.752208,45.172967],[-92.752284,45.172697],[-92.752353,45.172449],[-92.752423,45.1722],[-92.752543,45.171773],[-92.753108,45.170767],[-92.753176,45.170683],[-92.754511,45.169034],[-92.754583,45.168945],[-92.754654,45.168857],[-92.754816,45.168654],[-92.754884,45.16854],[-92.754952,45.168427],[-92.755295,45.167856],[-92.755637,45.167285],[-92.755693,45.167193],[-92.755748,45.167099],[-92.756908,45.165167],[-92.757007,45.162367],[-92.757224,45.161847],[-92.757449,45.161306],[-92.757945,45.160487],[-92.758133,45.159678],[-92.758145,45.159273],[-92.758027,45.158868],[-92.757807,45.156568],[-92.757932,45.155428],[-92.757908,45.154889],[-92.757778,45.154349],[-92.757448,45.153362],[-92.757212,45.152916],[-92.757212,45.152578],[-92.757353,45.152352],[-92.756881,45.151568],[-92.756682,45.15131],[-92.755943,45.150355],[-92.755396,45.149389],[-92.755371,45.149309],[-92.755346,45.149229],[-92.755317,45.149147],[-92.755167,45.148979],[-92.754859,45.148651],[-92.754217,45.148048],[-92.753991,45.147746],[-92.753469,45.147102],[-92.75318,45.146826],[-92.752907,45.146567],[-92.752786,45.146329],[-92.752507,45.145967],[-92.7525,45.145793],[-92.752493,45.145629],[-92.752401,45.144828],[-92.752371,45.144195],[-92.752355,45.144027],[-92.752294,45.143364],[-92.752276,45.143166],[-92.752203,45.142525],[-92.752103,45.14207],[-92.751958,45.141503],[-92.751546,45.140839],[-92.751149,45.140229],[-92.750203,45.138814],[-92.749738,45.13854],[-92.749424,45.138121],[-92.749202,45.13746],[-92.7491,45.137048],[-92.74905,45.13687],[-92.749007,45.136686],[-92.748585,45.135069],[-92.74823,45.133974],[-92.748001,45.132888],[-92.747907,45.131825],[-92.747753,45.131206],[-92.747243,45.129748],[-92.746815,45.127809],[-92.746811,45.127779],[-92.74649,45.125853],[-92.746224,45.124967],[-92.746116,45.124589],[-92.746008,45.12421],[-92.74588,45.123763],[-92.745752,45.123315],[-92.745693,45.123113],[-92.745653,45.123056],[-92.744478,45.121381],[-92.744284,45.121199],[-92.743937,45.120873],[-92.743591,45.120546],[-92.743394,45.120361],[-92.743197,45.120175],[-92.742925,45.119919],[-92.741855,45.119242],[-92.741611,45.119088],[-92.741368,45.118934],[-92.741184,45.118817],[-92.740999,45.118701],[-92.740611,45.118455],[-92.740345,45.11797],[-92.74018,45.11767],[-92.739881,45.11714],[-92.739528,45.116516],[-92.739584,45.115599],[-92.74051,45.113397],[-92.741368,45.112444],[-92.741573,45.112216],[-92.742582,45.111237],[-92.743766,45.109741],[-92.744939,45.10831],[-92.746451,45.10726],[-92.74675,45.107052],[-92.747913,45.10653],[-92.748954,45.106146],[-92.749156,45.106071],[-92.750206,45.10568],[-92.751244,45.105077],[-92.752312,45.10452],[-92.753365,45.103872],[-92.754388,45.103147],[-92.754446,45.103088],[-92.755639,45.10188],[-92.756478,45.101011],[-92.757104,45.100637],[-92.757684,45.100271],[-92.758157,45.100049],[-92.759515,45.09947],[-92.761281,45.098543],[-92.761361,45.098501],[-92.762569,45.097692],[-92.762726,45.097587],[-92.763116,45.097326],[-92.765603,45.095731],[-92.767572,45.094236],[-92.767807,45.094067],[-92.770165,45.092344],[-92.771997,45.091001],[-92.773294,45.089826],[-92.774011,45.089139],[-92.774468,45.088888],[-92.774934,45.088639],[-92.775796,45.088178],[-92.776368,45.087866],[-92.777734,45.087125],[-92.78016,45.085782],[-92.780232,45.085745],[-92.783242,45.084196],[-92.784803,45.083495],[-92.785898,45.083005],[-92.787072,45.082378],[-92.787558,45.082118],[-92.788044,45.081859],[-92.78837,45.081685],[-92.789499,45.081045],[-92.790339,45.080556],[-92.790768,45.080229],[-92.791529,45.079648],[-92.792077,45.079161],[-92.792212,45.079041],[-92.79232,45.078945],[-92.792408,45.078867],[-92.792658,45.078763],[-92.792876,45.07849],[-92.793192,45.078092],[-92.794458,45.07652],[-92.795237,45.075452],[-92.796091,45.074323],[-92.796608,45.073567],[-92.796702,45.073331],[-92.797236,45.072706],[-92.7978,45.072286],[-92.798365,45.071897],[-92.798807,45.071523],[-92.799326,45.071096],[-92.800074,45.070371],[-92.800852,45.069478],[-92.801523,45.068624],[-92.802164,45.067556],[-92.802546,45.066663],[-92.802912,45.065404],[-92.802953,45.064855],[-92.802988,45.064397],[-92.803095,45.063466],[-92.803125,45.062574],[-92.803125,45.061567],[-92.80308,45.060979],[-92.80282,45.05969],[-92.802347,45.05824],[-92.802321,45.058167],[-92.802057,45.057424],[-92.80179,45.056921],[-92.801766,45.056877],[-92.801569,45.056508],[-92.801036,45.055668],[-92.800827,45.055349],[-92.800708,45.055167],[-92.800486,45.054807],[-92.799784,45.053846],[-92.798441,45.052183],[-92.797082,45.050649],[-92.795587,45.049245],[-92.793283,45.047179],[-92.791207,45.045699],[-92.789468,45.044516],[-92.787911,45.043517],[-92.787674,45.043415],[-92.786401,45.042868],[-92.786143,45.042794],[-92.785707,45.042668],[-92.785485,45.042494],[-92.783639,45.04167],[-92.780983,45.040442],[-92.778816,45.039328],[-92.776268,45.037764],[-92.773979,45.03636],[-92.772072,45.035056],[-92.770363,45.033804],[-92.768639,45.032378],[-92.767113,45.031073],[-92.765743,45.029757],[-92.765128,45.029166],[-92.764761,45.028887],[-92.764605,45.028768],[-92.764457,45.028494],[-92.76377,45.027373],[-92.763641,45.027155],[-92.762763,45.025664],[-92.762752,45.025642],[-92.762061,45.024321],[-92.762015,45.023116],[-92.761939,45.022772],[-92.761905,45.022468],[-92.761954,45.022101],[-92.762534,45.020552],[-92.762753,45.020074],[-92.763267,45.01895],[-92.763984,45.017401],[-92.764105,45.017068],[-92.764243,45.016669],[-92.76493,45.01525],[-92.765727,45.013855],[-92.765812,45.013707],[-92.765897,45.013559],[-92.765952,45.013464],[-92.766883,45.011504],[-92.767371,45.010695],[-92.767507,45.010407],[-92.768119,45.009116],[-92.768607,45.008017],[-92.768805,45.007668],[-92.768882,45.007231],[-92.769233,45.006293],[-92.769596,45.0055],[-92.769651,45.005379],[-92.769707,45.005258],[-92.769813,45.005026],[-92.77008,45.004446],[-92.770453,45.003638],[-92.770911,45.002463],[-92.771232,45.001379],[-92.771105,45.000668],[-92.771308,44.999495],[-92.770835,44.994132],[-92.770818,44.994065],[-92.770561,44.993067],[-92.770392,44.99241],[-92.770305,44.992068],[-92.769584,44.99008],[-92.769278,44.989294],[-92.76905,44.988196],[-92.769105,44.987468],[-92.770347,44.983329],[-92.770309,44.980347],[-92.770307,44.979825],[-92.770306,44.979304],[-92.770305,44.979136],[-92.770305,44.978968],[-92.769505,44.974268],[-92.769482,44.973449],[-92.769459,44.97263],[-92.769446,44.972151],[-92.76917,44.971443],[-92.768546,44.96984],[-92.767805,44.968768],[-92.767615,44.968466],[-92.767219,44.968085],[-92.763371,44.966361],[-92.760701,44.96498],[-92.759583,44.962805],[-92.759524,44.96269],[-92.759465,44.962576],[-92.759203,44.962069],[-92.757466,44.959563],[-92.754798,44.956025],[-92.754744,44.955953],[-92.754604,44.955768],[-92.753576,44.952559],[-92.753219,44.950945],[-92.753004,44.949968],[-92.752604,44.948568],[-92.751851,44.945685],[-92.751035,44.942481],[-92.750876,44.941855],[-92.750803,44.941568],[-92.750646,44.9373],[-92.751156,44.935048],[-92.751629,44.932958],[-92.752103,44.930868],[-92.752703,44.928568],[-92.755364,44.919061],[-92.755484,44.918632],[-92.755502,44.918568],[-92.755619,44.91815],[-92.757557,44.911215],[-92.757923,44.910284],[-92.758701,44.90898],[-92.759556,44.907858],[-92.761341,44.906905],[-92.762317,44.906502],[-92.763396,44.906059],[-92.763591,44.905979],[-92.764767,44.905432],[-92.766271,44.904875],[-92.767932,44.904022],[-92.768144,44.903913],[-92.768356,44.903804],[-92.773103,44.901368],[-92.774022,44.900084],[-92.774571,44.898085],[-92.774968,44.895087],[-92.774959,44.894766],[-92.774907,44.892798],[-92.773946,44.889998],[-92.773331,44.889017],[-92.772355,44.887502],[-92.771123,44.885611],[-92.769603,44.882968],[-92.765781,44.877799],[-92.764836,44.876713],[-92.764133,44.875906],[-92.763823,44.874968],[-92.763411,44.874141],[-92.763422,44.872868],[-92.763767,44.872064],[-92.76464,44.870647],[-92.7658,44.868957],[-92.767356,44.866659],[-92.768686,44.864294],[-92.768839,44.864021],[-92.769501,44.862002],[-92.769588,44.860666],[-92.769623,44.860125],[-92.769524,44.85863],[-92.76951,44.858411],[-92.769495,44.858192],[-92.769478,44.857942],[-92.769415,44.857526],[-92.769338,44.85712],[-92.76939,44.855853],[-92.769133,44.853995],[-92.76879,44.852399],[-92.768443,44.850549],[-92.767918,44.848845],[-92.767536,44.847579],[-92.766936,44.845816],[-92.766649,44.84484],[-92.766283,44.843597],[-92.765944,44.84224],[-92.765668,44.841011],[-92.765635,44.83914],[-92.7656,44.837202],[-92.765763,44.836234],[-92.765932,44.835632],[-92.76637,44.835011],[-92.767047,44.834347],[-92.767974,44.833485],[-92.768635,44.832769],[-92.76878,44.832613],[-92.769517,44.831848],[-92.769883,44.831355],[-92.772438,44.82819],[-92.772957,44.826841],[-92.77298,44.82604],[-92.772797,44.825405],[-92.772615,44.824818],[-92.772522,44.824518],[-92.772285,44.823711],[-92.772201,44.82305],[-92.772407,44.82242],[-92.772693,44.821899],[-92.772911,44.821503],[-92.774332,44.819834],[-92.77549,44.818474],[-92.776825,44.817027],[-92.778334,44.815456],[-92.778743,44.815029],[-92.779153,44.814603],[-92.779289,44.814462],[-92.780754,44.8123],[-92.781124,44.811134],[-92.781314,44.810536],[-92.781503,44.809937],[-92.781792,44.809025],[-92.782165,44.806104],[-92.78231,44.804579],[-92.782532,44.802882],[-92.78277,44.800954],[-92.78302,44.798945],[-92.783112,44.79849],[-92.78318,44.798067],[-92.783233,44.797811],[-92.783266,44.797684],[-92.783485,44.796826],[-92.7836,44.796479],[-92.78392,44.795683],[-92.784599,44.794051],[-92.784997,44.793209],[-92.785264,44.792644],[-92.785531,44.792079],[-92.785622,44.791887],[-92.785858,44.791492],[-92.786011,44.791276],[-92.786224,44.790952],[-92.786613,44.790399],[-92.786757,44.790227],[-92.787613,44.789208],[-92.787809,44.789031],[-92.788589,44.788328],[-92.789215,44.787749],[-92.78981,44.787223],[-92.791229,44.785916],[-92.791362,44.785803],[-92.792107,44.785166],[-92.79245,44.784913],[-92.793237,44.784327],[-92.794024,44.78374],[-92.796184,44.782128],[-92.797258,44.781005],[-92.797311,44.78095],[-92.797364,44.780895],[-92.797713,44.78053],[-92.799165,44.778969],[-92.80051,44.777439],[-92.801376,44.776076],[-92.802539,44.774138],[-92.803453,44.772476],[-92.803704,44.772041],[-92.804032,44.771475],[-92.804359,44.770909],[-92.804445,44.77076],[-92.805562,44.768383],[-92.806018,44.766289],[-92.806401,44.764567],[-92.806881,44.762723],[-92.807331,44.760935],[-92.807454,44.760434],[-92.807687,44.759285],[-92.808034,44.757437],[-92.808056,44.757288],[-92.808105,44.756953],[-92.808187,44.756117],[-92.808255,44.755245],[-92.8083,44.754431],[-92.808355,44.753883],[-92.80834,44.753388],[-92.808333,44.75275],[-92.80834,44.75252],[-92.808362,44.752222],[-92.808415,44.75186],[-92.808415,44.751604],[-92.808332,44.751317],[-92.808242,44.751083],[-92.808077,44.750881],[-92.807758,44.750678],[-92.807428,44.750476],[-92.806753,44.750258],[-92.806567,44.750198],[-92.806036,44.750028],[-92.805473,44.749773],[-92.804757,44.749235],[-92.804629,44.749075],[-92.804512,44.748935],[-92.804463,44.748885],[-92.80438,44.748782],[-92.804213,44.748499],[-92.804124,44.748291],[-92.804044,44.748105],[-92.804009,44.748023],[-92.803964,44.747919],[-92.803943,44.747864],[-92.80388,44.747715],[-92.803817,44.747566],[-92.803794,44.747512],[-92.803771,44.747457],[-92.803765,44.747435],[-92.803187,44.747097],[-92.802017,44.745673],[-92.80252,44.745784],[-92.803023,44.745895],[-92.803915,44.746091],[-92.803976,44.746104],[-92.80419,44.746151],[-92.804807,44.746287],[-92.806291,44.746614],[-92.806475,44.746654],[-92.808088,44.74701],[-92.809821,44.747102],[-92.809918,44.747108],[-92.810014,44.747113],[-92.810826,44.747156],[-92.811174,44.747174],[-92.812085,44.747223],[-92.812335,44.747236],[-92.812634,44.747252],[-92.81483,44.747775],[-92.822849,44.749685],[-92.824523,44.750085],[-92.825184,44.750243],[-92.825679,44.750333],[-92.825931,44.750368],[-92.826309,44.750411],[-92.826547,44.750429],[-92.826641,44.750434],[-92.826734,44.750434],[-92.826788,44.750437],[-92.826829,44.750439],[-92.826923,44.750439],[-92.827017,44.750435],[-92.827111,44.750435],[-92.827299,44.750426],[-92.827393,44.750417],[-92.827486,44.750413],[-92.827766,44.750386],[-92.827793,44.750382],[-92.828043,44.750346],[-92.828134,44.750328],[-92.828226,44.750315],[-92.828407,44.750279],[-92.828497,44.750257],[-92.828587,44.750239],[-92.828764,44.750194],[-92.828852,44.750167],[-92.828939,44.750145],[-92.829112,44.750091],[-92.829197,44.75006],[-92.829341,44.75001],[-92.83226,44.748969],[-92.832987,44.74871],[-92.834633,44.748069],[-92.836037,44.747368],[-92.836652,44.747282],[-92.83692,44.747177],[-92.837337,44.747156],[-92.837555,44.747111],[-92.837853,44.747065],[-92.837953,44.747057],[-92.838102,44.747068],[-92.839255,44.747061],[-92.843007,44.746873],[-92.846144,44.746717],[-92.846465,44.746701],[-92.846786,44.746685],[-92.847726,44.746637],[-92.847749,44.746636],[-92.849269,44.746558],[-92.849934,44.746524],[-92.850348,44.746611],[-92.852528,44.747072],[-92.852628,44.747095],[-92.85281,44.747133],[-92.852988,44.74717],[-92.853263,44.747226],[-92.8553,44.747715],[-92.855783,44.748467],[-92.85638,44.749397],[-92.858707,44.753021],[-92.859169,44.753593],[-92.860923,44.755765],[-92.862861,44.757484],[-92.863155,44.757746],[-92.863942,44.757742],[-92.865016,44.758945],[-92.86631,44.760428],[-92.866417,44.760397],[-92.866618,44.760284],[-92.866579,44.760762],[-92.866558,44.760775],[-92.866576,44.760795],[-92.867638,44.76196],[-92.868699,44.763124],[-92.869235,44.763712],[-92.869771,44.7643],[-92.872642,44.76745],[-92.873763,44.768428],[-92.876712,44.770628],[-92.876818,44.77075],[-92.877037,44.770993],[-92.877152,44.77111],[-92.877388,44.771345],[-92.877511,44.771457],[-92.877765,44.771683],[-92.877896,44.771791],[-92.878166,44.772007],[-92.878305,44.772111],[-92.878446,44.772214],[-92.87859,44.772314],[-92.878885,44.772512],[-92.878969,44.772564],[-92.87919,44.772701],[-92.879346,44.772792],[-92.879664,44.772972],[-92.879826,44.773058],[-92.87999,44.773139],[-92.880325,44.773301],[-92.880668,44.773455],[-92.880819,44.773517],[-92.881017,44.773599],[-92.881374,44.773734],[-92.881737,44.773861],[-92.882106,44.773978],[-92.882367,44.774054],[-92.882481,44.774087],[-92.882559,44.774107],[-92.88286,44.774186],[-92.883245,44.774276],[-92.883438,44.774317],[-92.883826,44.77439],[-92.884305,44.77444],[-92.884785,44.774485],[-92.885266,44.774526],[-92.885748,44.774558],[-92.886231,44.774586],[-92.886252,44.774587],[-92.886714,44.774609],[-92.887198,44.774622],[-92.887682,44.774632],[-92.888166,44.774632],[-92.88865,44.774628],[-92.889134,44.77462],[-92.889618,44.774607],[-92.890102,44.774587],[-92.890585,44.77456],[-92.891548,44.774489],[-92.892028,44.774445],[-92.892507,44.774391],[-92.892984,44.774333],[-92.893868,44.774212],[-92.894981,44.774038],[-92.895605,44.773953],[-92.896231,44.773877],[-92.896859,44.773805],[-92.897489,44.773743],[-92.89812,44.773685],[-92.898753,44.773641],[-92.899386,44.773601],[-92.90002,44.77357],[-92.900655,44.773543],[-92.901291,44.77353],[-92.901927,44.773522],[-92.902562,44.773522],[-92.903198,44.773527],[-92.903834,44.773546],[-92.905103,44.773601],[-92.905737,44.773638],[-92.906369,44.773688],[-92.907,44.773742],[-92.90763,44.773806],[-92.908258,44.773874],[-92.908884,44.773955],[-92.909508,44.774041],[-92.91013,44.774136],[-92.91075,44.774236],[-92.911981,44.774462],[-92.912592,44.774588],[-92.913317,44.774697],[-92.915741,44.775707],[-92.916675,44.776173],[-92.919967,44.777816],[-92.922895,44.779637],[-92.923324,44.779837],[-92.92536,44.780786],[-92.928324,44.78136],[-92.92863,44.781419],[-92.932041,44.781097],[-92.933741,44.780335],[-92.934026,44.780207],[-92.93499,44.77977],[-92.937474,44.778021],[-92.938954,44.776595],[-92.939734,44.775673],[-92.940551,44.775409],[-92.942671,44.774724],[-92.954079,44.771156],[-92.960657,44.770406],[-92.963849,44.770065],[-92.973952,44.772305],[-92.9748,44.772317],[-92.976774,44.772981],[-92.978012,44.773411],[-92.979323,44.773761],[-92.981318,44.774327],[-92.982847,44.774679],[-92.983194,44.774747],[-92.98463,44.77503],[-92.986072,44.775314],[-92.990004,44.775328],[-92.991551,44.775333],[-92.994772,44.774703],[-92.999259,44.772604],[-92.999739,44.77238],[-93.00073,44.771916],[-93.003793,44.771782],[-93.003973,44.771774],[-93.004048,44.771771],[-93.004065,44.77177],[-93.004082,44.77177],[-93.004153,44.771767],[-93.005979,44.771687],[-93.007323,44.77211],[-93.012933,44.773763],[-93.015962,44.775566],[-93.01787,44.778023],[-93.019719,44.781723],[-93.020713,44.784497],[-93.020771,44.78466],[-93.02083,44.784823],[-93.020931,44.785105],[-93.021522,44.786755],[-93.021501,44.787243],[-93.021475,44.787864],[-93.021453,44.788375],[-93.021425,44.789033],[-93.021405,44.789521],[-93.021396,44.789709],[-93.021388,44.78991],[-93.021046,44.791336],[-93.020353,44.794231],[-93.020009,44.794977],[-93.019717,44.79561],[-93.019103,44.796941],[-93.018488,44.798272],[-93.018383,44.798499],[-93.01721,44.800163],[-93.015474,44.802627],[-93.013703,44.804549],[-93.007111,44.81199],[-93.006857,44.812182],[-93.005104,44.813507],[-93.004712,44.814875],[-93.005058,44.816023],[-93.00571,44.818182],[-93.005952,44.818985],[-93.005995,44.819109],[-93.008479,44.826254],[-93.010445,44.831805],[-93.011057,44.833528],[-93.01106,44.833542],[-93.011876,44.836718],[-93.01173,44.83787],[-93.011216,44.841908],[-93.010033,44.845991],[-93.009991,44.846139],[-93.00974,44.847004],[-93.009489,44.84787],[-93.009474,44.847922],[-93.008681,44.852045],[-93.008642,44.853081],[-93.008622,44.853623],[-93.008435,44.858684],[-93.008429,44.858713],[-93.008489,44.859161],[-93.008551,44.859635],[-93.008613,44.860106],[-93.008676,44.860577],[-93.008845,44.861848],[-93.009028,44.861847],[-93.009141,44.861848],[-93.010077,44.863789],[-93.010686,44.865124],[-93.011295,44.86646],[-93.011323,44.866521],[-93.01133,44.866535],[-93.011349,44.866572],[-93.011532,44.86693],[-93.011995,44.867837],[-93.01264,44.869104],[-93.013326,44.872036],[-93.014012,44.874968],[-93.014173,44.875654],[-93.014333,44.876341],[-93.014836,44.878339],[-93.015331,44.880352],[-93.015637,44.881521],[-93.015666,44.881632],[-93.015967,44.882827],[-93.015972,44.882845],[-93.015981,44.882877],[-93.015993,44.882926],[-93.016045,44.883135],[-93.016075,44.883253],[-93.016158,44.88358],[-93.016238,44.883848],[-93.016318,44.884116],[-93.016467,44.884613],[-93.016942,44.885429],[-93.017586,44.886534],[-93.017599,44.886556],[-93.018255,44.887682],[-93.019878,44.890467],[-93.01998,44.890641],[-93.020045,44.890752],[-93.019172,44.890753],[-93.017549,44.890754],[-93.015473,44.890777],[-93.013237,44.890803],[-93.012932,44.890806],[-93.010255,44.890887],[-93.009492,44.890911],[-93.00924,44.890909],[-93.008812,44.890876],[-93.008773,44.890873],[-93.008385,44.890843],[-93.007943,44.89081],[-93.007794,44.890799],[-93.007423,44.890776],[-93.007176,44.890772],[-93.006834,44.890767],[-93.006803,44.890767],[-93.006775,44.890767],[-93.006727,44.890766],[-93.006636,44.890765],[-93.006515,44.890767],[-93.006493,44.890767],[-93.006338,44.890767],[-93.006269,44.890767],[-93.006239,44.890767],[-93.005383,44.890768],[-93.00504,44.890768],[-93.004459,44.890769],[-93.004426,44.890769],[-93.004322,44.890769],[-93.001125,44.890774],[-93.000385,44.890774],[-93.000101,44.890775],[-92.999943,44.89078],[-92.999875,44.890782],[-92.999788,44.890782],[-92.999749,44.890782],[-92.999395,44.890783],[-92.994284,44.890794],[-92.989239,44.890805],[-92.984219,44.890816],[-92.984194,44.890816],[-92.984208,44.893746],[-92.984209,44.894],[-92.984211,44.89443],[-92.984212,44.894596],[-92.984217,44.895638],[-92.984228,44.897736],[-92.98423,44.898207],[-92.984263,44.900905],[-92.984267,44.90124],[-92.984242,44.90139],[-92.98427,44.901967],[-92.984292,44.902488],[-92.984289,44.903104],[-92.984289,44.903114],[-92.984287,44.903422],[-92.984287,44.903511],[-92.984287,44.903584],[-92.984325,44.903869],[-92.98427,44.904159],[-92.984293,44.904795],[-92.984351,44.905897],[-92.98446,44.909395],[-92.984398,44.909646],[-92.984398,44.909755],[-92.984401,44.910788],[-92.9844,44.911149],[-92.984398,44.911814],[-92.984396,44.912523],[-92.984396,44.912535],[-92.984392,44.913681],[-92.984417,44.916024],[-92.984417,44.91613],[-92.984418,44.916267],[-92.984423,44.917635],[-92.984423,44.917648],[-92.98443,44.918069],[-92.984431,44.918725],[-92.98444,44.918771],[-92.984449,44.919736],[-92.984451,44.919803],[-92.984465,44.919871],[-92.984459,44.919944],[-92.984412,44.920648],[-92.98443,44.921328],[-92.984432,44.921548],[-92.984451,44.923345],[-92.984453,44.924029],[-92.984454,44.924251],[-92.984459,44.925756],[-92.984459,44.926114],[-92.984461,44.927909],[-92.984461,44.928026],[-92.984465,44.931163],[-92.98448,44.932189],[-92.984486,44.932645],[-92.9845,44.933644],[-92.9845,44.933753],[-92.9845,44.933968],[-92.9845,44.934514],[-92.984552,44.935998],[-92.984561,44.936246],[-92.984516,44.938238],[-92.984515,44.938773],[-92.984515,44.938812],[-92.984511,44.939071],[-92.984494,44.940062],[-92.984504,44.941424],[-92.984543,44.943139],[-92.984551,44.943351],[-92.984585,44.944391],[-92.98459,44.944459],[-92.984596,44.944607],[-92.984597,44.944765],[-92.984599,44.944976],[-92.984601,44.94504],[-92.984599,44.945104],[-92.984596,44.945188],[-92.984563,44.945536],[-92.98457,44.94565],[-92.984589,44.945793],[-92.984622,44.946116],[-92.984613,44.947037],[-92.984645,44.947412],[-92.984604,44.947638],[-92.984613,44.947938],[-92.984626,44.948346],[-92.984642,44.948524],[-92.984615,44.948787],[-92.984593,44.948941],[-92.984692,44.953034],[-92.984707,44.95349],[-92.984707,44.953589],[-92.984706,44.953633],[-92.984704,44.953679],[-92.984703,44.953721],[-92.984699,44.953779],[-92.98468,44.954169],[-92.984678,44.95435],[-92.984678,44.955521],[-92.98468,44.955747],[-92.98468,44.955771],[-92.98468,44.955799],[-92.98468,44.955839],[-92.98468,44.955858],[-92.984681,44.955925],[-92.984682,44.956014],[-92.984683,44.95612],[-92.984683,44.95617],[-92.984693,44.957356],[-92.984697,44.957777],[-92.98475,44.959081],[-92.98475,44.959168],[-92.984763,44.959607],[-92.984771,44.961304],[-92.984767,44.961429],[-92.984766,44.961455],[-92.984763,44.961668],[-92.984737,44.963254],[-92.984742,44.964318],[-92.984743,44.964447],[-92.98475,44.965279],[-92.984761,44.965665],[-92.984766,44.965861],[-92.984794,44.966867],[-92.984822,44.967888],[-92.984827,44.968071],[-92.984828,44.968106],[-92.984828,44.968121],[-92.984828,44.968132],[-92.984829,44.968165],[-92.984831,44.96824],[-92.984832,44.968265],[-92.984843,44.96867],[-92.984835,44.970475],[-92.984823,44.972017],[-92.984823,44.972031],[-92.984817,44.972502],[-92.984811,44.972992],[-92.984807,44.973316],[-92.984805,44.973513],[-92.984805,44.973524],[-92.984803,44.973715],[-92.9848,44.973858],[-92.9848,44.973884],[-92.984798,44.973954],[-92.984797,44.974019],[-92.984796,44.974057],[-92.984796,44.974077],[-92.984796,44.974098],[-92.984772,44.975371],[-92.984767,44.975622],[-92.984765,44.975678],[-92.984753,44.975954],[-92.984744,44.976658],[-92.984742,44.976721],[-92.984742,44.9768],[-92.984729,44.977415],[-92.984708,44.977758],[-92.984705,44.978623],[-92.984705,44.978653],[-92.984701,44.97987],[-92.984702,44.980091],[-92.984702,44.980288],[-92.984704,44.981096],[-92.984705,44.981373],[-92.984705,44.981389],[-92.984709,44.983472],[-92.984709,44.984856],[-92.984709,44.98502],[-92.984709,44.985049],[-92.984709,44.985315],[-92.984709,44.985331],[-92.984709,44.985464],[-92.984709,44.985702],[-92.984709,44.986047],[-92.984709,44.986686],[-92.984709,44.987083],[-92.984707,44.987607],[-92.984703,44.988446],[-92.984702,44.988687],[-92.984701,44.989105],[-92.984695,44.990087],[-92.984687,44.991336],[-92.984698,44.992243],[-92.984698,44.992275],[-92.984725,44.994682],[-92.984721,44.994753],[-92.984718,44.9948],[-92.984696,44.995219],[-92.984694,44.995903],[-92.984689,44.997172],[-92.984688,44.997401],[-92.984685,44.998119],[-92.984689,44.998449],[-92.984689,44.998484],[-92.984694,44.99885],[-92.984699,44.999229],[-92.984699,44.999257],[-92.984699,44.999271],[-92.9847,44.99933],[-92.984701,44.99938],[-92.984702,44.999435],[-92.984704,44.999565],[-92.984715,45.001488],[-92.984731,45.004847],[-92.98474,45.006737],[-92.984745,45.007651],[-92.984746,45.008029],[-92.984746,45.008548],[-92.984746,45.008565],[-92.984746,45.009467],[-92.984746,45.010363],[-92.984746,45.011273],[-92.984746,45.011311],[-92.984748,45.012209],[-92.984749,45.013094],[-92.984751,45.013979],[-92.984759,45.014896],[-92.984776,45.015815],[-92.984779,45.015966],[-92.984787,45.016392],[-92.984788,45.016447],[-92.984793,45.016745],[-92.984805,45.017561],[-92.984795,45.018521],[-92.984793,45.018668],[-92.984789,45.01906],[-92.984787,45.019193],[-92.984786,45.019424],[-92.984784,45.019561],[-92.984782,45.019746],[-92.984781,45.019833],[-92.984779,45.020011],[-92.984776,45.020286],[-92.984776,45.020313],[-92.984775,45.020425],[-92.984771,45.021186],[-92.984766,45.022177],[-92.98476,45.023199],[-92.984758,45.023687],[-92.98477,45.024209],[-92.984777,45.025043],[-92.984776,45.025094],[-92.984766,45.02606],[-92.984765,45.026151],[-92.98476,45.026284],[-92.984759,45.026305],[-92.984772,45.026933],[-92.984772,45.027059],[-92.984773,45.029053],[-92.984773,45.029191],[-92.98477,45.029254],[-92.984766,45.02935],[-92.984743,45.029936],[-92.984747,45.029996],[-92.984756,45.030114],[-92.984763,45.030222],[-92.984765,45.030248],[-92.984773,45.031063],[-92.984773,45.0311],[-92.984774,45.03119],[-92.984777,45.031468],[-92.984778,45.031638],[-92.984779,45.03182],[-92.98478,45.032045],[-92.984785,45.032766],[-92.984786,45.032997],[-92.984786,45.033038],[-92.984786,45.033068],[-92.984788,45.03322],[-92.984793,45.034051],[-92.984794,45.034225],[-92.984794,45.034278],[-92.984794,45.034291],[-92.984792,45.035108],[-92.984791,45.035413],[-92.98479,45.035773],[-92.98479,45.035786],[-92.984789,45.036077],[-92.984788,45.036497],[-92.984785,45.037069],[-92.984784,45.037441],[-92.984776,45.037828],[-92.984772,45.038015],[-92.984736,45.039681],[-92.984691,45.041986],[-92.984712,45.042521],[-92.984725,45.042853],[-92.984755,45.043624],[-92.98476,45.043765],[-92.984807,45.044939],[-92.984802,45.045792],[-92.984799,45.046457],[-92.984798,45.046721],[-92.984796,45.047077],[-92.984793,45.04754],[-92.984788,45.048458],[-92.984784,45.049064],[-92.984783,45.049152],[-92.984776,45.049684],[-92.984776,45.049864],[-92.984775,45.050045],[-92.984773,45.050245],[-92.984765,45.051299],[-92.984762,45.051617],[-92.984761,45.051771],[-92.984758,45.05215],[-92.984758,45.052162],[-92.984759,45.052276],[-92.984759,45.052448],[-92.98476,45.052532],[-92.984761,45.052746],[-92.984762,45.052995],[-92.984762,45.053019],[-92.984765,45.053776],[-92.984765,45.053793],[-92.984765,45.053865],[-92.984765,45.053918],[-92.984765,45.05397],[-92.984769,45.054891],[-92.984772,45.055738],[-92.984771,45.056629],[-92.98477,45.056894],[-92.984769,45.057444],[-92.984769,45.057477],[-92.984769,45.057594],[-92.984769,45.05774],[-92.984765,45.059909],[-92.984765,45.060138],[-92.984765,45.060184],[-92.984765,45.060231],[-92.984767,45.061064],[-92.984767,45.061171],[-92.984771,45.062504],[-92.984799,45.063672],[-92.9848,45.06373],[-92.984801,45.063773],[-92.984808,45.064061],[-92.984805,45.064738],[-92.984779,45.065126],[-92.984761,45.065286],[-92.984751,45.06537],[-92.984774,45.065471],[-92.984812,45.065552],[-92.984873,45.065628],[-92.984846,45.065771],[-92.984824,45.065887],[-92.9848,45.066016],[-92.984714,45.075374],[-92.984673,45.079868],[-92.984612,45.086565],[-92.984544,45.09404],[-92.984519,45.096657]]]]},"properties":{"neighbourhood":"Washington","neighbourhood_group":null}},{"type":"Feature","geometry":{"type":"MultiPolygon","coordinates":[[[[-94.107745,45.472369],[-94.108286,45.472994],[-94.108861,45.473801],[-94.109408,45.474361],[-94.113136,45.477737],[-94.11514,45.479076],[-94.116251,45.47955],[-94.119151,45.480562],[-94.120559,45.480956],[-94.123022,45.481591],[-94.12519,45.482313],[-94.125927,45.482608],[-94.126656,45.48302],[-94.127021,45.483272],[-94.127671,45.483708],[-94.128302,45.484321],[-94.128786,45.484602],[-94.129499,45.485016],[-94.130512,45.485525],[-94.131778,45.486194],[-94.132103,45.486409],[-94.13288,45.486925],[-94.134189,45.487875],[-94.135262,45.488825],[-94.136007,45.489813],[-94.13613,45.489936],[-94.136931,45.490732],[-94.137878,45.491579],[-94.138613,45.491955],[-94.140129,45.492524],[-94.141079,45.492759],[-94.141635,45.492971],[-94.141991,45.493244],[-94.142113,45.493599],[-94.142272,45.494065],[-94.14228,45.494367],[-94.14207,45.495513],[-94.142015,45.495971],[-94.141954,45.496964],[-94.1421,45.497399],[-94.142763,45.498313],[-94.143118,45.49902],[-94.143131,45.499446],[-94.143034,45.499966],[-94.142996,45.500332],[-94.142568,45.505367],[-94.142432,45.506085],[-94.142294,45.506801],[-94.142263,45.506964],[-94.142312,45.507029],[-94.14264,45.507604],[-94.142882,45.508165],[-94.143006,45.508427],[-94.142844,45.508688],[-94.142436,45.509346],[-94.140408,45.512525],[-94.140335,45.512639],[-94.140262,45.512753],[-94.140095,45.513015],[-94.139928,45.513277],[-94.139167,45.51447],[-94.139224,45.514838],[-94.139258,45.515055],[-94.139291,45.515272],[-94.139463,45.516367],[-94.143616,45.520991],[-94.144482,45.521958],[-94.145349,45.522925],[-94.145564,45.523165],[-94.146859,45.524056],[-94.14906,45.525569],[-94.149349,45.526315],[-94.150516,45.529132],[-94.150416,45.530183],[-94.150115,45.53141],[-94.148991,45.532849],[-94.147185,45.535849],[-94.146861,45.536691],[-94.146802,45.537052],[-94.146874,45.537504],[-94.147224,45.538706],[-94.147237,45.539131],[-94.14711,45.539586],[-94.146924,45.54007],[-94.14671,45.540661],[-94.146461,45.541922],[-94.146463,45.543238],[-94.146503,45.543405],[-94.146543,45.543573],[-94.146758,45.544476],[-94.147033,45.546754],[-94.14715,45.547694],[-94.147164,45.547873],[-94.147092,45.548936],[-94.147042,45.549021],[-94.146992,45.549107],[-94.145669,45.551367],[-94.145656,45.551645],[-94.145649,45.551777],[-94.145569,45.553467],[-94.14665,45.555475],[-94.146763,45.555685],[-94.146916,45.555969],[-94.146956,45.556069],[-94.149469,45.559067],[-94.149232,45.559081],[-94.148995,45.559095],[-94.148507,45.559124],[-94.147961,45.559151],[-94.147934,45.559148],[-94.147821,45.55915],[-94.147707,45.55915],[-94.147647,45.55915],[-94.14756,45.559149],[-94.145981,45.559159],[-94.14595,45.559159],[-94.144316,45.559165],[-94.143569,45.559172],[-94.143226,45.559168],[-94.143058,45.559172],[-94.142868,45.559173],[-94.142318,45.559176],[-94.142181,45.55918],[-94.141815,45.559181],[-94.141661,45.559182],[-94.140708,45.559186],[-94.140554,45.559191],[-94.140529,45.559192],[-94.140077,45.559189],[-94.138568,45.559196],[-94.137168,45.559203],[-94.136454,45.559206],[-94.135961,45.559209],[-94.135822,45.559209],[-94.135029,45.559212],[-94.132365,45.559226],[-94.132146,45.559227],[-94.131759,45.559229],[-94.131657,45.55923],[-94.131626,45.55923],[-94.13116,45.55923],[-94.131078,45.55923],[-94.130859,45.559232],[-94.13068,45.559234],[-94.130364,45.559236],[-94.130301,45.559237],[-94.129933,45.559237],[-94.129895,45.559231],[-94.129873,45.559237],[-94.129805,45.559238],[-94.129353,45.559238],[-94.129335,45.559239],[-94.129036,45.55924],[-94.128224,45.559244],[-94.127805,45.559246],[-94.12705,45.559249],[-94.126367,45.559253],[-94.124608,45.559261],[-94.121375,45.559276],[-94.120981,45.559278],[-94.120935,45.559278],[-94.12078,45.559279],[-94.113521,45.559314],[-94.111832,45.559322],[-94.110883,45.559326],[-94.110556,45.559328],[-94.110498,45.559328],[-94.106162,45.559306],[-94.104607,45.55929],[-94.10454,45.559289],[-94.104518,45.559287],[-94.104448,45.559288],[-94.104429,45.55929],[-94.100466,45.559279],[-94.100172,45.559278],[-94.099996,45.559277],[-94.097518,45.559266],[-94.091022,45.559237],[-94.089716,45.559231],[-94.089479,45.559232],[-94.079458,45.559289],[-94.079393,45.55929],[-94.07935,45.55929],[-94.079266,45.559292],[-94.079252,45.559292],[-94.078621,45.559299],[-94.068997,45.559413],[-94.068584,45.559408],[-94.059464,45.559243],[-94.058663,45.559229],[-94.053475,45.559213],[-94.053352,45.559213],[-94.052786,45.559212],[-94.051624,45.559208],[-94.051546,45.559208],[-94.048891,45.559201],[-94.048454,45.559199],[-94.048297,45.559199],[-94.04802,45.5592],[-94.047101,45.559204],[-94.046748,45.559206],[-94.046696,45.559206],[-94.046306,45.559207],[-94.044612,45.559214],[-94.04449,45.559215],[-94.04441,45.559215],[-94.044367,45.559215],[-94.04394,45.559217],[-94.043768,45.559217],[-94.043573,45.559218],[-94.043454,45.559218],[-94.037979,45.55924],[-94.036434,45.55922],[-94.036117,45.559216],[-94.035801,45.559212],[-94.035774,45.559212],[-94.035478,45.559208],[-94.034912,45.559201],[-94.030474,45.559144],[-94.027655,45.559108],[-94.018311,45.559184],[-94.017804,45.559188],[-94.017584,45.55919],[-94.017366,45.559163],[-94.01703,45.559164],[-94.016716,45.559175],[-94.016258,45.559173],[-94.015777,45.559179],[-94.015556,45.559185],[-94.015335,45.559181],[-94.015129,45.559187],[-94.014938,45.559183],[-94.014717,45.559188],[-94.010728,45.559202],[-94.010452,45.559213],[-94.009873,45.55921],[-94.0093,45.559218],[-94.007981,45.559223],[-94.007721,45.559229],[-94.006941,45.559233],[-94.00688,45.559233],[-94.006688,45.559234],[-94.006042,45.559243],[-94.000036,45.559331],[-93.999718,45.559333],[-93.998192,45.559346],[-93.996296,45.559362],[-93.996237,45.559362],[-93.986163,45.559443],[-93.984414,45.559458],[-93.98429,45.559459],[-93.984017,45.559461],[-93.983861,45.559462],[-93.982854,45.55947],[-93.981897,45.559478],[-93.981559,45.559481],[-93.98133,45.559485],[-93.981139,45.559481],[-93.980918,45.559486],[-93.98014,45.559473],[-93.979567,45.559481],[-93.978957,45.559481],[-93.97837,45.559489],[-93.978213,45.559488],[-93.977782,45.559485],[-93.977156,45.559492],[-93.975991,45.559523],[-93.974796,45.559532],[-93.973399,45.559533],[-93.972717,45.559559],[-93.97239,45.559555],[-93.971433,45.559595],[-93.970439,45.559526],[-93.970105,45.559513],[-93.969057,45.559512],[-93.968754,45.55954],[-93.968606,45.559542],[-93.96815,45.559548],[-93.967696,45.559555],[-93.966942,45.559555],[-93.965852,45.559568],[-93.965611,45.559568],[-93.965503,45.559569],[-93.965162,45.559582],[-93.963704,45.559619],[-93.96333,45.559625],[-93.96302,45.559639],[-93.96295,45.559641],[-93.960135,45.55966],[-93.959738,45.55966],[-93.959356,45.559668],[-93.958982,45.559668],[-93.958097,45.559683],[-93.957746,45.559683],[-93.956846,45.559695],[-93.956503,45.559695],[-93.955885,45.559706],[-93.955633,45.559706],[-93.95545,45.55971],[-93.95532,45.559706],[-93.955282,45.559714],[-93.95178,45.55974],[-93.951345,45.559752],[-93.950475,45.559756],[-93.950048,45.559767],[-93.94931,45.559767],[-93.949201,45.559767],[-93.947179,45.559786],[-93.946798,45.559786],[-93.946409,45.559794],[-93.945234,45.559801],[-93.944982,45.559809],[-93.94486,45.559805],[-93.94325,45.559794],[-93.942339,45.559792],[-93.941572,45.559786],[-93.940713,45.559774],[-93.940264,45.559776],[-93.939396,45.559764],[-93.93897,45.559765],[-93.937373,45.559756],[-93.936673,45.559744],[-93.936323,45.559743],[-93.934717,45.559708],[-93.934648,45.559716],[-93.934623,45.559707],[-93.934454,45.559741],[-93.933467,45.559756],[-93.932363,45.559773],[-93.932319,45.559775],[-93.932133,45.559777],[-93.931832,45.559781],[-93.931807,45.559781],[-93.931487,45.559786],[-93.931208,45.55979],[-93.930908,45.559794],[-93.93067,45.559798],[-93.930639,45.559798],[-93.928066,45.559835],[-93.924219,45.55989],[-93.922371,45.559899],[-93.920806,45.559906],[-93.919794,45.559911],[-93.91921,45.560154],[-93.91911,45.560114],[-93.918995,45.560083],[-93.918924,45.560069],[-93.91878,45.560051],[-93.918737,45.560054],[-93.91868,45.560045],[-93.918608,45.56004],[-93.918536,45.560041],[-93.918457,45.560036],[-93.918234,45.560033],[-93.918148,45.560038],[-93.917946,45.56004],[-93.91732,45.560024],[-93.917263,45.560015],[-93.917198,45.560017],[-93.917069,45.560013],[-93.91699,45.560018],[-93.91691,45.560013],[-93.916839,45.560017],[-93.916666,45.560017],[-93.916486,45.560023],[-93.916313,45.560018],[-93.916227,45.560023],[-93.916141,45.560017],[-93.916015,45.560017],[-93.915896,45.560018],[-93.91581,45.560012],[-93.915687,45.560012],[-93.915645,45.560007],[-93.915315,45.559988],[-93.915256,45.55999],[-93.915025,45.559976],[-93.914797,45.559995],[-93.91474,45.56],[-93.914268,45.560008],[-93.91417,45.559995],[-93.914076,45.559964],[-93.914046,45.559939],[-93.910764,45.559955],[-93.903506,45.55999],[-93.903299,45.559991],[-93.903265,45.559991],[-93.903191,45.559992],[-93.903064,45.559992],[-93.901842,45.559998],[-93.894642,45.560033],[-93.894527,45.560033],[-93.893152,45.56004],[-93.889401,45.560055],[-93.884747,45.560074],[-93.884227,45.560076],[-93.883309,45.56008],[-93.883107,45.56007],[-93.882793,45.560056],[-93.882793,45.560082],[-93.882794,45.560107],[-93.882531,45.560083],[-93.882134,45.560088],[-93.881737,45.560084],[-93.881148,45.560085],[-93.880995,45.560082],[-93.880514,45.560091],[-93.880193,45.56009],[-93.880032,45.560085],[-93.879391,45.560091],[-93.879085,45.560098],[-93.878778,45.560093],[-93.877863,45.560101],[-93.877549,45.560096],[-93.876754,45.560101],[-93.876594,45.560109],[-93.875951,45.560099],[-93.875783,45.560106],[-93.875112,45.560111],[-93.874767,45.56011],[-93.874599,45.560117],[-93.874423,45.560113],[-93.87408,45.560119],[-93.873391,45.560112],[-93.872285,45.560121],[-93.871766,45.560125],[-93.871599,45.56013],[-93.871439,45.560127],[-93.871271,45.560137],[-93.870944,45.560136],[-93.870632,45.560142],[-93.87048,45.56015],[-93.869597,45.560162],[-93.869314,45.560172],[-93.869033,45.56017],[-93.868606,45.560186],[-93.868325,45.560184],[-93.868172,45.560189],[-93.868036,45.560187],[-93.867883,45.560194],[-93.867585,45.560191],[-93.866693,45.560202],[-93.86654,45.560198],[-93.866243,45.560202],[-93.866098,45.56021],[-93.865525,45.560206],[-93.864549,45.560213],[-93.864274,45.560221],[-93.864022,45.560217],[-93.863557,45.560229],[-93.86291,45.560223],[-93.861772,45.560217],[-93.861352,45.560206],[-93.861077,45.560206],[-93.860795,45.560198],[-93.86029,45.560191],[-93.858856,45.560165],[-93.858703,45.560169],[-93.85855,45.560157],[-93.858398,45.56016],[-93.858101,45.560151],[-93.857078,45.560132],[-93.856932,45.560117],[-93.856795,45.560112],[-93.856375,45.560122],[-93.855962,45.560109],[-93.855826,45.560113],[-93.855582,45.560108],[-93.855344,45.56008],[-93.854826,45.560074],[-93.854559,45.560085],[-93.85391,45.56007],[-93.85378,45.560063],[-93.853666,45.560066],[-93.853544,45.560054],[-93.853101,45.560056],[-93.853011,45.56006],[-93.852826,45.560051],[-93.85259,45.560048],[-93.852437,45.560046],[-93.852392,45.560042],[-93.852048,45.560039],[-93.851528,45.560047],[-93.85097,45.560039],[-93.850818,45.560043],[-93.850674,45.560032],[-93.85036,45.560036],[-93.848933,45.560021],[-93.848131,45.560021],[-93.847979,45.560018],[-93.847665,45.560022],[-93.847512,45.560018],[-93.847215,45.560022],[-93.847071,45.56001],[-93.846787,45.560015],[-93.846376,45.560008],[-93.845817,45.560015],[-93.845216,45.560004],[-93.845062,45.560003],[-93.844909,45.559997],[-93.844757,45.560001],[-93.844458,45.560001],[-93.844307,45.559997],[-93.844,45.560001],[-93.843558,45.55999],[-93.842902,45.55999],[-93.842787,45.559986],[-93.84268,45.55999],[-93.842581,45.559989],[-93.842511,45.559988],[-93.842443,45.559987],[-93.842359,45.559986],[-93.842292,45.559986],[-93.841854,45.559991],[-93.84146,45.56],[-93.841303,45.559978],[-93.841269,45.55998],[-93.841192,45.559972],[-93.840918,45.559975],[-93.839736,45.559969],[-93.839431,45.559973],[-93.83911,45.559969],[-93.838782,45.559974],[-93.837349,45.559958],[-93.837188,45.559966],[-93.836715,45.559958],[-93.836555,45.559962],[-93.836235,45.559959],[-93.836075,45.559962],[-93.835419,45.559956],[-93.834923,45.559959],[-93.834595,45.559956],[-93.834099,45.559959],[-93.832634,45.559951],[-93.832407,45.559961],[-93.8318,45.559981],[-93.831703,45.55998],[-93.831527,45.559976],[-93.830642,45.559982],[-93.830291,45.559974],[-93.830116,45.559982],[-93.82978,45.559984],[-93.829116,45.559976],[-93.828948,45.559968],[-93.828788,45.559975],[-93.828468,45.559979],[-93.828308,45.559966],[-93.827988,45.55997],[-93.8275,45.559969],[-93.827172,45.559964],[-93.827004,45.559968],[-93.826164,45.559959],[-93.825829,45.559958],[-93.825661,45.559954],[-93.825333,45.559957],[-93.825012,45.559954],[-93.824853,45.559956],[-93.823152,45.559946],[-93.822999,45.559949],[-93.822068,45.559944],[-93.821656,45.559936],[-93.82155,45.559939],[-93.821517,45.559933],[-93.821504,45.559932],[-93.821374,45.559936],[-93.821076,45.559937],[-93.820962,45.559942],[-93.820703,45.559935],[-93.820229,45.559941],[-93.8199,45.559935],[-93.819061,45.559938],[-93.818732,45.559933],[-93.818099,45.559932],[-93.817931,45.559936],[-93.817771,45.559929],[-93.817425,45.559928],[-93.817282,45.559927],[-93.817122,45.559931],[-93.816954,45.559924],[-93.816451,45.559924],[-93.816382,45.55992],[-93.816283,45.559916],[-93.815947,45.559916],[-93.815245,45.559908],[-93.81332,45.559892],[-93.812632,45.559882],[-93.812288,45.559881],[-93.811938,45.559874],[-93.811073,45.559871],[-93.810898,45.559874],[-93.810555,45.559866],[-93.810203,45.559869],[-93.810027,45.559857],[-93.809852,45.55986],[-93.809508,45.559852],[-93.808812,45.55985],[-93.808637,45.559854],[-93.808286,45.559845],[-93.807941,45.559846],[-93.807766,45.559837],[-93.80743,45.559841],[-93.807094,45.559836],[-93.806926,45.559827],[-93.806589,45.559831],[-93.804993,45.559816],[-93.804688,45.559807],[-93.804543,45.559811],[-93.804244,45.559802],[-93.803664,45.559794],[-93.803366,45.559796],[-93.803083,45.559788],[-93.802228,45.559782],[-93.801205,45.559765],[-93.801106,45.559767],[-93.800756,45.559764],[-93.798765,45.559763],[-93.798535,45.559762],[-93.7944,45.55967],[-93.793872,45.559669],[-93.792201,45.559637],[-93.792041,45.559637],[-93.791568,45.559624],[-93.791408,45.559628],[-93.791248,45.559615],[-93.789938,45.559599],[-93.783236,45.559586],[-93.769759,45.559561],[-93.769032,45.55956],[-93.767366,45.559576],[-93.764386,45.559607],[-93.764355,45.559625],[-93.764268,45.559633],[-93.764109,45.559648],[-93.76389,45.559645],[-93.763769,45.559651],[-93.763414,45.559653],[-93.763293,45.559649],[-93.763175,45.559655],[-93.762937,45.559652],[-93.762699,45.559658],[-93.762457,45.559659],[-93.762215,45.559652],[-93.762086,45.559644],[-93.76194,45.559627],[-93.760724,45.559637],[-93.759675,45.559645],[-93.75965,45.559645],[-93.759544,45.559646],[-93.759437,45.559647],[-93.759282,45.559648],[-93.757667,45.559645],[-93.757654,45.559645],[-93.756971,45.559644],[-93.756811,45.559644],[-93.75665,45.559644],[-93.756618,45.559651],[-93.756333,45.559656],[-93.756026,45.559645],[-93.755207,45.55964],[-93.753962,45.559633],[-93.752612,45.559644],[-93.751165,45.559646],[-93.749993,45.559648],[-93.749765,45.559647],[-93.747824,45.559638],[-93.744844,45.559654],[-93.743682,45.559649],[-93.74339,45.559647],[-93.743155,45.559646],[-93.742971,45.559645],[-93.741208,45.559636],[-93.739157,45.559609],[-93.738856,45.559605],[-93.738408,45.5596],[-93.728042,45.559621],[-93.717738,45.559661],[-93.685993,45.559757],[-93.685879,45.559757],[-93.681397,45.559771],[-93.676229,45.559787],[-93.655593,45.559794],[-93.655207,45.559792],[-93.654913,45.559791],[-93.654047,45.559787],[-93.652915,45.559752],[-93.652666,45.559744],[-93.652612,45.559751],[-93.652571,45.559756],[-93.652538,45.55976],[-93.65218,45.559762],[-93.651786,45.559764],[-93.65136,45.559767],[-93.650097,45.559762],[-93.649398,45.559758],[-93.648655,45.559755],[-93.646975,45.559745],[-93.646721,45.559743],[-93.645241,45.559733],[-93.643756,45.559724],[-93.642764,45.559709],[-93.642371,45.559704],[-93.64221,45.559702],[-93.641851,45.559696],[-93.64126,45.559688],[-93.640663,45.55968],[-93.639217,45.55966],[-93.634889,45.559613],[-93.634857,45.559613],[-93.634095,45.559605],[-93.629743,45.55952],[-93.626356,45.559455],[-93.625262,45.559439],[-93.625225,45.559438],[-93.624943,45.559434],[-93.624807,45.559432],[-93.623006,45.559403],[-93.622055,45.559387],[-93.621685,45.559384],[-93.621594,45.559383],[-93.6172,45.559343],[-93.616666,45.55934],[-93.616208,45.559337],[-93.616073,45.559336],[-93.61594,45.55935],[-93.614353,45.559327],[-93.614305,45.559326],[-93.613999,45.559324],[-93.611611,45.559316],[-93.609935,45.559309],[-93.609119,45.559306],[-93.608735,45.559304],[-93.608493,45.559303],[-93.608308,45.559302],[-93.607998,45.559301],[-93.607806,45.5593],[-93.607577,45.559299],[-93.605569,45.55929],[-93.60408,45.559284],[-93.603962,45.559283],[-93.601933,45.559268],[-93.600181,45.559257],[-93.594946,45.559225],[-93.594428,45.559222],[-93.593813,45.559218],[-93.593762,45.559218],[-93.593296,45.559212],[-93.59319,45.55919],[-93.59174,45.559195],[-93.591002,45.559197],[-93.590657,45.559198],[-93.590205,45.559179],[-93.589428,45.559145],[-93.58913,45.559131],[-93.588952,45.559129],[-93.584308,45.559072],[-93.583552,45.559063],[-93.583327,45.55906],[-93.582064,45.559026],[-93.581562,45.559072],[-93.580371,45.559059],[-93.578625,45.55904],[-93.578597,45.55904],[-93.578557,45.559039],[-93.578155,45.559035],[-93.577693,45.55903],[-93.576295,45.559014],[-93.573088,45.558981],[-93.573,45.55898],[-93.57296,45.55898],[-93.572623,45.558979],[-93.572283,45.558978],[-93.572168,45.558978],[-93.572042,45.558978],[-93.571921,45.558978],[-93.571783,45.558977],[-93.570359,45.558972],[-93.569823,45.55897],[-93.568545,45.558965],[-93.567121,45.558962],[-93.56709,45.558962],[-93.567001,45.55896],[-93.566942,45.558959],[-93.566821,45.558959],[-93.56678,45.558959],[-93.566593,45.558958],[-93.565774,45.558955],[-93.565133,45.558952],[-93.56502,45.558951],[-93.564909,45.558951],[-93.564743,45.55895],[-93.56467,45.55895],[-93.564086,45.558948],[-93.562534,45.558942],[-93.562378,45.558942],[-93.562221,45.558943],[-93.562183,45.558943],[-93.562039,45.558943],[-93.561941,45.558943],[-93.560708,45.55893],[-93.560571,45.558929],[-93.558453,45.558907],[-93.557462,45.558933],[-93.557235,45.558933],[-93.556483,45.558935],[-93.555402,45.558937],[-93.555138,45.558982],[-93.555041,45.559071],[-93.554481,45.558986],[-93.554016,45.558941],[-93.553056,45.55893],[-93.552635,45.558935],[-93.552188,45.55894],[-93.552162,45.55894],[-93.551692,45.558945],[-93.551461,45.558947],[-93.547711,45.558878],[-93.546101,45.558856],[-93.54542,45.558847],[-93.543606,45.558823],[-93.54318,45.558824],[-93.541819,45.558827],[-93.539912,45.558831],[-93.536163,45.558868],[-93.535869,45.558871],[-93.532143,45.558896],[-93.531468,45.558901],[-93.531417,45.558901],[-93.528535,45.55891],[-93.527363,45.558914],[-93.526807,45.558908],[-93.523272,45.55887],[-93.521097,45.558851],[-93.520953,45.558849],[-93.519126,45.55883],[-93.517922,45.55883],[-93.516733,45.55883],[-93.515845,45.558831],[-93.515585,45.558831],[-93.514747,45.558798],[-93.510706,45.558773],[-93.510709,45.55865],[-93.510826,45.555738],[-93.51081,45.555211],[-93.510722,45.552321],[-93.510717,45.552015],[-93.510717,45.551859],[-93.510707,45.546904],[-93.510706,45.546885],[-93.510706,45.546772],[-93.510705,45.546659],[-93.510705,45.546584],[-93.510704,45.546508],[-93.510693,45.544439],[-93.510692,45.544416],[-93.51069,45.544341],[-93.51069,45.544289],[-93.51069,45.544179],[-93.510683,45.543163],[-93.510681,45.54274],[-93.51068,45.542571],[-93.510678,45.542393],[-93.510678,45.542168],[-93.510677,45.541943],[-93.510668,45.540634],[-93.510657,45.538644],[-93.51065,45.537392],[-93.51065,45.537351],[-93.510644,45.536501],[-93.510638,45.535458],[-93.510637,45.535174],[-93.510634,45.535012],[-93.510633,45.534501],[-93.510628,45.533786],[-93.510624,45.533086],[-93.510619,45.532283],[-93.510617,45.531739],[-93.510615,45.531534],[-93.51061,45.53063],[-93.510603,45.529523],[-93.510601,45.529177],[-93.510595,45.528055],[-93.510592,45.527533],[-93.510586,45.52656],[-93.51058,45.525649],[-93.510579,45.525395],[-93.510573,45.524339],[-93.510567,45.523453],[-93.510564,45.522855],[-93.510563,45.522769],[-93.510521,45.515553],[-93.510521,45.515511],[-93.510474,45.507552],[-93.510475,45.507128],[-93.510486,45.506077],[-93.510496,45.505142],[-93.510505,45.504304],[-93.510514,45.503418],[-93.510526,45.502302],[-93.510531,45.501821],[-93.510537,45.501195],[-93.510549,45.500063],[-93.510558,45.499224],[-93.510573,45.497732],[-93.510583,45.496772],[-93.51059,45.496059],[-93.510635,45.493654],[-93.510632,45.493547],[-93.51058,45.491582],[-93.510565,45.491049],[-93.510592,45.489532],[-93.510557,45.488173],[-93.510556,45.488018],[-93.510551,45.487099],[-93.510551,45.487076],[-93.510549,45.486877],[-93.510549,45.486814],[-93.510546,45.486224],[-93.510543,45.485533],[-93.51054,45.484995],[-93.51054,45.484419],[-93.51054,45.484093],[-93.510539,45.483748],[-93.510539,45.48323],[-93.510539,45.482752],[-93.510539,45.482735],[-93.510539,45.482265],[-93.510566,45.48144],[-93.510606,45.480194],[-93.510621,45.479743],[-93.510641,45.479505],[-93.510613,45.478993],[-93.510593,45.477211],[-93.510589,45.476587],[-93.510592,45.475936],[-93.510594,45.475495],[-93.510595,45.475351],[-93.5106,45.474148],[-93.510595,45.472379],[-93.510599,45.47217],[-93.510596,45.472138],[-93.510589,45.472039],[-93.510591,45.47188],[-93.510588,45.469922],[-93.51058,45.465195],[-93.51056,45.460272],[-93.510551,45.457957],[-93.510505,45.453739],[-93.510481,45.451411],[-93.510477,45.451057],[-93.510365,45.450605],[-93.510356,45.45057],[-93.510395,45.450524],[-93.510431,45.450398],[-93.510432,45.446963],[-93.510434,45.443444],[-93.51041,45.442211],[-93.510377,45.44103],[-93.510359,45.440363],[-93.510348,45.439455],[-93.510333,45.438934],[-93.510343,45.438827],[-93.510285,45.43759],[-93.51028,45.437488],[-93.510249,45.436197],[-93.510229,45.435405],[-93.510227,45.434971],[-93.510222,45.434132],[-93.510218,45.433462],[-93.510206,45.43309],[-93.510193,45.432702],[-93.510163,45.431386],[-93.510148,45.431348],[-93.510148,45.430073],[-93.510148,45.429751],[-93.510113,45.429015],[-93.510133,45.428267],[-93.510101,45.426681],[-93.510101,45.426052],[-93.510105,45.425304],[-93.510109,45.424511],[-93.510108,45.424083],[-93.510096,45.423889],[-93.510105,45.423708],[-93.510095,45.423609],[-93.510079,45.423458],[-93.510099,45.423107],[-93.510088,45.421823],[-93.510089,45.421639],[-93.510094,45.419887],[-93.510097,45.418767],[-93.510099,45.418278],[-93.510099,45.41814],[-93.510096,45.41809],[-93.510095,45.418076],[-93.510089,45.417974],[-93.510069,45.417641],[-93.510084,45.417124],[-93.510131,45.416719],[-93.510143,45.416612],[-93.510072,45.414799],[-93.510071,45.414668],[-93.510066,45.413775],[-93.510065,45.413613],[-93.510061,45.412886],[-93.51006,45.412827],[-93.510055,45.412653],[-93.510041,45.410823],[-93.510026,45.40873],[-93.510014,45.407752],[-93.510005,45.406954],[-93.510002,45.406655],[-93.509985,45.405154],[-93.509984,45.405097],[-93.509984,45.404841],[-93.509983,45.404677],[-93.509988,45.403613],[-93.50999,45.403223],[-93.509964,45.400732],[-93.509963,45.400644],[-93.509958,45.400241],[-93.509924,45.396773],[-93.509921,45.396544],[-93.509888,45.393172],[-93.509881,45.392728],[-93.509863,45.391994],[-93.509849,45.391465],[-93.509851,45.390955],[-93.509853,45.390461],[-93.509834,45.389903],[-93.509802,45.389829],[-93.509793,45.389682],[-93.509804,45.389315],[-93.509808,45.389188],[-93.509849,45.388499],[-93.509829,45.387408],[-93.509828,45.387093],[-93.509809,45.386305],[-93.509806,45.386161],[-93.509796,45.385614],[-93.509794,45.385514],[-93.509781,45.384854],[-93.50982,45.383798],[-93.509818,45.383289],[-93.509815,45.382481],[-93.509818,45.382209],[-93.509834,45.380923],[-93.509835,45.380821],[-93.509846,45.380101],[-93.509857,45.379828],[-93.509898,45.378867],[-93.509893,45.378363],[-93.509887,45.377969],[-93.509881,45.377554],[-93.50992,45.375906],[-93.509935,45.375243],[-93.509939,45.375101],[-93.509996,45.371695],[-93.510018,45.370408],[-93.510033,45.369193],[-93.510041,45.368139],[-93.510042,45.367892],[-93.510048,45.367007],[-93.510062,45.36622],[-93.510078,45.365514],[-93.510105,45.364368],[-93.510127,45.362932],[-93.51013,45.362764],[-93.510126,45.362481],[-93.510124,45.362328],[-93.510113,45.361277],[-93.510118,45.36084],[-93.510121,45.360606],[-93.510134,45.359858],[-93.510137,45.359725],[-93.510149,45.359181],[-93.510154,45.357698],[-93.510168,45.35714],[-93.510169,45.357109],[-93.51017,45.35707],[-93.510183,45.356581],[-93.510199,45.356113],[-93.510209,45.355424],[-93.510204,45.354982],[-93.5102,45.354614],[-93.510178,45.352752],[-93.510212,45.351393],[-93.510239,45.350256],[-93.510285,45.349824],[-93.510307,45.349707],[-93.510319,45.348933],[-93.510262,45.34626],[-93.510272,45.34255],[-93.510272,45.342528],[-93.510365,45.339105],[-93.510377,45.338665],[-93.510467,45.335248],[-93.510486,45.334545],[-93.51049,45.334442],[-93.510498,45.334237],[-93.51052,45.332929],[-93.51053,45.33275],[-93.510539,45.332526],[-93.510559,45.331992],[-93.510597,45.331831],[-93.510602,45.331743],[-93.510612,45.331533],[-93.510612,45.330157],[-93.510639,45.328712],[-93.510622,45.328327],[-93.510522,45.327899],[-93.510419,45.327458],[-93.510577,45.321054],[-93.51072,45.313821],[-93.510867,45.307468],[-93.510889,45.306566],[-93.510891,45.306466],[-93.510912,45.303726],[-93.510972,45.300533],[-93.510994,45.299347],[-93.511235,45.298377],[-93.511268,45.298243],[-93.511268,45.298158],[-93.511181,45.29756],[-93.511137,45.297192],[-93.511067,45.296615],[-93.511079,45.296338],[-93.511105,45.295778],[-93.511159,45.294584],[-93.511175,45.294225],[-93.511268,45.292136],[-93.511279,45.291897],[-93.511284,45.291791],[-93.51129,45.291646],[-93.511313,45.291183],[-93.51134,45.29051],[-93.511407,45.28888],[-93.511465,45.287435],[-93.511547,45.285425],[-93.511568,45.284923],[-93.511575,45.284696],[-93.511586,45.284332],[-93.511705,45.28053],[-93.51178,45.278148],[-93.511798,45.277568],[-93.511836,45.276361],[-93.511845,45.276061],[-93.511989,45.270648],[-93.512043,45.270029],[-93.512062,45.268968],[-93.512074,45.268286],[-93.512085,45.267722],[-93.51209,45.267587],[-93.51212,45.266829],[-93.512138,45.26624],[-93.512154,45.265746],[-93.512175,45.264897],[-93.512209,45.263557],[-93.512223,45.263401],[-93.512236,45.263257],[-93.512291,45.262643],[-93.512329,45.262002],[-93.512444,45.260212],[-93.512459,45.259901],[-93.512429,45.25983],[-93.512402,45.259765],[-93.512344,45.258719],[-93.512349,45.258508],[-93.512401,45.256497],[-93.512405,45.256307],[-93.512455,45.254343],[-93.512465,45.253972],[-93.512484,45.253238],[-93.512484,45.25322],[-93.512507,45.25234],[-93.512512,45.252151],[-93.512518,45.25189],[-93.512516,45.25185],[-93.512513,45.251792],[-93.512524,45.251441],[-93.512556,45.250421],[-93.512644,45.24698],[-93.512651,45.246692],[-93.51261,45.246592],[-93.512355,45.246039],[-93.512346,45.246019],[-93.512326,45.245975],[-93.512297,45.245912],[-93.512244,45.245798],[-93.512192,45.245684],[-93.512297,45.245718],[-93.51261,45.245818],[-93.513136,45.245968],[-93.513345,45.245991],[-93.514034,45.246146],[-93.515344,45.246321],[-93.51592,45.246359],[-93.516552,45.246377],[-93.517726,45.246418],[-93.518422,45.246413],[-93.519246,45.246403],[-93.520072,45.246426],[-93.520805,45.246487],[-93.521082,45.246528],[-93.521335,45.246566],[-93.521421,45.246582],[-93.521507,45.246599],[-93.521593,45.246615],[-93.52163,45.246611],[-93.521655,45.246619],[-93.521679,45.246631],[-93.521701,45.246635],[-93.521856,45.246665],[-93.522012,45.246694],[-93.522209,45.246731],[-93.522336,45.246814],[-93.522766,45.247098],[-93.523235,45.247406],[-93.523972,45.248194],[-93.523984,45.248207],[-93.524308,45.248641],[-93.524404,45.248769],[-93.524528,45.248934],[-93.524548,45.249005],[-93.524691,45.249495],[-93.524893,45.249759],[-93.525065,45.249982],[-93.52585,45.250746],[-93.52652,45.251398],[-93.527075,45.251789],[-93.528502,45.252663],[-93.528986,45.25296],[-93.529429,45.253249],[-93.529856,45.253528],[-93.530759,45.253945],[-93.531362,45.254224],[-93.532179,45.254363],[-93.532699,45.254451],[-93.533973,45.25472],[-93.535167,45.25475],[-93.535509,45.254759],[-93.536663,45.25491],[-93.536682,45.254912],[-93.538719,45.25518],[-93.539072,45.255289],[-93.539885,45.25554],[-93.540951,45.256056],[-93.541873,45.256575],[-93.543297,45.257437],[-93.543976,45.257873],[-93.545302,45.259038],[-93.545338,45.259069],[-93.546151,45.260011],[-93.546722,45.260735],[-93.546793,45.260825],[-93.546864,45.260916],[-93.546994,45.261091],[-93.547342,45.261461],[-93.547814,45.261961],[-93.548271,45.262381],[-93.548318,45.262424],[-93.54853,45.262619],[-93.548955,45.262919],[-93.549058,45.262992],[-93.549594,45.263263],[-93.549777,45.263353],[-93.550078,45.263566],[-93.550501,45.263864],[-93.550793,45.264038],[-93.551095,45.264218],[-93.551472,45.264563],[-93.551895,45.264951],[-93.55194,45.26499],[-93.552372,45.265519],[-93.552503,45.265743],[-93.552773,45.266206],[-93.553113,45.266909],[-93.553371,45.267637],[-93.55347,45.268323],[-93.553467,45.26855],[-93.553457,45.269553],[-93.553727,45.272505],[-93.553812,45.273061],[-93.55431,45.279286],[-93.554432,45.280206],[-93.555652,45.283941],[-93.555934,45.285202],[-93.556089,45.285734],[-93.556538,45.286391],[-93.556745,45.286805],[-93.556861,45.287056],[-93.557339,45.287598],[-93.557619,45.287937],[-93.55767,45.28797],[-93.558061,45.288469],[-93.558184,45.288591],[-93.558207,45.288614],[-93.558221,45.288633],[-93.558248,45.28867],[-93.558299,45.288764],[-93.558313,45.288781],[-93.558334,45.288803],[-93.558343,45.288827],[-93.558365,45.288857],[-93.558539,45.289072],[-93.559716,45.290649],[-93.55977,45.290758],[-93.559885,45.290979],[-93.560573,45.292592],[-93.561028,45.294017],[-93.561476,45.29603],[-93.561603,45.297004],[-93.5626,45.29973],[-93.562617,45.299778],[-93.56264,45.299841],[-93.562984,45.300299],[-93.563036,45.300344],[-93.563311,45.300585],[-93.563816,45.301137],[-93.563989,45.301239],[-93.564339,45.301334],[-93.564781,45.301428],[-93.565475,45.301578],[-93.566243,45.301707],[-93.567519,45.301922],[-93.568357,45.301979],[-93.568562,45.301958],[-93.56895,45.301921],[-93.569337,45.301871],[-93.569712,45.301823],[-93.570304,45.301559],[-93.570696,45.301287],[-93.571006,45.301074],[-93.571357,45.300665],[-93.571445,45.300563],[-93.571689,45.300194],[-93.57187,45.299724],[-93.571978,45.299199],[-93.572078,45.298721],[-93.572081,45.298671],[-93.572087,45.29858],[-93.572096,45.298445],[-93.572105,45.298308],[-93.572111,45.298218],[-93.57206,45.298039],[-93.571987,45.297783],[-93.572074,45.297507],[-93.57213,45.297331],[-93.57221,45.296728],[-93.572355,45.296166],[-93.572627,45.29567],[-93.572708,45.295571],[-93.573053,45.295152],[-93.573767,45.294607],[-93.574562,45.294049],[-93.575412,45.293583],[-93.57621,45.2932],[-93.576997,45.292901],[-93.577503,45.292722],[-93.578106,45.292509],[-93.579296,45.292152],[-93.579392,45.292123],[-93.579572,45.292102],[-93.580413,45.292009],[-93.580694,45.291978],[-93.580985,45.291945],[-93.58138,45.291902],[-93.581861,45.291933],[-93.582154,45.291953],[-93.58375,45.292059],[-93.584274,45.292051],[-93.585322,45.292104],[-93.587316,45.292493],[-93.588209,45.292649],[-93.588449,45.292672],[-93.589314,45.292758],[-93.590032,45.292723],[-93.591511,45.292593],[-93.593026,45.29246],[-93.595958,45.292356],[-93.597443,45.292304],[-93.599678,45.292398],[-93.602135,45.292352],[-93.603806,45.29233],[-93.605668,45.292277],[-93.606158,45.292296],[-93.607726,45.292365],[-93.608317,45.292389],[-93.608629,45.292404],[-93.608801,45.292413],[-93.610508,45.292549],[-93.611344,45.292573],[-93.612229,45.292716],[-93.612413,45.29274],[-93.612967,45.292812],[-93.613152,45.292836],[-93.613883,45.292959],[-93.614443,45.29316],[-93.614636,45.293206],[-93.614816,45.293249],[-93.615108,45.29332],[-93.615978,45.293577],[-93.616921,45.294003],[-93.618453,45.294526],[-93.619732,45.29477],[-93.620721,45.294959],[-93.62142,45.295108],[-93.621507,45.295131],[-93.621638,45.295166],[-93.621768,45.295201],[-93.621856,45.295225],[-93.622129,45.295303],[-93.62295,45.295538],[-93.623224,45.295617],[-93.623942,45.29566],[-93.626097,45.295792],[-93.626816,45.295836],[-93.626858,45.295852],[-93.626988,45.295902],[-93.627031,45.295919],[-93.627318,45.295936],[-93.628183,45.295987],[-93.628471,45.296005],[-93.628528,45.296058],[-93.628737,45.296102],[-93.628785,45.296086],[-93.628867,45.296061],[-93.629463,45.296066],[-93.629908,45.296025],[-93.630606,45.295918],[-93.63101,45.295881],[-93.632103,45.295698],[-93.633009,45.29572],[-93.634328,45.295681],[-93.636413,45.295742],[-93.638498,45.295804],[-93.638747,45.295811],[-93.638996,45.295819],[-93.641246,45.296123],[-93.64127,45.296126],[-93.641989,45.296201],[-93.642732,45.29628],[-93.643732,45.296288],[-93.644388,45.296294],[-93.646029,45.29618],[-93.646719,45.296055],[-93.647607,45.295895],[-93.647663,45.295876],[-93.647701,45.295863],[-93.64783,45.295819],[-93.648024,45.295755],[-93.648218,45.295689],[-93.648348,45.295646],[-93.64853,45.295585],[-93.64855,45.295578],[-93.649157,45.295374],[-93.64936,45.295306],[-93.6508,45.295209],[-93.650925,45.295201],[-93.652997,45.295238],[-93.655113,45.29551],[-93.656546,45.295694],[-93.656649,45.295707],[-93.656752,45.29572],[-93.657112,45.295766],[-93.657828,45.295858],[-93.658816,45.295952],[-93.658943,45.295965],[-93.659387,45.29595],[-93.660887,45.295911],[-93.662503,45.295654],[-93.66377,45.295453],[-93.667449,45.295182],[-93.669671,45.295221],[-93.670783,45.295433],[-93.671354,45.295543],[-93.671832,45.2957],[-93.673371,45.296207],[-93.674725,45.296893],[-93.675211,45.29714],[-93.675708,45.297455],[-93.676887,45.298203],[-93.677106,45.298354],[-93.677392,45.298552],[-93.677679,45.29875],[-93.678541,45.299344],[-93.679458,45.300013],[-93.679543,45.300073],[-93.679798,45.300253],[-93.679884,45.300314],[-93.680209,45.300637],[-93.680407,45.300834],[-93.680811,45.301359],[-93.680886,45.301457],[-93.680923,45.301548],[-93.681002,45.301744],[-93.681049,45.301859],[-93.681175,45.302169],[-93.681205,45.302214],[-93.681214,45.302227],[-93.681253,45.302284],[-93.681291,45.302341],[-93.681298,45.302351],[-93.681329,45.302397],[-93.681408,45.302515],[-93.681645,45.302872],[-93.681725,45.302991],[-93.681942,45.30332],[-93.682255,45.303793],[-93.68271,45.304208],[-93.682778,45.30427],[-93.683043,45.304418],[-93.683133,45.304462],[-93.683403,45.304594],[-93.683494,45.304638],[-93.683603,45.304688],[-93.683869,45.30481],[-93.683937,45.304821],[-93.684056,45.304841],[-93.684291,45.304878],[-93.684996,45.304989],[-93.685046,45.304997],[-93.685233,45.305011],[-93.685315,45.305017],[-93.685396,45.305023],[-93.685758,45.30505],[-93.685847,45.305057],[-93.686639,45.304922],[-93.687262,45.304627],[-93.687739,45.304402],[-93.687834,45.304402],[-93.688305,45.304095],[-93.688834,45.303751],[-93.689806,45.302829],[-93.690245,45.302413],[-93.69028,45.302374],[-93.690584,45.302032],[-93.69104,45.301521],[-93.691496,45.301008],[-93.6918,45.300667],[-93.691877,45.300623],[-93.691994,45.300559],[-93.69211,45.300493],[-93.692188,45.30045],[-93.692504,45.300272],[-93.692977,45.300008],[-93.6935,45.299848],[-93.693848,45.299742],[-93.69414,45.29965],[-93.694607,45.29957],[-93.696201,45.299301],[-93.696918,45.299198],[-93.697691,45.299088],[-93.698063,45.299034],[-93.698772,45.298933],[-93.699177,45.298842],[-93.699545,45.298761],[-93.700053,45.298648],[-93.700561,45.298535],[-93.700908,45.298456],[-93.701251,45.298378],[-93.701488,45.298324],[-93.70172,45.298271],[-93.702323,45.298135],[-93.702779,45.298044],[-93.704147,45.297772],[-93.704392,45.297724],[-93.704604,45.297682],[-93.705189,45.297687],[-93.705327,45.297701],[-93.705994,45.29777],[-93.707112,45.298002],[-93.707468,45.298061],[-93.708183,45.298182],[-93.708821,45.29828],[-93.70978,45.298429],[-93.710518,45.298543],[-93.710738,45.298576],[-93.710948,45.298609],[-93.711377,45.298676],[-93.711971,45.298769],[-93.712133,45.298795],[-93.713756,45.299046],[-93.714351,45.299138],[-93.714424,45.299147],[-93.714532,45.299161],[-93.714643,45.299177],[-93.714716,45.299189],[-93.71509,45.29925],[-93.715568,45.299291],[-93.718135,45.299516],[-93.718991,45.299592],[-93.719036,45.299596],[-93.719097,45.299602],[-93.719171,45.299608],[-93.719217,45.299612],[-93.71924,45.299614],[-93.719311,45.299622],[-93.719335,45.299625],[-93.719359,45.299627],[-93.719433,45.299635],[-93.719458,45.299638],[-93.719495,45.299642],[-93.719583,45.299652],[-93.719609,45.299654],[-93.719648,45.299657],[-93.71978,45.29967],[-93.719995,45.299691],[-93.720516,45.299745],[-93.721037,45.299798],[-93.721385,45.299834],[-93.721574,45.29983],[-93.721719,45.299827],[-93.722142,45.299856],[-93.722332,45.29987],[-93.723959,45.299982],[-93.724375,45.299972],[-93.726048,45.299933],[-93.726905,45.300086],[-93.729725,45.300094],[-93.730015,45.300095],[-93.730171,45.300082],[-93.7305,45.300054],[-93.731287,45.299988],[-93.731356,45.299983],[-93.732541,45.299885],[-93.73285,45.299888],[-93.733697,45.299897],[-93.733779,45.299891],[-93.734089,45.299873],[-93.7344,45.299886],[-93.734901,45.299909],[-93.735336,45.299896],[-93.735648,45.299887],[-93.73612,45.299841],[-93.73623,45.299831],[-93.737214,45.299756],[-93.737539,45.299707],[-93.738009,45.299638],[-93.738096,45.299617],[-93.738114,45.299613],[-93.738228,45.299585],[-93.738359,45.299553],[-93.738447,45.299533],[-93.738518,45.299515],[-93.738732,45.299465],[-93.738806,45.299458],[-93.739462,45.299366],[-93.740173,45.299267],[-93.741405,45.298951],[-93.742048,45.298787],[-93.742607,45.298655],[-93.743447,45.298458],[-93.744285,45.29826],[-93.744845,45.298129],[-93.745198,45.298019],[-93.745904,45.297802],[-93.746243,45.297651],[-93.746581,45.297501],[-93.746712,45.297442],[-93.74691,45.297355],[-93.747108,45.297267],[-93.74724,45.297209],[-93.747493,45.297096],[-93.747588,45.297054],[-93.748226,45.296704],[-93.74847,45.296572],[-93.748826,45.296376],[-93.749362,45.296084],[-93.749896,45.295791],[-93.750253,45.295596],[-93.75083,45.295338],[-93.751661,45.295079],[-93.752738,45.294808],[-93.753969,45.294635],[-93.755174,45.294674],[-93.756612,45.294722],[-93.757789,45.294893],[-93.759201,45.295312],[-93.760399,45.295749],[-93.761411,45.296188],[-93.762371,45.296455],[-93.763874,45.296678],[-93.765457,45.296849],[-93.766921,45.297054],[-93.768282,45.29736],[-93.76939,45.297711],[-93.769914,45.297921],[-93.770658,45.29822],[-93.771591,45.298644],[-93.77284,45.299293],[-93.772924,45.299337],[-93.774432,45.300194],[-93.774532,45.300266],[-93.77503,45.300533],[-93.776349,45.30124],[-93.776842,45.30153],[-93.777436,45.301881],[-93.777922,45.302173],[-93.779278,45.30299],[-93.779386,45.303045],[-93.779892,45.303304],[-93.780262,45.303493],[-93.780345,45.303528],[-93.781022,45.303817],[-93.781756,45.304086],[-93.782232,45.30426],[-93.782809,45.304471],[-93.783844,45.304851],[-93.784348,45.305126],[-93.784484,45.305223],[-93.784986,45.305579],[-93.785406,45.305784],[-93.786669,45.306399],[-93.78709,45.306604],[-93.787819,45.306982],[-93.788117,45.307136],[-93.789157,45.307657],[-93.790079,45.307948],[-93.790273,45.308009],[-93.790872,45.308167],[-93.791015,45.308205],[-93.791444,45.308319],[-93.791587,45.308358],[-93.792073,45.30849],[-93.792129,45.308505],[-93.793107,45.308775],[-93.793759,45.308934],[-93.794306,45.309068],[-93.79447,45.309123],[-93.794962,45.309288],[-93.795127,45.309343],[-93.795902,45.309578],[-93.796008,45.3096],[-93.797594,45.309933],[-93.798717,45.310096],[-93.799135,45.310157],[-93.799624,45.310245],[-93.800752,45.310446],[-93.801032,45.310512],[-93.801787,45.310693],[-93.802795,45.311061],[-93.804955,45.312219],[-93.805148,45.312323],[-93.806181,45.312963],[-93.806467,45.313177],[-93.807287,45.313789],[-93.80733,45.313816],[-93.807634,45.314007],[-93.808367,45.314474],[-93.808509,45.314557],[-93.809504,45.31514],[-93.811139,45.3162],[-93.811328,45.316323],[-93.812006,45.316764],[-93.812187,45.316891],[-93.81273,45.317275],[-93.812911,45.317403],[-93.813021,45.31748],[-93.813122,45.317552],[-93.813325,45.317745],[-93.813423,45.317838],[-93.813492,45.317894],[-93.813565,45.317973],[-93.81367,45.318092],[-93.813721,45.318168],[-93.813769,45.318173],[-93.813916,45.31819],[-93.813965,45.318196],[-93.814119,45.318344],[-93.814146,45.318387],[-93.814415,45.318811],[-93.814474,45.3191],[-93.814528,45.319361],[-93.814601,45.319798],[-93.814838,45.320447],[-93.815018,45.32069],[-93.815316,45.321091],[-93.815398,45.321183],[-93.815684,45.321503],[-93.816111,45.321876],[-93.816548,45.322145],[-93.817739,45.322959],[-93.818354,45.323366],[-93.818812,45.323669],[-93.81958,45.324115],[-93.819755,45.324212],[-93.820181,45.324496],[-93.820472,45.324691],[-93.821214,45.325188],[-93.822325,45.325767],[-93.8232,45.326334],[-93.823334,45.326421],[-93.824073,45.326941],[-93.824528,45.327262],[-93.825496,45.327867],[-93.825787,45.328049],[-93.82715,45.329222],[-93.827934,45.330109],[-93.828265,45.330555],[-93.828437,45.330773],[-93.828836,45.331495],[-93.828872,45.3316],[-93.829056,45.332125],[-93.829159,45.333011],[-93.82924,45.333249],[-93.829307,45.333448],[-93.829331,45.33352],[-93.829572,45.333971],[-93.82961,45.333996],[-93.829786,45.334113],[-93.830005,45.33425],[-93.830731,45.334589],[-93.831141,45.33478],[-93.833034,45.335124],[-93.833832,45.335225],[-93.833949,45.33524],[-93.834878,45.3354],[-93.835173,45.335448],[-93.835557,45.335512],[-93.836057,45.335596],[-93.836223,45.335624],[-93.836353,45.335645],[-93.8372,45.335785],[-93.837465,45.33583],[-93.838305,45.336053],[-93.839055,45.33615],[-93.839725,45.336285],[-93.839847,45.33631],[-93.840576,45.336405],[-93.841085,45.336471],[-93.841502,45.336488],[-93.843613,45.336574],[-93.844295,45.336556],[-93.845227,45.336532],[-93.845305,45.336533],[-93.845539,45.336536],[-93.845618,45.336538],[-93.845666,45.336533],[-93.845813,45.33652],[-93.845862,45.336516],[-93.846345,45.336493],[-93.846474,45.336488],[-93.847489,45.336367],[-93.847789,45.336358],[-93.84793,45.336355],[-93.848168,45.336347],[-93.848273,45.336344],[-93.848296,45.336342],[-93.848367,45.33634],[-93.848391,45.33634],[-93.848831,45.336452],[-93.849023,45.336502],[-93.849324,45.336631],[-93.849678,45.336688],[-93.850158,45.336718],[-93.850613,45.336748],[-93.850661,45.336751],[-93.850807,45.336762],[-93.850856,45.336766],[-93.851183,45.336824],[-93.852164,45.337],[-93.852491,45.337059],[-93.852564,45.337073],[-93.852783,45.337115],[-93.852856,45.33713],[-93.853508,45.33732],[-93.853605,45.337347],[-93.855043,45.337759],[-93.855818,45.337852],[-93.855883,45.337854],[-93.856413,45.337874],[-93.856658,45.33782],[-93.856696,45.337811],[-93.856812,45.337786],[-93.856851,45.337778],[-93.857005,45.337741],[-93.857025,45.337741],[-93.857562,45.337742],[-93.857741,45.337743],[-93.857775,45.33775],[-93.857895,45.337775],[-93.858176,45.337835],[-93.858258,45.337849],[-93.85838,45.337872],[-93.858411,45.337877],[-93.858446,45.337883],[-93.858504,45.337893],[-93.858535,45.337899],[-93.858815,45.337945],[-93.859278,45.338023],[-93.859656,45.338087],[-93.859937,45.338135],[-93.860242,45.3382],[-93.860883,45.33826],[-93.860929,45.338266],[-93.861803,45.338388],[-93.86269,45.338408],[-93.863922,45.338537],[-93.864396,45.338587],[-93.86492,45.338635],[-93.865055,45.338647],[-93.865842,45.338816],[-93.866404,45.338937],[-93.867236,45.339178],[-93.867592,45.339282],[-93.868506,45.339839],[-93.869102,45.340226],[-93.870395,45.341152],[-93.87107,45.341772],[-93.872,45.342448],[-93.872597,45.342856],[-93.872812,45.343003],[-93.873118,45.343185],[-93.873528,45.343429],[-93.874042,45.343612],[-93.874278,45.343696],[-93.875251,45.344231],[-93.875368,45.344295],[-93.877065,45.345227],[-93.87897,45.346484],[-93.8791,45.346562],[-93.879209,45.346667],[-93.879251,45.346707],[-93.879769,45.347168],[-93.882214,45.349377],[-93.883046,45.350428],[-93.883172,45.350587],[-93.883298,45.350745],[-93.883807,45.351387],[-93.884316,45.352029],[-93.885,45.352888],[-93.886138,45.35489],[-93.886673,45.355832],[-93.887187,45.356735],[-93.887222,45.356886],[-93.887444,45.357854],[-93.887667,45.358822],[-93.887683,45.358892],[-93.887703,45.358979],[-93.887721,45.359974],[-93.887726,45.360224],[-93.887726,45.360237],[-93.88773,45.360474],[-93.887733,45.360632],[-93.88774,45.361026],[-93.887745,45.36129],[-93.887793,45.361432],[-93.887866,45.361645],[-93.887938,45.361858],[-93.887986,45.362001],[-93.888016,45.36209],[-93.888027,45.362123],[-93.88814,45.362247],[-93.888199,45.362312],[-93.888259,45.362377],[-93.888374,45.362502],[-93.888547,45.362691],[-93.888719,45.362879],[-93.888835,45.363005],[-93.888856,45.363028],[-93.88888,45.363054],[-93.888931,45.363086],[-93.888958,45.363104],[-93.889889,45.363695],[-93.890821,45.364285],[-93.893198,45.365362],[-93.895577,45.366442],[-93.895871,45.366575],[-93.900986,45.368277],[-93.901811,45.368552],[-93.902564,45.368913],[-93.904375,45.36978],[-93.906187,45.370648],[-93.906333,45.370717],[-93.906406,45.370752],[-93.906738,45.370911],[-93.907064,45.371072],[-93.907283,45.371181],[-93.907378,45.371258],[-93.907523,45.371375],[-93.907663,45.371494],[-93.907757,45.371574],[-93.907919,45.371712],[-93.908163,45.371919],[-93.908406,45.372126],[-93.908569,45.372265],[-93.908765,45.37243],[-93.909059,45.372677],[-93.909355,45.372923],[-93.909552,45.373088],[-93.909766,45.373269],[-93.909856,45.373346],[-93.909865,45.373365],[-93.909933,45.373512],[-93.910143,45.373966],[-93.91016,45.374003],[-93.91021,45.374112],[-93.910278,45.374258],[-93.910343,45.3744],[-93.910442,45.374613],[-93.91054,45.374826],[-93.910606,45.374969],[-93.910643,45.375081],[-93.9107,45.375251],[-93.910756,45.37542],[-93.910794,45.375534],[-93.910999,45.376151],[-93.911111,45.37661],[-93.911308,45.377416],[-93.911466,45.378409],[-93.911549,45.37934],[-93.911737,45.379907],[-93.911866,45.380294],[-93.912084,45.38059],[-93.912291,45.38087],[-93.913199,45.38182],[-93.914287,45.382566],[-93.915059,45.382916],[-93.916366,45.383347],[-93.918527,45.384374],[-93.920172,45.384786],[-93.922253,45.385013],[-93.922318,45.385022],[-93.925912,45.385566],[-93.926931,45.385721],[-93.92775,45.385731],[-93.928487,45.385687],[-93.929024,45.38561],[-93.932052,45.384456],[-93.936764,45.384015],[-93.937023,45.383991],[-93.937449,45.383952],[-93.939239,45.383952],[-93.939748,45.383918],[-93.940423,45.38415],[-93.941766,45.38461],[-93.943839,45.385197],[-93.944946,45.385115],[-93.945328,45.385036],[-93.945646,45.384981],[-93.946818,45.384209],[-93.948738,45.381761],[-93.949749,45.380256],[-93.952507,45.378638],[-93.953745,45.377931],[-93.954422,45.377718],[-93.95465,45.37765],[-93.955618,45.377708],[-93.956254,45.377742],[-93.957403,45.37795],[-93.961133,45.380523],[-93.963941,45.382665],[-93.966735,45.384728],[-93.970059,45.386976],[-93.97202,45.388062],[-93.972175,45.388148],[-93.972485,45.388307],[-93.972719,45.388419],[-93.972845,45.388472],[-93.972894,45.38848],[-93.973021,45.388548],[-93.973066,45.388568],[-93.973644,45.388811],[-93.973727,45.388846],[-93.974416,45.389137],[-93.97851,45.390925],[-93.979473,45.391594],[-93.979604,45.391962],[-93.982722,45.396391],[-93.984499,45.398414],[-93.986212,45.399576],[-93.987458,45.399946],[-93.987522,45.399963],[-93.987562,45.399973],[-93.987806,45.39999],[-93.989505,45.400148],[-93.991188,45.400313],[-93.993795,45.400686],[-93.993951,45.400759],[-93.995103,45.401274],[-93.996077,45.401612],[-93.99611,45.401623],[-93.996211,45.401657],[-93.996414,45.401632],[-93.997344,45.401522],[-93.997525,45.401501],[-93.997643,45.401446],[-93.997748,45.401404],[-93.998519,45.401097],[-93.998701,45.401024],[-93.998976,45.400913],[-93.999247,45.400805],[-93.999324,45.400775],[-93.999395,45.400747],[-93.99937,45.40072],[-93.99931,45.400654],[-93.999912,45.400351],[-94.000087,45.400263],[-94.000261,45.400176],[-94.000263,45.400521],[-94.000308,45.400542],[-94.000379,45.40056],[-94.001021,45.400596],[-94.00117,45.400433],[-94.001318,45.400332],[-94.001686,45.400083],[-94.001744,45.400006],[-94.001854,45.399864],[-94.001985,45.399693],[-94.002104,45.399539],[-94.002398,45.399196],[-94.002539,45.399033],[-94.002586,45.398988],[-94.002622,45.398968],[-94.00274,45.3989],[-94.002981,45.398763],[-94.00334,45.398557],[-94.003372,45.398538],[-94.003415,45.398514],[-94.003563,45.398389],[-94.00365,45.398304],[-94.003791,45.398171],[-94.003899,45.398038],[-94.003977,45.397945],[-94.003994,45.397929],[-94.004014,45.397913],[-94.004047,45.397886],[-94.004066,45.397872],[-94.004125,45.397791],[-94.004303,45.39755],[-94.004331,45.397514],[-94.004341,45.397461],[-94.004348,45.397427],[-94.004376,45.397281],[-94.004429,45.397012],[-94.004481,45.396742],[-94.004517,45.396563],[-94.004521,45.396542],[-94.004565,45.396318],[-94.004563,45.395702],[-94.004561,45.393947],[-94.00462,45.393111],[-94.004623,45.393082],[-94.00474,45.392391],[-94.004801,45.392271],[-94.004867,45.39214],[-94.004968,45.391945],[-94.005068,45.391748],[-94.005136,45.391618],[-94.006099,45.391178],[-94.006248,45.391143],[-94.008006,45.390738],[-94.009142,45.390869],[-94.009779,45.391134],[-94.009816,45.39115],[-94.010427,45.391799],[-94.01058,45.392036],[-94.010852,45.392466],[-94.011037,45.392913],[-94.011281,45.393693],[-94.011494,45.394695],[-94.011241,45.396669],[-94.010941,45.397236],[-94.010219,45.397876],[-94.008964,45.398644],[-94.008029,45.399247],[-94.007189,45.4],[-94.00624,45.400623],[-94.006006,45.400872],[-94.005986,45.400894],[-94.005683,45.401207],[-94.005614,45.401742],[-94.005621,45.402055],[-94.005629,45.402443],[-94.005839,45.403129],[-94.006336,45.403876],[-94.006991,45.404309],[-94.007949,45.404654],[-94.008786,45.404636],[-94.010141,45.404485],[-94.01199,45.404103],[-94.013528,45.403558],[-94.014355,45.403298],[-94.01478,45.403165],[-94.01488,45.403134],[-94.015066,45.403082],[-94.015637,45.402964],[-94.015703,45.40295],[-94.015829,45.402939],[-94.015922,45.402931],[-94.01614,45.402911],[-94.017075,45.40283],[-94.017145,45.402824],[-94.017388,45.402816],[-94.017744,45.402803],[-94.01797,45.402795],[-94.018099,45.402791],[-94.018903,45.402763],[-94.019599,45.40284],[-94.019713,45.402852],[-94.019946,45.402879],[-94.020293,45.402917],[-94.020454,45.402934],[-94.020486,45.402938],[-94.020934,45.403019],[-94.021094,45.403048],[-94.0214,45.403093],[-94.022182,45.403245],[-94.022315,45.403278],[-94.022617,45.403355],[-94.022799,45.403401],[-94.023073,45.403471],[-94.023346,45.403539],[-94.023529,45.403586],[-94.023565,45.403595],[-94.023621,45.40361],[-94.023676,45.403623],[-94.023713,45.403633],[-94.024367,45.403914],[-94.025664,45.404471],[-94.026209,45.404948],[-94.026745,45.405418],[-94.027419,45.406065],[-94.028158,45.406956],[-94.028865,45.407807],[-94.029622,45.408893],[-94.030158,45.409964],[-94.031184,45.411219],[-94.031919,45.411938],[-94.032402,45.412411],[-94.033579,45.4132],[-94.03503,45.413824],[-94.035621,45.414044],[-94.036785,45.414477],[-94.038401,45.414892],[-94.039721,45.415285],[-94.041351,45.415933],[-94.041855,45.416242],[-94.042383,45.416566],[-94.04351,45.41769],[-94.044342,45.41865],[-94.044351,45.418664],[-94.046018,45.421239],[-94.046519,45.421859],[-94.047049,45.422516],[-94.047329,45.422862],[-94.048106,45.423841],[-94.048891,45.424936],[-94.049517,45.426056],[-94.049517,45.427398],[-94.049448,45.428435],[-94.049834,45.431337],[-94.05024,45.432747],[-94.051072,45.434434],[-94.052194,45.435262],[-94.053164,45.435383],[-94.054149,45.435301],[-94.054926,45.435044],[-94.055669,45.434681],[-94.056413,45.434298],[-94.058202,45.433358],[-94.05911,45.432994],[-94.060211,45.432597],[-94.061285,45.432369],[-94.062145,45.432234],[-94.063707,45.432282],[-94.065394,45.432534],[-94.066116,45.433048],[-94.066632,45.433634],[-94.066949,45.434283],[-94.066914,45.434996],[-94.066942,45.435664],[-94.067231,45.436391],[-94.067493,45.436832],[-94.067808,45.437204],[-94.068786,45.438165],[-94.068903,45.438229],[-94.069378,45.438489],[-94.069812,45.438596],[-94.070651,45.438766],[-94.071587,45.438906],[-94.072565,45.43898],[-94.073659,45.439037],[-94.074271,45.439139],[-94.075751,45.438984],[-94.076714,45.438698],[-94.077545,45.438352],[-94.077623,45.43832],[-94.078455,45.438102],[-94.079199,45.437951],[-94.079348,45.437979],[-94.079859,45.438077],[-94.080444,45.43832],[-94.080816,45.438586],[-94.080853,45.438694],[-94.080895,45.438758],[-94.0809,45.438782],[-94.080933,45.43893],[-94.080926,45.439166],[-94.080919,45.439395],[-94.080903,45.43943],[-94.080768,45.439739],[-94.080399,45.440057],[-94.080334,45.440101],[-94.079873,45.440486],[-94.07955,45.440733],[-94.078951,45.441363],[-94.078772,45.441998],[-94.078761,45.442088],[-94.07873,45.442346],[-94.078699,45.442603],[-94.078689,45.442686],[-94.07882,45.443233],[-94.078875,45.443451],[-94.079082,45.444096],[-94.080217,45.446102],[-94.080644,45.446494],[-94.081229,45.446892],[-94.081938,45.447173],[-94.082839,45.447415],[-94.083263,45.447498],[-94.083327,45.447505],[-94.084869,45.447764],[-94.085833,45.448074],[-94.086349,45.448306],[-94.08765,45.448791],[-94.088475,45.449116],[-94.089632,45.449416],[-94.090987,45.449629],[-94.094421,45.450157],[-94.095357,45.450395],[-94.095908,45.450535],[-94.097078,45.451136],[-94.097573,45.45165],[-94.097607,45.451749],[-94.097728,45.452103],[-94.097849,45.452457],[-94.097921,45.452668],[-94.097993,45.452879],[-94.098048,45.453041],[-94.098585,45.453617],[-94.100267,45.454114],[-94.101661,45.454783],[-94.101974,45.455928],[-94.10195,45.456053],[-94.101923,45.456197],[-94.101897,45.456374],[-94.10187,45.456559],[-94.101816,45.456922],[-94.101744,45.457406],[-94.101427,45.458177],[-94.101043,45.458748],[-94.100852,45.459032],[-94.100847,45.459199],[-94.100835,45.45966],[-94.100842,45.460144],[-94.100464,45.462029],[-94.100446,45.46221],[-94.100354,45.463158],[-94.100443,45.464602],[-94.100278,45.465692],[-94.100305,45.466647],[-94.101014,45.467955],[-94.101737,45.468638],[-94.103891,45.46985],[-94.107056,45.471735],[-94.107745,45.472369]]]]},"properties":{"neighbourhood":"Sherburne","neighbourhood_group":null}},{"type":"Feature","geometry":{"type":"MultiPolygon","coordinates":[[[[-93.647037,44.543899],[-93.645762,44.543899],[-93.644362,44.5439],[-93.641731,44.54389],[-93.641444,44.543883],[-93.641069,44.543883],[-93.640189,44.543879],[-93.639096,44.543873],[-93.637158,44.543868],[-93.635981,44.543864],[-93.635075,44.543864],[-93.633044,44.543852],[-93.630749,44.543844],[-93.62914,44.543841],[-93.626711,44.543825],[-93.625544,44.54382],[-93.625183,44.54382],[-93.624554,44.543828],[-93.62241,44.543839],[-93.620774,44.543841],[-93.619603,44.543841],[-93.619321,44.543836],[-93.61825,44.543833],[-93.615819,44.543819],[-93.613743,44.54381],[-93.613338,44.543807],[-93.612695,44.543805],[-93.6114,44.543794],[-93.610923,44.543789],[-93.610677,44.543793],[-93.609717,44.543793],[-93.608889,44.543793],[-93.608508,44.543792],[-93.607865,44.543788],[-93.606676,44.543784],[-93.606216,44.543776],[-93.605815,44.543776],[-93.605502,44.543768],[-93.605328,44.543768],[-93.605102,44.54376],[-93.604409,44.543764],[-93.60315,44.543752],[-93.602813,44.543753],[-93.602304,44.543751],[-93.601394,44.54375],[-93.600451,44.54375],[-93.600031,44.54375],[-93.59846,44.543742],[-93.598164,44.543744],[-93.598088,44.543745],[-93.597954,44.543746],[-93.597924,44.543746],[-93.597711,44.543746],[-93.597204,44.543746],[-93.596747,44.543706],[-93.595613,44.543718],[-93.595294,44.543716],[-93.594831,44.543722],[-93.593548,44.543704],[-93.593266,44.543695],[-93.591232,44.543641],[-93.590912,44.543637],[-93.590224,44.543637],[-93.589707,44.543627],[-93.589021,44.543623],[-93.588111,44.543613],[-93.58767,44.543613],[-93.587197,44.543613],[-93.586254,44.543613],[-93.58615,44.543613],[-93.585632,44.543617],[-93.584833,44.543617],[-93.584114,44.543612],[-93.58361,44.543615],[-93.583429,44.543616],[-93.582819,44.54362],[-93.582706,44.54362],[-93.582252,44.543618],[-93.58191,44.543615],[-93.581376,44.54361],[-93.581013,44.543613],[-93.580727,44.543621],[-93.580706,44.543622],[-93.579886,44.543609],[-93.579606,44.543606],[-93.579234,44.54361],[-93.57859,44.5436],[-93.577461,44.543583],[-93.577228,44.54358],[-93.576895,44.543577],[-93.575896,44.543571],[-93.575563,44.54357],[-93.575128,44.54357],[-93.574975,44.543571],[-93.574499,44.543573],[-93.573826,44.543573],[-93.573392,44.543574],[-93.572984,44.543573],[-93.571761,44.543572],[-93.571354,44.543572],[-93.569861,44.543575],[-93.569354,44.543575],[-93.569162,44.543573],[-93.568754,44.543571],[-93.56859,44.543571],[-93.568399,44.543571],[-93.566925,44.543583],[-93.565514,44.543574],[-93.565019,44.543569],[-93.564026,44.543572],[-93.56325,44.543563],[-93.563042,44.543559],[-93.561472,44.543562],[-93.559021,44.543526],[-93.558336,44.543525],[-93.558125,44.543524],[-93.557492,44.543524],[-93.557282,44.543524],[-93.557239,44.543524],[-93.55711,44.543524],[-93.557068,44.543524],[-93.556789,44.543526],[-93.556312,44.543531],[-93.555952,44.543533],[-93.555673,44.543536],[-93.555496,44.543536],[-93.555459,44.543537],[-93.555198,44.54354],[-93.55482,44.543543],[-93.554608,44.543546],[-93.554293,44.543549],[-93.554279,44.54355],[-93.553744,44.543549],[-93.553351,44.543547],[-93.553037,44.543547],[-93.552954,44.543546],[-93.552707,44.543546],[-93.552625,44.543546],[-93.552114,44.543544],[-93.552009,44.543543],[-93.551779,44.543543],[-93.551677,44.543543],[-93.551161,44.543541],[-93.551042,44.543541],[-93.548191,44.543545],[-93.546971,44.54355],[-93.546771,44.54355],[-93.545308,44.543557],[-93.54444,44.543561],[-93.543107,44.543563],[-93.542814,44.543563],[-93.5403,44.543561],[-93.539358,44.543559],[-93.539132,44.543558],[-93.538996,44.543561],[-93.538626,44.543569],[-93.537623,44.543592],[-93.536618,44.543612],[-93.536283,44.543613],[-93.535306,44.543614],[-93.534513,44.543616],[-93.534021,44.543613],[-93.533584,44.543612],[-93.533298,44.543612],[-93.53316,44.543612],[-93.532545,44.543609],[-93.532053,44.543608],[-93.531355,44.543606],[-93.53092,44.543606],[-93.529937,44.543604],[-93.529448,44.543604],[-93.528688,44.543607],[-93.527507,44.543612],[-93.527379,44.543613],[-93.527282,44.543613],[-93.526371,44.543618],[-93.525962,44.543618],[-93.525759,44.543619],[-93.524735,44.543619],[-93.524327,44.54362],[-93.524326,44.532004],[-93.524318,44.53184],[-93.524331,44.531164],[-93.524325,44.530321],[-93.524291,44.529807],[-93.524328,44.529726],[-93.524323,44.527883],[-93.524323,44.527494],[-93.5243,44.52735],[-93.5243,44.527304],[-93.524284,44.527205],[-93.524284,44.527105],[-93.524277,44.527063],[-93.524277,44.526968],[-93.524269,44.526919],[-93.524292,44.526125],[-93.5243,44.525454],[-93.524307,44.522429],[-93.5243,44.521891],[-93.5243,44.51816],[-93.524307,44.517523],[-93.524307,44.516409],[-93.524292,44.516306],[-93.524292,44.515135],[-93.5243,44.514498],[-93.5243,44.513659],[-93.524315,44.511541],[-93.524331,44.509453],[-93.524338,44.508608],[-93.524338,44.507784],[-93.524345,44.506937],[-93.524345,44.50445],[-93.524368,44.501952],[-93.524361,44.501101],[-93.524376,44.500628],[-93.524374,44.500006],[-93.524373,44.499857],[-93.524376,44.498591],[-93.52438,44.498385],[-93.524391,44.497751],[-93.524391,44.496027],[-93.524391,44.495929],[-93.524392,44.495916],[-93.524406,44.494337],[-93.524406,44.49348],[-93.524406,44.493444],[-93.524414,44.492628],[-93.524414,44.4918],[-93.52442,44.491068],[-93.524422,44.490889],[-93.524414,44.490015],[-93.524414,44.489963],[-93.524414,44.489768],[-93.524417,44.489651],[-93.524422,44.489157],[-93.524422,44.488272],[-93.524429,44.487425],[-93.524429,44.48612],[-93.524429,44.483187],[-93.524422,44.482279],[-93.524407,44.481477],[-93.524406,44.481402],[-93.524406,44.480578],[-93.524414,44.479723],[-93.524411,44.479395],[-93.52441,44.479291],[-93.52441,44.479254],[-93.524408,44.479126],[-93.524406,44.47888],[-93.524406,44.477718],[-93.524406,44.476347],[-93.524405,44.47625],[-93.524399,44.475608],[-93.524399,44.475486],[-93.524399,44.475451],[-93.5244,44.475242],[-93.524406,44.474562],[-93.524402,44.474077],[-93.524397,44.473321],[-93.524396,44.473242],[-93.524384,44.471673],[-93.524384,44.471632],[-93.524384,44.471572],[-93.524386,44.471478],[-93.524399,44.470163],[-93.524406,44.469946],[-93.524414,44.469275],[-93.524414,44.468397],[-93.524429,44.467501],[-93.524437,44.466604],[-93.524452,44.465716],[-93.524452,44.465107],[-93.524452,44.464834],[-93.524467,44.46306],[-93.524498,44.461325],[-93.52449,44.460463],[-93.52449,44.459589],[-93.524506,44.458441],[-93.524521,44.457792],[-93.524521,44.457213],[-93.524521,44.457123],[-93.524521,44.457106],[-93.524522,44.456994],[-93.524529,44.455961],[-93.524545,44.454995],[-93.524547,44.454906],[-93.524551,44.454653],[-93.524574,44.452269],[-93.524591,44.449324],[-93.524603,44.447311],[-93.524612,44.445662],[-93.524635,44.442671],[-93.524643,44.439745],[-93.524638,44.438949],[-93.52462,44.435507],[-93.524628,44.434424],[-93.524616,44.434046],[-93.524612,44.433919],[-93.524612,44.433893],[-93.524612,44.433431],[-93.524612,44.430849],[-93.524605,44.428248],[-93.524597,44.426111],[-93.524605,44.419207],[-93.524612,44.416729],[-93.524612,44.416677],[-93.524613,44.416374],[-93.524614,44.415753],[-93.52462,44.413744],[-93.52462,44.413427],[-93.52462,44.413392],[-93.52462,44.411724],[-93.524609,44.411073],[-93.524609,44.411039],[-93.52459,44.40988],[-93.524588,44.409064],[-93.524587,44.408483],[-93.524586,44.408456],[-93.524574,44.403265],[-93.524576,44.402951],[-93.524577,44.402809],[-93.524588,44.400797],[-93.524597,44.399298],[-93.52462,44.39625],[-93.524624,44.395877],[-93.524673,44.392199],[-93.524643,44.386744],[-93.524643,44.38471],[-93.524643,44.379474],[-93.524643,44.377608],[-93.524643,44.377519],[-93.524643,44.376392],[-93.524653,44.37497],[-93.524668,44.37289],[-93.524673,44.372237],[-93.524681,44.370353],[-93.524658,44.365401],[-93.524666,44.364997],[-93.524634,44.360399],[-93.524633,44.360122],[-93.524632,44.359983],[-93.524628,44.359284],[-93.524628,44.359267],[-93.524605,44.355697],[-93.52459,44.353297],[-93.524612,44.352012],[-93.524605,44.351165],[-93.52462,44.350608],[-93.524612,44.349422],[-93.524626,44.348425],[-93.524628,44.348317],[-93.524629,44.348293],[-93.524651,44.347297],[-93.524734,44.345805],[-93.524746,44.345483],[-93.524777,44.344631],[-93.524788,44.344348],[-93.524811,44.343425],[-93.524879,44.34201],[-93.524879,44.341986],[-93.524879,44.341943],[-93.524895,44.341136],[-93.52491,44.339229],[-93.524895,44.338496],[-93.52491,44.337611],[-93.524909,44.337532],[-93.524909,44.337511],[-93.524902,44.336776],[-93.524895,44.334308],[-93.52494,44.331546],[-93.524986,44.3296],[-93.524994,44.328628],[-93.525024,44.327888],[-93.52504,44.327171],[-93.525047,44.326503],[-93.525055,44.323531],[-93.525131,44.316463],[-93.525162,44.314315],[-93.525192,44.312896],[-93.525198,44.312197],[-93.5252,44.311885],[-93.5252,44.311541],[-93.525208,44.309882],[-93.525208,44.308154],[-93.525215,44.306918],[-93.525223,44.303348],[-93.525251,44.30187],[-93.525251,44.301843],[-93.525252,44.301788],[-93.525254,44.301706],[-93.525284,44.300136],[-93.525276,44.299743],[-93.525276,44.29898],[-93.525269,44.298823],[-93.525246,44.298583],[-93.525177,44.297366],[-93.525197,44.286524],[-93.525197,44.286437],[-93.525199,44.286254],[-93.5252,44.285606],[-93.5252,44.28284],[-93.525193,44.280336],[-93.525192,44.279967],[-93.5252,44.277301],[-93.5252,44.277141],[-93.525208,44.276031],[-93.525215,44.275943],[-93.525219,44.275765],[-93.525215,44.275748],[-93.525215,44.275718],[-93.525221,44.275599],[-93.525223,44.275511],[-93.525231,44.275242],[-93.525238,44.275042],[-93.525264,44.271877],[-93.525252,44.270579],[-93.525242,44.2692],[-93.525238,44.268759],[-93.525235,44.268317],[-93.525231,44.267893],[-93.52522,44.266777],[-93.525211,44.265215],[-93.525209,44.265007],[-93.525206,44.264385],[-93.525197,44.264178],[-93.525202,44.264082],[-93.525197,44.263499],[-93.525181,44.261464],[-93.525176,44.260786],[-93.525158,44.258746],[-93.525141,44.256706],[-93.52513,44.255381],[-93.525119,44.254055],[-93.52512,44.253498],[-93.525095,44.250641],[-93.525095,44.250523],[-93.525096,44.249955],[-93.525024,44.248279],[-93.525024,44.248115],[-93.525032,44.248096],[-93.525043,44.247441],[-93.525047,44.24723],[-93.52507,44.245196],[-93.525055,44.243751],[-93.525055,44.240245],[-93.52507,44.23875],[-93.525078,44.238231],[-93.525093,44.236655],[-93.525093,44.23632],[-93.525094,44.234388],[-93.525095,44.232455],[-93.525095,44.232298],[-93.525095,44.232141],[-93.525096,44.230489],[-93.525097,44.228836],[-93.525099,44.228216],[-93.525106,44.226355],[-93.525109,44.225736],[-93.525109,44.225611],[-93.52511,44.22559],[-93.525144,44.225238],[-93.525157,44.225114],[-93.525157,44.224976],[-93.525157,44.224565],[-93.525158,44.224429],[-93.525158,44.22435],[-93.525158,44.224116],[-93.525159,44.224038],[-93.525174,44.21792],[-93.525175,44.217885],[-93.525176,44.217871],[-93.525174,44.217053],[-93.525172,44.213628],[-93.525164,44.203168],[-93.525161,44.201021],[-93.525161,44.200957],[-93.525231,44.196503],[-93.525232,44.196476],[-93.525231,44.196137],[-93.526917,44.196117],[-93.527,44.196114],[-93.527952,44.196135],[-93.529056,44.196147],[-93.529901,44.19614],[-93.531305,44.196148],[-93.534036,44.196136],[-93.535746,44.196148],[-93.536368,44.196164],[-93.537465,44.196179],[-93.53992,44.196166],[-93.540873,44.196177],[-93.543138,44.196187],[-93.543315,44.196186],[-93.543907,44.196181],[-93.544373,44.196167],[-93.545028,44.196162],[-93.546252,44.196164],[-93.547576,44.196149],[-93.549755,44.196155],[-93.552555,44.19616],[-93.553703,44.196151],[-93.554233,44.196153],[-93.554456,44.196153],[-93.555214,44.196148],[-93.555895,44.196146],[-93.558283,44.196151],[-93.558968,44.196133],[-93.559128,44.196133],[-93.561038,44.196137],[-93.564583,44.196128],[-93.569392,44.19613],[-93.570422,44.196105],[-93.570958,44.196092],[-93.571593,44.196068],[-93.571649,44.196065],[-93.57177,44.196092],[-93.57184,44.196096],[-93.571912,44.196099],[-93.571946,44.196101],[-93.572131,44.1961],[-93.572205,44.1961],[-93.572627,44.196098],[-93.573894,44.196096],[-93.574317,44.196095],[-93.575947,44.196085],[-93.57888,44.196069],[-93.580074,44.196072],[-93.580837,44.196064],[-93.582467,44.196047],[-93.584268,44.196036],[-93.58439,44.196034],[-93.58445,44.196034],[-93.585339,44.196028],[-93.585616,44.196025],[-93.585717,44.196023],[-93.586023,44.19602],[-93.586125,44.19602],[-93.586797,44.196005],[-93.588813,44.195964],[-93.589486,44.195951],[-93.589549,44.195948],[-93.589739,44.195944],[-93.589803,44.195942],[-93.589819,44.195941],[-93.58987,44.195939],[-93.589887,44.195939],[-93.590634,44.195916],[-93.590992,44.195919],[-93.591894,44.195927],[-93.594255,44.195936],[-93.594307,44.195935],[-93.595412,44.195932],[-93.596174,44.195928],[-93.597042,44.195925],[-93.598461,44.195935],[-93.599024,44.19594],[-93.599224,44.195938],[-93.599251,44.195937],[-93.599337,44.195937],[-93.599365,44.195937],[-93.60049,44.195928],[-93.601483,44.195921],[-93.603868,44.195936],[-93.604994,44.195944],[-93.60569,44.195948],[-93.607779,44.19596],[-93.607897,44.195961],[-93.608476,44.19597],[-93.608506,44.19597],[-93.608595,44.195971],[-93.608626,44.195972],[-93.609056,44.195978],[-93.610345,44.195996],[-93.610505,44.195999],[-93.610776,44.196002],[-93.611003,44.196004],[-93.611684,44.196011],[-93.611911,44.196014],[-93.612796,44.196024],[-93.615452,44.196055],[-93.616338,44.196066],[-93.616369,44.196066],[-93.616462,44.196067],[-93.616494,44.196068],[-93.617647,44.196079],[-93.618419,44.196087],[-93.621091,44.196133],[-93.621105,44.196133],[-93.622259,44.196144],[-93.622548,44.196147],[-93.623287,44.196155],[-93.623418,44.196157],[-93.623708,44.196164],[-93.625,44.196192],[-93.625232,44.196196],[-93.627148,44.196231],[-93.628784,44.196247],[-93.629807,44.196236],[-93.631333,44.196221],[-93.632104,44.196212],[-93.633748,44.196194],[-93.634417,44.196184],[-93.635189,44.196173],[-93.635423,44.196169],[-93.636127,44.196159],[-93.636362,44.196157],[-93.637064,44.196147],[-93.639171,44.196119],[-93.639874,44.19611],[-93.63997,44.196108],[-93.640261,44.196104],[-93.640358,44.196104],[-93.640988,44.196092],[-93.642879,44.196055],[-93.64351,44.196044],[-93.64371,44.19604],[-93.644309,44.196031],[-93.64451,44.196028],[-93.644544,44.196023],[-93.644658,44.196026],[-93.645104,44.196019],[-93.645253,44.196017],[-93.645291,44.196016],[-93.645408,44.196014],[-93.645448,44.196014],[-93.645904,44.196007],[-93.646696,44.195995],[-93.647272,44.195987],[-93.647729,44.195981],[-93.648014,44.195977],[-93.648869,44.195967],[-93.649155,44.195964],[-93.649757,44.195974],[-93.651562,44.196006],[-93.652151,44.196017],[-93.652165,44.196017],[-93.652902,44.195997],[-93.655115,44.195937],[-93.655853,44.195918],[-93.659312,44.19596],[-93.669691,44.196088],[-93.672967,44.196129],[-93.673151,44.196131],[-93.673169,44.196133],[-93.673222,44.196131],[-93.673437,44.196131],[-93.673509,44.196132],[-93.673648,44.196132],[-93.674065,44.196132],[-93.674205,44.196133],[-93.674314,44.196133],[-93.674641,44.196133],[-93.67475,44.196133],[-93.674949,44.19613],[-93.675546,44.196124],[-93.675746,44.196122],[-93.67597,44.196118],[-93.676432,44.196112],[-93.676643,44.196113],[-93.676868,44.196116],[-93.677028,44.196117],[-93.677509,44.196122],[-93.67767,44.196124],[-93.677788,44.196125],[-93.678142,44.196128],[-93.67826,44.196129],[-93.678859,44.196124],[-93.678897,44.196123],[-93.680576,44.196119],[-93.680809,44.196121],[-93.681247,44.196125],[-93.681447,44.196138],[-93.68249,44.196126],[-93.685621,44.196089],[-93.686665,44.196078],[-93.686783,44.196078],[-93.687228,44.196078],[-93.688917,44.196081],[-93.689481,44.196083],[-93.690214,44.196084],[-93.692146,44.196087],[-93.700145,44.1961],[-93.702811,44.196105],[-93.703781,44.19611],[-93.706692,44.196128],[-93.707663,44.196134],[-93.709377,44.196133],[-93.709462,44.196133],[-93.712832,44.196135],[-93.713832,44.196136],[-93.71486,44.196133],[-93.716074,44.196131],[-93.71666,44.196129],[-93.717931,44.196123],[-93.71965,44.196116],[-93.721746,44.196112],[-93.723019,44.196111],[-93.723274,44.196111],[-93.723343,44.19611],[-93.724318,44.196108],[-93.724643,44.196108],[-93.725095,44.196108],[-93.726451,44.196108],[-93.726904,44.196108],[-93.72739,44.196106],[-93.72953,44.196102],[-93.730625,44.196113],[-93.732679,44.196126],[-93.732772,44.196126],[-93.733053,44.196128],[-93.733147,44.196129],[-93.733317,44.196129],[-93.733359,44.19613],[-93.733828,44.196121],[-93.733999,44.196118],[-93.734112,44.196118],[-93.734452,44.19612],[-93.734566,44.196121],[-93.735904,44.19613],[-93.736591,44.196135],[-93.738373,44.196138],[-93.739921,44.196129],[-93.74109,44.196123],[-93.74126,44.196132],[-93.742478,44.19613],[-93.745589,44.196128],[-93.746133,44.196129],[-93.747164,44.196132],[-93.747351,44.196115],[-93.75027,44.196036],[-93.751474,44.196022],[-93.763847,44.195883],[-93.767972,44.195837],[-93.767957,44.200903],[-93.767937,44.205929],[-93.768004,44.207514],[-93.768003,44.207586],[-93.767996,44.208459],[-93.768003,44.209726],[-93.768024,44.215252],[-93.767983,44.215849],[-93.767988,44.216013],[-93.76799,44.216105],[-93.767985,44.217734],[-93.768042,44.217516],[-93.768041,44.219344],[-93.768013,44.220271],[-93.768016,44.220451],[-93.768039,44.22209],[-93.768036,44.226668],[-93.768033,44.22675],[-93.767968,44.228487],[-93.767984,44.229401],[-93.767993,44.230382],[-93.768032,44.231241],[-93.768014,44.232178],[-93.768034,44.233947],[-93.768036,44.235825],[-93.768036,44.235861],[-93.768024,44.239036],[-93.768032,44.239385],[-93.768599,44.23937],[-93.769314,44.239358],[-93.770594,44.239353],[-93.771861,44.239358],[-93.773048,44.239344],[-93.774305,44.239347],[-93.77556,44.239357],[-93.777805,44.239344],[-93.778033,44.239344],[-93.78052,44.239348],[-93.781698,44.239361],[-93.782995,44.239351],[-93.783866,44.239355],[-93.783968,44.239356],[-93.785654,44.239362],[-93.786648,44.239355],[-93.786766,44.239354],[-93.788122,44.239342],[-93.789037,44.239349],[-93.789317,44.23938],[-93.790637,44.239385],[-93.791895,44.239377],[-93.793051,44.239396],[-93.794383,44.239397],[-93.796891,44.239407],[-93.798194,44.239422],[-93.799355,44.2394],[-93.804446,44.239373],[-93.805781,44.239387],[-93.808222,44.239361],[-93.808253,44.239361],[-93.810189,44.239334],[-93.812072,44.239338],[-93.815838,44.239338],[-93.81664,44.23934],[-93.816689,44.239341],[-93.817721,44.239339],[-93.818332,44.239336],[-93.818413,44.239335],[-93.822569,44.239331],[-93.82337,44.239332],[-93.828163,44.239336],[-93.828442,44.239336],[-93.832803,44.239324],[-93.833481,44.239322],[-93.834741,44.239322],[-93.836,44.239317],[-93.837259,44.239317],[-93.842298,44.239302],[-93.843557,44.239302],[-93.847336,44.239292],[-93.848237,44.239317],[-93.850512,44.239319],[-93.852441,44.239277],[-93.854057,44.239274],[-93.855979,44.239309],[-93.856548,44.23929],[-93.85672,44.239276],[-93.85898,44.239253],[-93.859988,44.239243],[-93.862101,44.239222],[-93.863544,44.239243],[-93.870375,44.239401],[-93.871364,44.239439],[-93.871806,44.239432],[-93.872859,44.239456],[-93.873034,44.239443],[-93.873054,44.239442],[-93.875251,44.239289],[-93.883424,44.239302],[-93.883887,44.239375],[-93.884082,44.239384],[-93.884372,44.239398],[-93.884546,44.239406],[-93.884906,44.239401],[-93.885227,44.239396],[-93.885984,44.239413],[-93.886654,44.23941],[-93.887256,44.239408],[-93.888522,44.239425],[-93.888825,44.239438],[-93.890484,44.239488],[-93.890653,44.239489],[-93.891315,44.239495],[-93.898481,44.239577],[-93.89865,44.239579],[-93.898784,44.23958],[-93.903762,44.239611],[-93.906253,44.239631],[-93.908496,44.239646],[-93.908664,44.239647],[-93.908742,44.239648],[-93.910013,44.23967],[-93.918692,44.239785],[-93.91891,44.239788],[-93.919162,44.239789],[-93.919495,44.239814],[-93.92261,44.239832],[-93.924035,44.239837],[-93.924849,44.239832],[-93.924901,44.239832],[-93.925827,44.239826],[-93.927745,44.239815],[-93.929087,44.23982],[-93.930273,44.239764],[-93.930427,44.239757],[-93.930542,44.239745],[-93.930675,44.239732],[-93.930741,44.239725],[-93.933993,44.23957],[-93.935191,44.239738],[-93.938085,44.23968],[-93.949194,44.239413],[-93.949359,44.239432],[-93.949674,44.239479],[-93.95498,44.239462],[-93.955233,44.239415],[-93.959116,44.239435],[-93.961387,44.239387],[-93.962157,44.239406],[-93.963123,44.239426],[-93.965981,44.239486],[-93.9667,44.239501],[-93.969018,44.23951],[-93.972389,44.239532],[-93.972563,44.239533],[-93.974131,44.239544],[-93.976629,44.239559],[-93.977813,44.239568],[-93.97795,44.239568],[-93.978069,44.239569],[-93.9792,44.239577],[-93.980718,44.23958],[-93.980955,44.23958],[-93.981052,44.23958],[-93.981277,44.239581],[-93.981439,44.239581],[-93.981645,44.239581],[-93.981692,44.239582],[-93.991469,44.239586],[-93.997794,44.239552],[-94.000234,44.239499],[-94.001739,44.239553],[-94.001958,44.239561],[-94.003883,44.23958],[-94.004338,44.239585],[-94.004673,44.239597],[-94.006213,44.239603],[-94.006905,44.239581],[-94.008344,44.239571],[-94.009152,44.23958],[-94.009426,44.239571],[-94.009474,44.239555],[-94.009534,44.239554],[-94.010075,44.239547],[-94.011531,44.239526],[-94.01187,44.239521],[-94.011966,44.239762],[-94.012465,44.240012],[-94.013078,44.240137],[-94.01396,44.2402],[-94.015983,44.240159],[-94.017015,44.240098],[-94.01751,44.239737],[-94.019123,44.239464],[-94.020438,44.239769],[-94.021383,44.239988],[-94.022083,44.240823],[-94.021991,44.241692],[-94.02166,44.242121],[-94.02134,44.242534],[-94.019952,44.243555],[-94.018986,44.244265],[-94.017776,44.245362],[-94.017328,44.245767],[-94.017051,44.246174],[-94.015884,44.247884],[-94.015697,44.248047],[-94.015271,44.248419],[-94.014916,44.248407],[-94.014781,44.2484],[-94.013106,44.248233],[-94.0099,44.246195],[-94.008883,44.246896],[-94.008501,44.247659],[-94.008395,44.248641],[-94.008577,44.249964],[-94.008998,44.250627],[-94.009421,44.2515],[-94.009985,44.252331],[-94.011317,44.253307],[-94.013134,44.254975],[-94.014471,44.256074],[-94.016134,44.257381],[-94.017144,44.257648],[-94.017887,44.257767],[-94.018659,44.257738],[-94.019164,44.257648],[-94.019758,44.257411],[-94.020538,44.256966],[-94.021043,44.256634],[-94.022386,44.255863],[-94.023338,44.255747],[-94.024498,44.255896],[-94.024838,44.256178],[-94.025164,44.25652],[-94.025254,44.256876],[-94.025256,44.257397],[-94.025239,44.257738],[-94.025075,44.258228],[-94.024701,44.258629],[-94.02413,44.259212],[-94.023204,44.260113],[-94.022375,44.2609],[-94.021635,44.261606],[-94.020476,44.262279],[-94.01921,44.262969],[-94.018318,44.263331],[-94.017308,44.263589],[-94.016411,44.263894],[-94.015737,44.264074],[-94.014827,44.264451],[-94.014293,44.264956],[-94.014085,44.265357],[-94.013743,44.265906],[-94.013565,44.266307],[-94.013491,44.266708],[-94.013394,44.267373],[-94.013401,44.267822],[-94.013295,44.26825],[-94.013276,44.26847],[-94.012852,44.269426],[-94.012629,44.26959],[-94.012332,44.269694],[-94.011946,44.269768],[-94.011441,44.269872],[-94.010773,44.269961],[-94.009848,44.270077],[-94.008867,44.270427],[-94.008411,44.270674],[-94.008289,44.270893],[-94.008228,44.271097],[-94.008231,44.271239],[-94.008295,44.271372],[-94.008463,44.271556],[-94.008741,44.271708],[-94.009088,44.271817],[-94.012599,44.272829],[-94.012834,44.27296],[-94.013149,44.273184],[-94.013196,44.273326],[-94.013211,44.273538],[-94.01318,44.273877],[-94.012822,44.274449],[-94.012567,44.274978],[-94.011731,44.276026],[-94.011403,44.276354],[-94.010958,44.276756],[-94.010133,44.277222],[-94.009392,44.277582],[-94.008587,44.277984],[-94.007698,44.278344],[-94.006936,44.278641],[-94.00611,44.278831],[-94.005263,44.278979],[-94.004692,44.279043],[-94.003718,44.279043],[-94.000237,44.278827],[-93.999816,44.278822],[-93.999317,44.278818],[-93.998557,44.278809],[-93.998397,44.278808],[-93.998267,44.278807],[-93.998137,44.278807],[-93.997698,44.279405],[-93.996988,44.280969],[-93.996472,44.282578],[-93.996455,44.282763],[-93.996317,44.284359],[-93.995138,44.287162],[-93.993945,44.289079],[-93.992502,44.290404],[-93.990817,44.291466],[-93.990089,44.292306],[-93.989872,44.292985],[-93.989994,44.293291],[-93.990085,44.293519],[-93.990219,44.293858],[-93.990291,44.293964],[-93.99112,44.295366],[-93.991133,44.295467],[-93.990963,44.295562],[-93.990527,44.295768],[-93.990045,44.295925],[-93.988742,44.296171],[-93.988478,44.296225],[-93.988263,44.296283],[-93.987286,44.29655],[-93.985519,44.297032],[-93.985346,44.297114],[-93.984748,44.297402],[-93.984547,44.297499],[-93.984435,44.297553],[-93.981805,44.299314],[-93.981212,44.299568],[-93.980979,44.299632],[-93.980725,44.299632],[-93.980217,44.299568],[-93.97918,44.299526],[-93.978396,44.299399],[-93.976851,44.299378],[-93.975623,44.299378],[-93.974971,44.29947],[-93.97448,44.299695],[-93.974035,44.300034],[-93.973468,44.300399],[-93.972928,44.300905],[-93.972447,44.301534],[-93.972368,44.301639],[-93.971535,44.30306],[-93.971039,44.303661],[-93.970407,44.304429],[-93.969287,44.30522],[-93.968734,44.305612],[-93.96688,44.306709],[-93.966104,44.30705],[-93.964609,44.307313],[-93.9645,44.307306],[-93.961948,44.307162],[-93.961698,44.307148],[-93.961502,44.307137],[-93.961449,44.307134],[-93.961087,44.307113],[-93.960724,44.307092],[-93.960217,44.307063],[-93.960174,44.307085],[-93.959784,44.3073],[-93.959577,44.307803],[-93.959192,44.30843],[-93.958205,44.310039],[-93.958052,44.310287],[-93.957217,44.311648],[-93.95689,44.31218],[-93.956109,44.313663],[-93.955673,44.314491],[-93.95559,44.314644],[-93.954777,44.316139],[-93.954465,44.316714],[-93.953493,44.318066],[-93.952437,44.31891],[-93.95147,44.319686],[-93.950771,44.32038],[-93.950709,44.320769],[-93.950644,44.321184],[-93.950578,44.321599],[-93.950585,44.321668],[-93.950606,44.321875],[-93.950614,44.321944],[-93.950622,44.322011],[-93.950628,44.322066],[-93.950654,44.322305],[-93.950888,44.322558],[-93.951303,44.323007],[-93.951404,44.323116],[-93.952452,44.323988],[-93.95247,44.324003],[-93.952745,44.324631],[-93.952756,44.324657],[-93.952792,44.324739],[-93.952547,44.325226],[-93.952504,44.325274],[-93.951524,44.326391],[-93.951278,44.326853],[-93.951278,44.32687],[-93.951277,44.327027],[-93.951277,44.327313],[-93.951277,44.327755],[-93.951277,44.327778],[-93.951047,44.328289],[-93.950824,44.328759],[-93.950555,44.328988],[-93.950192,44.329298],[-93.949112,44.330224],[-93.948671,44.330545],[-93.94753,44.330625],[-93.94675,44.330636],[-93.945294,44.330659],[-93.944999,44.330664],[-93.944693,44.330678],[-93.944615,44.330682],[-93.943621,44.331267],[-93.94351,44.331517],[-93.943342,44.3319],[-93.943069,44.332519],[-93.942796,44.333138],[-93.942785,44.333163],[-93.942791,44.333198],[-93.942918,44.333974],[-93.943662,44.334929],[-93.944479,44.336072],[-93.945108,44.336953],[-93.945177,44.337049],[-93.945398,44.338262],[-93.945194,44.338989],[-93.944854,44.339421],[-93.944568,44.339787],[-93.943926,44.340469],[-93.943715,44.340603],[-93.943253,44.340901],[-93.942782,44.341092],[-93.942384,44.341182],[-93.941811,44.341191],[-93.941523,44.341176],[-93.941156,44.341191],[-93.940839,44.341127],[-93.9405,44.340979],[-93.940013,44.340746],[-93.939568,44.340429],[-93.939208,44.340005],[-93.938658,44.339561],[-93.938319,44.339328],[-93.937769,44.339095],[-93.937335,44.338982],[-93.936823,44.33907],[-93.936491,44.339175],[-93.936033,44.339666],[-93.935398,44.34084],[-93.934663,44.342058],[-93.933965,44.342825],[-93.932807,44.344008],[-93.93277,44.344278],[-93.932728,44.344582],[-93.932686,44.344886],[-93.932815,44.345131],[-93.932945,44.345376],[-93.933226,44.345894],[-93.933358,44.346062],[-93.935039,44.348206],[-93.936181,44.350083],[-93.936647,44.350591],[-93.937599,44.351247],[-93.939378,44.352665],[-93.940839,44.353449],[-93.942299,44.354296],[-93.943549,44.354973],[-93.944184,44.355206],[-93.944882,44.355375],[-93.946704,44.355464],[-93.948997,44.355638],[-93.949435,44.355705],[-93.949561,44.355724],[-93.951475,44.356014],[-93.951586,44.356058],[-93.951653,44.356085],[-93.952573,44.356453],[-93.953492,44.356822],[-93.953959,44.357009],[-93.955702,44.358466],[-93.95597,44.358953],[-93.956342,44.359643],[-93.956657,44.360226],[-93.956819,44.361243],[-93.95677,44.361493],[-93.956695,44.361573],[-93.956667,44.361603],[-93.956433,44.361848],[-93.955703,44.362319],[-93.955371,44.362533],[-93.954357,44.363225],[-93.953144,44.364031],[-93.952888,44.364514],[-93.952503,44.365248],[-93.952694,44.365578],[-93.952733,44.365647],[-93.952853,44.365854],[-93.952893,44.365923],[-93.953033,44.366166],[-93.95331,44.366249],[-93.954209,44.36652],[-93.954601,44.366474],[-93.954926,44.36628],[-93.955253,44.366087],[-93.955348,44.365921],[-93.955378,44.365867],[-93.955468,44.365709],[-93.955499,44.365656],[-93.955689,44.365321],[-93.956263,44.364319],[-93.956454,44.363985],[-93.956472,44.36397],[-93.95653,44.363925],[-93.956549,44.36391],[-93.95665,44.363829],[-93.956954,44.36359],[-93.957056,44.36351],[-93.957135,44.363444],[-93.957378,44.363254],[-93.95746,44.363192],[-93.959063,44.362964],[-93.959636,44.363058],[-93.960109,44.363084],[-93.960627,44.363277],[-93.96104,44.363505],[-93.961372,44.363735],[-93.961662,44.364085],[-93.961843,44.364412],[-93.962022,44.364793],[-93.962083,44.364982],[-93.962048,44.365889],[-93.962018,44.366024],[-93.961886,44.366551],[-93.961742,44.367139],[-93.961924,44.36848],[-93.962254,44.369127],[-93.96243,44.369474],[-93.962416,44.369916],[-93.962376,44.369967],[-93.962412,44.37039],[-93.962344,44.370488],[-93.96199,44.37074],[-93.961356,44.371103],[-93.960183,44.371501],[-93.957036,44.372907],[-93.956352,44.373213],[-93.955697,44.373705],[-93.955639,44.373744],[-93.95526,44.374001],[-93.955,44.375006],[-93.955139,44.375675],[-93.955283,44.376144],[-93.955392,44.376335],[-93.9561,44.378067],[-93.95626,44.378451],[-93.956516,44.378819],[-93.95674,44.379044],[-93.957189,44.379396],[-93.957557,44.379508],[-93.958406,44.379748],[-93.959532,44.38005],[-93.961576,44.380533],[-93.962377,44.380885],[-93.962825,44.381221],[-93.963129,44.38159],[-93.963257,44.38199],[-93.963338,44.38247],[-93.96329,44.382839],[-93.963257,44.383223],[-93.963065,44.383607],[-93.962857,44.383896],[-93.962457,44.384264],[-93.961832,44.384568],[-93.960888,44.384936],[-93.959975,44.385225],[-93.95943,44.385305],[-93.95856,44.385346],[-93.957733,44.385369],[-93.956884,44.385257],[-93.956164,44.385065],[-93.954604,44.384295],[-93.953762,44.38393],[-93.953265,44.383671],[-93.952897,44.383687],[-93.952625,44.383944],[-93.952481,44.384232],[-93.952369,44.384584],[-93.952305,44.385],[-93.952257,44.385465],[-93.95224,44.385705],[-93.952273,44.386185],[-93.952337,44.386554],[-93.952529,44.387114],[-93.952833,44.387627],[-93.953057,44.388011],[-93.953377,44.388411],[-93.953826,44.388908],[-93.95429,44.38942],[-93.954915,44.38982],[-93.955491,44.390157],[-93.956084,44.390429],[-93.956725,44.39069],[-93.95756,44.390796],[-93.958281,44.390897],[-93.95889,44.390904],[-93.959649,44.390914],[-93.961529,44.390559],[-93.962008,44.390281],[-93.962702,44.389899],[-93.962933,44.389773],[-93.963936,44.389379],[-93.964483,44.38928],[-93.964843,44.389196],[-93.965195,44.389244],[-93.965392,44.38935],[-93.965588,44.389569],[-93.965681,44.389781],[-93.965749,44.390067],[-93.96579,44.390462],[-93.965783,44.390643],[-93.965691,44.390893],[-93.965521,44.391217],[-93.965371,44.391582],[-93.965003,44.392014],[-93.964619,44.392302],[-93.964303,44.392478],[-93.963642,44.392687],[-93.963177,44.392751],[-93.960196,44.392286],[-93.959853,44.392273],[-93.959743,44.39227],[-93.95883,44.392105],[-93.958492,44.392045],[-93.958298,44.39201],[-93.95821,44.391993],[-93.958103,44.391974],[-93.957596,44.391882],[-93.957369,44.39184],[-93.95709,44.391791],[-93.95669,44.39172],[-93.95652,44.391691],[-93.955476,44.391748],[-93.955094,44.39177],[-93.955074,44.39178],[-93.954374,44.392078],[-93.95396,44.392203],[-93.953177,44.392282],[-93.952259,44.392378],[-93.951696,44.392507],[-93.950858,44.392813],[-93.950391,44.393119],[-93.949972,44.393634],[-93.949626,44.394445],[-93.949132,44.39561],[-93.948893,44.396952],[-93.948893,44.398498],[-93.948941,44.400372],[-93.949441,44.401783],[-93.949711,44.402866],[-93.949988,44.404038],[-93.949892,44.404554],[-93.950214,44.405745],[-93.950697,44.406776],[-93.951309,44.407324],[-93.952082,44.407742],[-93.953032,44.407936],[-93.953564,44.408209],[-93.953837,44.408596],[-93.954127,44.408966],[-93.954192,44.409127],[-93.954192,44.409369],[-93.954063,44.409643],[-93.953032,44.41019],[-93.95089,44.411446],[-93.949231,44.412316],[-93.948506,44.412636],[-93.947879,44.412912],[-93.947379,44.413105],[-93.946687,44.413153],[-93.9463,44.413168],[-93.945833,44.413153],[-93.945334,44.413105],[-93.944432,44.413041],[-93.942849,44.41265],[-93.941614,44.412413],[-93.940921,44.412348],[-93.940342,44.412397],[-93.939971,44.412525],[-93.939681,44.412799],[-93.939238,44.413859],[-93.938779,44.41594],[-93.938414,44.417096],[-93.938165,44.418073],[-93.938088,44.418379],[-93.938103,44.418822],[-93.938087,44.419338],[-93.938103,44.419676],[-93.938071,44.419934],[-93.937974,44.42024],[-93.937842,44.420586],[-93.937388,44.421128],[-93.936569,44.422148],[-93.935656,44.423562],[-93.934479,44.425651],[-93.934077,44.426585],[-93.933731,44.427661],[-93.933465,44.428534],[-93.933336,44.42921],[-93.933256,44.430241],[-93.933368,44.431191],[-93.933352,44.431851],[-93.933368,44.432608],[-93.933299,44.43317],[-93.93308,44.433816],[-93.932843,44.434513],[-93.932736,44.434686],[-93.932386,44.435378],[-93.932032,44.435893],[-93.931758,44.436425],[-93.931226,44.437488],[-93.930727,44.438663],[-93.930196,44.439952],[-93.929553,44.441523],[-93.929421,44.442061],[-93.928996,44.442872],[-93.928566,44.443384],[-93.928102,44.443946],[-93.927877,44.444526],[-93.927844,44.444928],[-93.927893,44.445411],[-93.928134,44.446039],[-93.928344,44.446539],[-93.928746,44.447086],[-93.9291,44.447537],[-93.929665,44.447878],[-93.931054,44.448643],[-93.932127,44.449239],[-93.932745,44.449582],[-93.933448,44.450273],[-93.933542,44.450772],[-93.933357,44.45145],[-93.932768,44.45209],[-93.931638,44.452475],[-93.931011,44.452543],[-93.93018,44.452635],[-93.929999,44.452663],[-93.929679,44.452713],[-93.929566,44.452731],[-93.929213,44.452782],[-93.928532,44.452879],[-93.928406,44.4529],[-93.928295,44.452913],[-93.928032,44.453069],[-93.927903,44.453144],[-93.927826,44.453189],[-93.927805,44.453201],[-93.927733,44.453336],[-93.927431,44.453762],[-93.927248,44.454124],[-93.927198,44.454397],[-93.927227,44.454872],[-93.927324,44.455163],[-93.927925,44.455912],[-93.928505,44.456587],[-93.929146,44.456646],[-93.929391,44.456655],[-93.929551,44.456717],[-93.929564,44.457306],[-93.929385,44.457442],[-93.928423,44.458199],[-93.927931,44.458422],[-93.92726,44.458545],[-93.926355,44.458384],[-93.925043,44.458222],[-93.923753,44.458417],[-93.92356,44.458533],[-93.923061,44.458633],[-93.922787,44.458698],[-93.922594,44.459052],[-93.922572,44.459317],[-93.922085,44.460007],[-93.922181,44.460821],[-93.922356,44.460967],[-93.922452,44.461045],[-93.922891,44.461406],[-93.92364,44.462028],[-93.923998,44.462612],[-93.923965,44.462693],[-93.923965,44.462844],[-93.923968,44.462917],[-93.923968,44.462969],[-93.92379,44.463004],[-93.923681,44.463026],[-93.922995,44.462909],[-93.922549,44.462717],[-93.922533,44.46271],[-93.922283,44.462516],[-93.92225,44.462467],[-93.922154,44.462309],[-93.921955,44.46198],[-93.921896,44.461824],[-93.921863,44.461734],[-93.921776,44.461735],[-93.921104,44.461879],[-93.920621,44.461935],[-93.920195,44.461959],[-93.919897,44.461943],[-93.919494,44.461879],[-93.919043,44.461814],[-93.918584,44.46175],[-93.918125,44.461726],[-93.917771,44.461742],[-93.917512,44.461796],[-93.917228,44.46196],[-93.91699,44.462225],[-93.916925,44.462346],[-93.916845,44.462499],[-93.916821,44.462595],[-93.916804,44.46274],[-93.916804,44.462909],[-93.916813,44.463046],[-93.916803,44.463164],[-93.917151,44.463618],[-93.917416,44.46394],[-93.918036,44.464584],[-93.91897,44.465477],[-93.919747,44.466215],[-93.920511,44.466645],[-93.921139,44.467414],[-93.922713,44.468286],[-93.924343,44.468779],[-93.925841,44.469082],[-93.926467,44.469234],[-93.926884,44.469556],[-93.927035,44.469917],[-93.926827,44.470334],[-93.926523,44.470618],[-93.925936,44.4713],[-93.924381,44.472476],[-93.923225,44.473234],[-93.922466,44.473841],[-93.921898,44.474125],[-93.921158,44.474315],[-93.920286,44.474391],[-93.919566,44.474277],[-93.919149,44.474087],[-93.918864,44.473955],[-93.91822,44.473519],[-93.917367,44.473045],[-93.916495,44.472609],[-93.914384,44.471474],[-93.913545,44.471187],[-93.913086,44.471176],[-93.912895,44.47117],[-93.912174,44.471147],[-93.912076,44.47115],[-93.91092,44.471121],[-93.910038,44.471296],[-93.909965,44.471303],[-93.909914,44.471308],[-93.909283,44.471522],[-93.90831,44.472088],[-93.907498,44.472848],[-93.907038,44.473671],[-93.906618,44.474703],[-93.905754,44.47689],[-93.90522,44.478547],[-93.905116,44.479012],[-93.905089,44.479132],[-93.905044,44.479232],[-93.904841,44.479683],[-93.904813,44.48021],[-93.904785,44.480318],[-93.904742,44.480482],[-93.904737,44.480505],[-93.904683,44.480713],[-93.904666,44.480838],[-93.904685,44.481061],[-93.904348,44.482206],[-93.904205,44.48327],[-93.904191,44.485466],[-93.904179,44.485561],[-93.904071,44.487042],[-93.904012,44.487467],[-93.90369,44.488435],[-93.903517,44.488695],[-93.903453,44.48885],[-93.903367,44.489051],[-93.903282,44.489195],[-93.903215,44.489308],[-93.902909,44.489632],[-93.902695,44.489844],[-93.902403,44.490024],[-93.902016,44.490137],[-93.901598,44.490174],[-93.901226,44.49022],[-93.900777,44.490301],[-93.900359,44.490337],[-93.899926,44.490363],[-93.899569,44.490387],[-93.899413,44.490383],[-93.899227,44.490378],[-93.898932,44.490369],[-93.898592,44.490405],[-93.898189,44.490441],[-93.897745,44.490473],[-93.89743,44.490501],[-93.89709,44.490592],[-93.89678,44.490661],[-93.896486,44.49073],[-93.896085,44.490855],[-93.895761,44.491023],[-93.895456,44.491226],[-93.895405,44.491268],[-93.895209,44.491449],[-93.894964,44.491717],[-93.894719,44.491974],[-93.894552,44.492209],[-93.894431,44.492476],[-93.894358,44.492799],[-93.89434,44.492844],[-93.894308,44.492928],[-93.894268,44.493032],[-93.894256,44.49331],[-93.894198,44.49361],[-93.894181,44.49371],[-93.89414,44.493955],[-93.894138,44.494045],[-93.894129,44.494365],[-93.894119,44.494447],[-93.894072,44.494765],[-93.893938,44.495199],[-93.893893,44.495352],[-93.893835,44.495555],[-93.893559,44.495868],[-93.893268,44.496136],[-93.893039,44.496393],[-93.892701,44.496673],[-93.892348,44.496942],[-93.892206,44.497035],[-93.89204,44.497144],[-93.891825,44.497301],[-93.89147,44.497447],[-93.891378,44.497488],[-93.891115,44.497605],[-93.890776,44.497763],[-93.890444,44.497896],[-93.890082,44.498067],[-93.889981,44.498121],[-93.889897,44.498168],[-93.889776,44.498391],[-93.889795,44.498669],[-93.889768,44.499024],[-93.889778,44.499724],[-93.889815,44.49991],[-93.889827,44.499968],[-93.889829,44.500123],[-93.889879,44.500389],[-93.890054,44.500655],[-93.890196,44.500887],[-93.890324,44.501163],[-93.890466,44.501407],[-93.890703,44.501738],[-93.890877,44.501993],[-93.891006,44.502358],[-93.891084,44.502594],[-93.891119,44.502702],[-93.891108,44.503024],[-93.891073,44.503137],[-93.891019,44.503313],[-93.890978,44.503489],[-93.89096,44.503569],[-93.890842,44.503844],[-93.889762,44.503907],[-93.889607,44.503922],[-93.888339,44.503933],[-93.887934,44.503949],[-93.887607,44.504167],[-93.887311,44.504432],[-93.887108,44.504806],[-93.886998,44.505319],[-93.886968,44.505756],[-93.886952,44.506208],[-93.887046,44.507018],[-93.887155,44.508545],[-93.887248,44.509745],[-93.887513,44.510555],[-93.887878,44.512191],[-93.887878,44.512507],[-93.887643,44.513857],[-93.887588,44.514178],[-93.887512,44.515063],[-93.887211,44.515788],[-93.886993,44.516314],[-93.886199,44.517046],[-93.885936,44.517218],[-93.885569,44.517458],[-93.885392,44.517859],[-93.885374,44.51821],[-93.885427,44.51893],[-93.88568,44.520075],[-93.886129,44.521528],[-93.886603,44.523038],[-93.887148,44.524365],[-93.887568,44.525653],[-93.887863,44.526169],[-93.888218,44.526513],[-93.889043,44.526776],[-93.890156,44.526725],[-93.891237,44.52646],[-93.892606,44.526148],[-93.89392,44.526212],[-93.895204,44.526408],[-93.896047,44.526812],[-93.896819,44.527461],[-93.897433,44.528023],[-93.897878,44.528318],[-93.898647,44.528611],[-93.898887,44.528702],[-93.899536,44.528872],[-93.900444,44.529264],[-93.900529,44.529292],[-93.900784,44.529377],[-93.90087,44.529406],[-93.901044,44.529464],[-93.901504,44.52997],[-93.901733,44.530543],[-93.901763,44.530985],[-93.901794,44.531435],[-93.901568,44.53224],[-93.901526,44.53239],[-93.901485,44.532541],[-93.901428,44.53274],[-93.901342,44.532881],[-93.901289,44.532969],[-93.901101,44.533302],[-93.900738,44.534213],[-93.900514,44.534984],[-93.900786,44.535887],[-93.901365,44.536975],[-93.902444,44.537864],[-93.902588,44.537966],[-93.902801,44.538172],[-93.903557,44.538423],[-93.903763,44.538492],[-93.904444,44.538564],[-93.905816,44.538371],[-93.9069,44.538139],[-93.907305,44.538046],[-93.907722,44.537951],[-93.908544,44.537764],[-93.909323,44.537598],[-93.909616,44.537537],[-93.910581,44.537449],[-93.911845,44.537664],[-93.912223,44.538056],[-93.912268,44.538459],[-93.912148,44.538728],[-93.91185,44.539265],[-93.911387,44.539848],[-93.911057,44.541003],[-93.910844,44.541422],[-93.910844,44.541452],[-93.910461,44.542303],[-93.910406,44.543164],[-93.91035,44.543165],[-93.910087,44.543164],[-93.909826,44.543165],[-93.898338,44.543166],[-93.898213,44.543168],[-93.898078,44.543165],[-93.890728,44.543164],[-93.890327,44.543162],[-93.884818,44.543096],[-93.884488,44.543106],[-93.883575,44.543119],[-93.883367,44.543123],[-93.881721,44.543083],[-93.880926,44.543076],[-93.880836,44.543077],[-93.879924,44.54309],[-93.879702,44.543093],[-93.879088,44.543089],[-93.878015,44.543082],[-93.876697,44.543074],[-93.87647,44.543074],[-93.875009,44.543061],[-93.874043,44.543062],[-93.87296,44.54305],[-93.87229,44.543045],[-93.870612,44.543033],[-93.870382,44.543034],[-93.869912,44.543035],[-93.868505,44.543041],[-93.868036,44.543043],[-93.866387,44.54304],[-93.866052,44.54304],[-93.864411,44.543043],[-93.863436,44.543067],[-93.861638,44.543052],[-93.86144,44.54305],[-93.860765,44.543045],[-93.859792,44.543048],[-93.858319,44.543051],[-93.857565,44.543054],[-93.85714,44.543105],[-93.854151,44.543127],[-93.852378,44.54314],[-93.851769,44.54314],[-93.851602,44.54314],[-93.850102,44.54314],[-93.849729,44.54314],[-93.849681,44.54314],[-93.849368,44.54314],[-93.849268,44.54314],[-93.847904,44.54314],[-93.847378,44.54314],[-93.847187,44.54314],[-93.846466,44.54314],[-93.846247,44.543077],[-93.845262,44.543081],[-93.843447,44.543091],[-93.841975,44.543099],[-93.841552,44.543098],[-93.841531,44.543097],[-93.839494,44.543095],[-93.839198,44.543092],[-93.838416,44.543106],[-93.836278,44.543168],[-93.835612,44.54317],[-93.83451,44.543166],[-93.831364,44.543188],[-93.827219,44.543215],[-93.825347,44.543226],[-93.821293,44.543249],[-93.81924,44.54326],[-93.818801,44.543235],[-93.812455,44.543172],[-93.810968,44.543176],[-93.808836,44.54317],[-93.808521,44.543172],[-93.807437,44.543189],[-93.806305,44.543189],[-93.80366,44.543189],[-93.801571,44.543189],[-93.799626,44.543202],[-93.798531,44.543201],[-93.798432,44.543201],[-93.797247,44.543201],[-93.796426,44.543205],[-93.792299,44.54323],[-93.789013,44.543258],[-93.788316,44.543246],[-93.786767,44.543243],[-93.786326,44.543245],[-93.785886,44.543243],[-93.785389,44.54324],[-93.783467,44.54324],[-93.781345,44.543242],[-93.779571,44.543245],[-93.778386,44.543246],[-93.777879,44.543241],[-93.776194,44.543241],[-93.776054,44.543242],[-93.768961,44.543228],[-93.768289,44.543234],[-93.758916,44.543243],[-93.75841,44.54324],[-93.757487,44.543253],[-93.754126,44.543258],[-93.753382,44.543253],[-93.751914,44.543263],[-93.747295,44.543263],[-93.737878,44.543273],[-93.737163,44.543274],[-93.733882,44.543272],[-93.730322,44.543282],[-93.730159,44.543281],[-93.729344,44.543281],[-93.728739,44.543283],[-93.728379,44.543282],[-93.726224,44.543298],[-93.719937,44.54336],[-93.717755,44.543366],[-93.717693,44.543366],[-93.717605,44.543367],[-93.716419,44.543382],[-93.71537,44.543397],[-93.713643,44.543412],[-93.712864,44.543422],[-93.71168,44.543439],[-93.710241,44.543454],[-93.708176,44.543485],[-93.706274,44.543502],[-93.705682,44.543513],[-93.704842,44.543522],[-93.70312,44.543541],[-93.701992,44.543563],[-93.696691,44.543633],[-93.694833,44.543653],[-93.693324,44.54367],[-93.692575,44.54368],[-93.690619,44.543716],[-93.689243,44.54373],[-93.688711,44.543736],[-93.687378,44.543756],[-93.686237,44.543763],[-93.682682,44.54378],[-93.678556,44.543816],[-93.675935,44.543838],[-93.675644,44.543843],[-93.669122,44.543953],[-93.66697,44.543981],[-93.666441,44.543985],[-93.666092,44.543987],[-93.665304,44.543998],[-93.664267,44.544008],[-93.663496,44.54399],[-93.662521,44.54399],[-93.661894,44.543982],[-93.661121,44.543982],[-93.660289,44.543974],[-93.658955,44.543969],[-93.657952,44.543964],[-93.657393,44.543956],[-93.657119,44.543955],[-93.652765,44.543926],[-93.650855,44.543921],[-93.650359,44.543921],[-93.647037,44.543899]]]]},"properties":{"neighbourhood":"Le Sueur","neighbourhood_group":null}},{"type":"Feature","geometry":{"type":"MultiPolygon","coordinates":[[[[-93.282227,45.051167],[-93.281455,45.04722],[-93.281451,45.047201],[-93.281446,45.047175],[-93.280827,45.043567],[-93.282127,45.039667],[-93.283427,45.035367],[-93.282957,45.035367],[-93.282487,45.035367],[-93.282427,45.035367],[-93.282054,45.035375],[-93.278027,45.035467],[-93.278014,45.035467],[-93.27797,45.035468],[-93.277355,45.035468],[-93.276283,45.035467],[-93.27603,45.035467],[-93.275885,45.035467],[-93.275718,45.035467],[-93.275224,45.035467],[-93.273529,45.035467],[-93.273308,45.035467],[-93.273212,45.035467],[-93.273147,45.035467],[-93.273074,45.035467],[-93.272827,45.035467],[-93.27203,45.035505],[-93.271727,45.035467],[-93.270046,45.035497],[-93.268554,45.035524],[-93.267741,45.035539],[-93.267671,45.03554],[-93.267608,45.035544],[-93.266389,45.035544],[-93.2651,45.035544],[-93.26381,45.035544],[-93.262899,45.035546],[-93.262741,45.035546],[-93.262498,45.035547],[-93.262038,45.035547],[-93.261089,45.035546],[-93.261049,45.035546],[-93.260804,45.035546],[-93.260109,45.035546],[-93.260017,45.035546],[-93.259919,45.035546],[-93.258459,45.035546],[-93.257463,45.035547],[-93.255528,45.035548],[-93.25547,45.035548],[-93.255456,45.035548],[-93.253852,45.035549],[-93.253295,45.03555],[-93.253224,45.03555],[-93.253165,45.03555],[-93.252271,45.03555],[-93.251184,45.035551],[-93.251146,45.035551],[-93.251115,45.035551],[-93.25023,45.035551],[-93.249848,45.035551],[-93.248559,45.035555],[-93.247388,45.035555],[-93.247211,45.035555],[-93.246018,45.035563],[-93.245428,45.035566],[-93.245361,45.035566],[-93.245014,45.035568],[-93.244775,45.03557],[-93.244729,45.03557],[-93.244104,45.035574],[-93.243707,45.035578],[-93.242967,45.035577],[-93.242207,45.035581],[-93.242185,45.035581],[-93.242125,45.035581],[-93.242032,45.035582],[-93.241993,45.035582],[-93.241402,45.035586],[-93.241334,45.035586],[-93.240985,45.035587],[-93.240942,45.035587],[-93.240671,45.035588],[-93.240539,45.035589],[-93.240518,45.035589],[-93.239633,45.035595],[-93.238986,45.035598],[-93.238419,45.035601],[-93.238259,45.035602],[-93.238208,45.035602],[-93.238188,45.035602],[-93.238005,45.035603],[-93.237705,45.035605],[-93.237107,45.035608],[-93.234735,45.035624],[-93.234623,45.035625],[-93.234578,45.035626],[-93.234318,45.035628],[-93.230752,45.035654],[-93.229486,45.035658],[-93.228321,45.035668],[-93.228211,45.035669],[-93.226993,45.035677],[-93.22693,45.035673],[-93.225747,45.035681],[-93.223733,45.035685],[-93.22204,45.035692],[-93.221986,45.035692],[-93.22075,45.035696],[-93.220162,45.035698],[-93.219499,45.0357],[-93.21838,45.0357],[-93.218231,45.0357],[-93.217044,45.035708],[-93.216981,45.035708],[-93.215718,45.035713],[-93.213169,45.035724],[-93.211925,45.03573],[-93.211869,45.03573],[-93.210631,45.035735],[-93.208434,45.035745],[-93.208093,45.035746],[-93.208098,45.035042],[-93.208108,45.033823],[-93.208108,45.033575],[-93.208106,45.033468],[-93.208077,45.032236],[-93.208062,45.031412],[-93.208049,45.030613],[-93.208034,45.029736],[-93.20803,45.029589],[-93.20795,45.027804],[-93.207937,45.027788],[-93.207927,45.027563],[-93.207902,45.026383],[-93.207867,45.024618],[-93.207862,45.024325],[-93.207836,45.022749],[-93.207834,45.02262],[-93.207832,45.022492],[-93.207831,45.022454],[-93.207821,45.021833],[-93.207803,45.020586],[-93.207787,45.0201],[-93.207714,45.017959],[-93.207714,45.017946],[-93.207605,45.013367],[-93.207524,45.007399],[-93.207522,45.007258],[-93.207592,45.006755],[-93.207643,45.006456],[-93.20757,45.006241],[-93.207541,45.006156],[-93.207529,45.006024],[-93.207602,45.000708],[-93.207603,45.000645],[-93.207604,45.000574],[-93.207603,45.000551],[-93.207597,44.998864],[-93.207578,44.995568],[-93.207559,44.991686],[-93.207567,44.990427],[-93.207575,44.989506],[-93.207588,44.988073],[-93.207613,44.984762],[-93.207641,44.981167],[-93.20765,44.980333],[-93.207671,44.977229],[-93.207674,44.976756],[-93.207674,44.976737],[-93.207673,44.976328],[-93.207676,44.976025],[-93.207679,44.975742],[-93.207682,44.97521],[-93.207684,44.974921],[-93.207688,44.974287],[-93.207688,44.974164],[-93.207693,44.973168],[-93.207696,44.972585],[-93.207703,44.971589],[-93.207694,44.9715],[-93.207697,44.971404],[-93.207705,44.971235],[-93.207712,44.970025],[-93.207714,44.969606],[-93.207715,44.969442],[-93.207727,44.968012],[-93.207734,44.966425],[-93.207742,44.964609],[-93.207757,44.962809],[-93.207763,44.960592],[-93.207764,44.960335],[-93.207765,44.960119],[-93.207769,44.96007],[-93.207771,44.960036],[-93.207771,44.960008],[-93.207771,44.959975],[-93.207771,44.959906],[-93.207771,44.959795],[-93.207771,44.959764],[-93.207771,44.959695],[-93.207771,44.959666],[-93.207771,44.959634],[-93.20777,44.95903],[-93.207778,44.958745],[-93.207772,44.958574],[-93.207769,44.958428],[-93.207767,44.957314],[-93.207788,44.956404],[-93.207783,44.956087],[-93.207772,44.955385],[-93.207772,44.955229],[-93.207765,44.954935],[-93.207763,44.954764],[-93.207762,44.95431],[-93.20776,44.953265],[-93.207758,44.953211],[-93.207752,44.953058],[-93.207519,44.952965],[-93.206913,44.952722],[-93.205019,44.951964],[-93.204709,44.951493],[-93.203685,44.949935],[-93.202691,44.948423],[-93.202661,44.948377],[-93.201521,44.944852],[-93.200452,44.941506],[-93.20064,44.937532],[-93.200647,44.937381],[-93.200792,44.934303],[-93.200768,44.934132],[-93.200297,44.930711],[-93.200288,44.930647],[-93.200253,44.930393],[-93.19979,44.927035],[-93.199812,44.926931],[-93.19985,44.926753],[-93.20012,44.925505],[-93.200428,44.924079],[-93.20136,44.919766],[-93.20132,44.919245],[-93.201208,44.917805],[-93.201027,44.915463],[-93.20101,44.915237],[-93.200985,44.914909],[-93.20095,44.914462],[-93.200938,44.914308],[-93.200927,44.914171],[-93.200886,44.913859],[-93.200791,44.912424],[-93.200727,44.911595],[-93.200663,44.910766],[-93.200624,44.910282],[-93.200584,44.909799],[-93.200426,44.909202],[-93.200334,44.908936],[-93.200138,44.908667],[-93.200049,44.908615],[-93.199959,44.908562],[-93.199493,44.908315],[-93.199027,44.908068],[-93.197515,44.907266],[-93.196003,44.906465],[-93.195163,44.90602],[-93.194859,44.905859],[-93.194322,44.905574],[-93.194023,44.905416],[-93.193794,44.905294],[-93.193687,44.905237],[-93.192367,44.904467],[-93.191383,44.903893],[-93.191282,44.903444],[-93.191086,44.902576],[-93.190889,44.901708],[-93.190869,44.90162],[-93.190881,44.901603],[-93.191399,44.90042],[-93.191647,44.899543],[-93.192304,44.898679],[-93.192081,44.897297],[-93.190882,44.896376],[-93.190766,44.896288],[-93.190651,44.896199],[-93.190211,44.895861],[-93.189671,44.895694],[-93.189523,44.895648],[-93.189374,44.895603],[-93.18851,44.895337],[-93.187646,44.89507],[-93.186389,44.894777],[-93.185449,44.894634],[-93.184682,44.894572],[-93.181797,44.894333],[-93.181628,44.894313],[-93.181556,44.894305],[-93.18149,44.894297],[-93.181355,44.894282],[-93.179616,44.894078],[-93.177877,44.893874],[-93.177539,44.893834],[-93.177201,44.893795],[-93.177249,44.89343],[-93.177286,44.89315],[-93.177638,44.891843],[-93.177781,44.891178],[-93.177688,44.890384],[-93.177663,44.889588],[-93.178539,44.88834],[-93.178572,44.888342],[-93.178852,44.888353],[-93.178945,44.888347],[-93.179038,44.888346],[-93.17913,44.88834],[-93.17937,44.888313],[-93.179435,44.888301],[-93.179505,44.888278],[-93.179577,44.888254],[-93.181771,44.887536],[-93.182474,44.887222],[-93.182632,44.887122],[-93.183018,44.886587],[-93.183164,44.886094],[-93.183053,44.885542],[-93.183048,44.885518],[-93.182969,44.88535],[-93.182935,44.885309],[-93.182784,44.885135],[-93.18271,44.885054],[-93.18263,44.884972],[-93.182547,44.88489],[-93.182381,44.88473],[-93.182113,44.884501],[-93.18202,44.884425],[-93.181924,44.884352],[-93.181829,44.884277],[-93.181732,44.88421],[-93.18163,44.884138],[-93.181528,44.88407],[-93.18132,44.883935],[-93.181213,44.883868],[-93.180997,44.883743],[-93.180872,44.883676],[-93.180705,44.883577],[-93.180506,44.883451],[-93.180408,44.883383],[-93.180313,44.88332],[-93.18022,44.883253],[-93.180128,44.883181],[-93.180038,44.883114],[-93.17995,44.883043],[-93.179778,44.882898],[-93.179695,44.882822],[-93.179613,44.88275],[-93.179456,44.882596],[-93.179381,44.882516],[-93.179307,44.88244],[-93.179235,44.882359],[-93.179166,44.882278],[-93.179032,44.882116],[-93.178971,44.882035],[-93.178947,44.882003],[-93.178907,44.88195],[-93.178833,44.881843],[-93.17879,44.881779],[-93.178762,44.881734],[-93.178734,44.881694],[-93.178629,44.881518],[-93.17856,44.881391],[-93.178533,44.881342],[-93.178522,44.881293],[-93.17851,44.881226],[-93.178501,44.881158],[-93.178496,44.881091],[-93.178494,44.881023],[-93.178495,44.880956],[-93.178499,44.880888],[-93.178507,44.880821],[-93.178518,44.880753],[-93.17855,44.880618],[-93.178595,44.880487],[-93.178623,44.880424],[-93.178618,44.880339],[-93.178708,44.880258],[-93.178771,44.880164],[-93.178918,44.879988],[-93.179271,44.8796],[-93.179477,44.879336],[-93.1802,44.87876],[-93.180379,44.878644],[-93.181209,44.878057],[-93.181752,44.877841],[-93.181772,44.877831],[-93.182188,44.877642],[-93.182329,44.877583],[-93.182472,44.877529],[-93.182617,44.87747],[-93.182762,44.877416],[-93.183207,44.877266],[-93.183358,44.877221],[-93.184053,44.877026],[-93.184691,44.876841],[-93.184743,44.876827],[-93.185428,44.876619],[-93.185798,44.876488],[-93.186549,44.876093],[-93.186897,44.875811],[-93.187577,44.875252],[-93.187702,44.875153],[-93.18788,44.875004],[-93.187993,44.874896],[-93.188152,44.874733],[-93.188252,44.874625],[-93.18839,44.874449],[-93.188434,44.874395],[-93.188475,44.874332],[-93.188516,44.874274],[-93.188555,44.874215],[-93.188627,44.874098],[-93.188722,44.873882],[-93.188774,44.873769],[-93.188829,44.873661],[-93.188945,44.873449],[-93.189008,44.873346],[-93.189137,44.873111],[-93.189231,44.872664],[-93.189579,44.871989],[-93.189886,44.871539],[-93.190479,44.87111],[-93.191223,44.87064],[-93.191372,44.870519],[-93.191675,44.870285],[-93.191989,44.87005],[-93.19215,44.869937],[-93.192314,44.869829],[-93.19265,44.869613],[-93.192822,44.869509],[-93.192996,44.869409],[-93.193352,44.869211],[-93.193718,44.869021],[-93.19569,44.867978],[-93.196293,44.867707],[-93.196882,44.867418],[-93.197172,44.867269],[-93.197457,44.86712],[-93.197739,44.866962],[-93.198017,44.866804],[-93.198291,44.866641],[-93.198561,44.866474],[-93.198827,44.866307],[-93.199089,44.866136],[-93.199346,44.86596],[-93.199848,44.865599],[-93.199969,44.865507],[-93.200413,44.864965],[-93.200393,44.864525],[-93.199215,44.863312],[-93.198527,44.862605],[-93.198045,44.86211],[-93.198036,44.8621],[-93.19794,44.862002],[-93.197874,44.861934],[-93.197814,44.861754],[-93.197762,44.861596],[-93.197711,44.861439],[-93.197628,44.861184],[-93.197545,44.860929],[-93.197429,44.860572],[-93.197419,44.860542],[-93.197413,44.860522],[-93.19728,44.860116],[-93.197696,44.859322],[-93.198111,44.858528],[-93.198181,44.858394],[-93.198251,44.858261],[-93.1983,44.858166],[-93.198388,44.858069],[-93.198555,44.857884],[-93.198646,44.857784],[-93.199557,44.856778],[-93.200726,44.855488],[-93.20091,44.855285],[-93.201122,44.855046],[-93.201192,44.854967],[-93.201663,44.854436],[-93.202134,44.853904],[-93.202344,44.853667],[-93.202518,44.853471],[-93.20272,44.853243],[-93.202758,44.8532],[-93.20278,44.853175],[-93.202787,44.853167],[-93.202808,44.853143],[-93.202902,44.853037],[-93.203406,44.852358],[-93.20564,44.848282],[-93.205797,44.847996],[-93.207756,44.843628],[-93.207913,44.843442],[-93.208047,44.843283],[-93.208108,44.843161],[-93.208252,44.842872],[-93.209016,44.842008],[-93.209065,44.841953],[-93.210306,44.840841],[-93.210411,44.840782],[-93.210913,44.840326],[-93.211437,44.839744],[-93.212418,44.839417],[-93.213509,44.839238],[-93.21483,44.839026],[-93.214978,44.838987],[-93.215311,44.838925],[-93.216487,44.838708],[-93.218131,44.838855],[-93.219002,44.838933],[-93.219682,44.8389],[-93.220247,44.838842],[-93.220576,44.838703],[-93.220604,44.838691],[-93.221108,44.838479],[-93.221251,44.838328],[-93.221813,44.837731],[-93.221829,44.8377],[-93.221861,44.837542],[-93.22186,44.837352],[-93.221886,44.837165],[-93.221915,44.836962],[-93.221889,44.836749],[-93.22185,44.836611],[-93.221704,44.836228],[-93.221254,44.835448],[-93.219951,44.833516],[-93.219063,44.83224],[-93.220525,44.831055],[-93.221108,44.830809],[-93.221745,44.830642],[-93.221968,44.830531],[-93.222187,44.830474],[-93.223378,44.830162],[-93.223796,44.83007],[-93.224599,44.829893],[-93.225167,44.829744],[-93.226516,44.829363],[-93.227461,44.829088],[-93.22755,44.829046],[-93.227606,44.82902],[-93.227643,44.829003],[-93.227673,44.828989],[-93.228718,44.8285],[-93.229794,44.827998],[-93.230893,44.827484],[-93.231196,44.82728],[-93.231394,44.827151],[-93.231562,44.827041],[-93.231577,44.827031],[-93.231679,44.826964],[-93.231793,44.826888],[-93.231951,44.826784],[-93.232065,44.826711],[-93.232577,44.826386],[-93.233213,44.825903],[-93.23397,44.82533],[-93.234919,44.824613],[-93.23935,44.8202],[-93.239971,44.819865],[-93.242146,44.818436],[-93.243183,44.817813],[-93.244294,44.817354],[-93.245214,44.816782],[-93.246031,44.816373],[-93.246849,44.815943],[-93.247279,44.815637],[-93.249025,44.814464],[-93.249318,44.814129],[-93.24987,44.813585],[-93.251196,44.812001],[-93.251872,44.811477],[-93.252686,44.811187],[-93.258237,44.810005],[-93.260188,44.809595],[-93.261356,44.809349],[-93.261713,44.809263],[-93.262605,44.809048],[-93.264928,44.808489],[-93.264962,44.808481],[-93.265091,44.80845],[-93.265178,44.808429],[-93.26523,44.808416],[-93.265288,44.808402],[-93.268143,44.807715],[-93.268435,44.807645],[-93.27224,44.806917],[-93.272459,44.806875],[-93.275663,44.806611],[-93.278105,44.80649],[-93.278515,44.806471],[-93.278869,44.806452],[-93.279273,44.806432],[-93.279678,44.806412],[-93.280816,44.806355],[-93.28098,44.806328],[-93.281061,44.806309],[-93.281142,44.806296],[-93.281302,44.806259],[-93.281382,44.806237],[-93.281461,44.806218],[-93.281738,44.806138],[-93.281772,44.806128],[-93.282073,44.806019],[-93.282146,44.805987],[-93.282219,44.80596],[-93.282363,44.805897],[-93.282433,44.80586],[-93.282503,44.805829],[-93.282572,44.805793],[-93.282639,44.805761],[-93.282707,44.80572],[-93.282838,44.805648],[-93.282902,44.805607],[-93.282966,44.805571],[-93.28309,44.80549],[-93.28315,44.805445],[-93.28321,44.805404],[-93.283268,44.805359],[-93.283325,44.805318],[-93.283436,44.805228],[-93.28349,44.805178],[-93.283594,44.805088],[-93.283694,44.804989],[-93.283835,44.80484],[-93.283879,44.80479],[-93.283964,44.804686],[-93.284005,44.804632],[-93.284117,44.804474],[-93.28424,44.804168],[-93.284403,44.803845],[-93.2853,44.802068],[-93.285838,44.801714],[-93.286386,44.801354],[-93.288756,44.800479],[-93.289354,44.800307],[-93.289367,44.800303],[-93.289382,44.800299],[-93.289776,44.800193],[-93.289827,44.800178],[-93.290005,44.80013],[-93.290357,44.800035],[-93.291391,44.799755],[-93.291528,44.799718],[-93.291609,44.799696],[-93.291646,44.799686],[-93.291664,44.799681],[-93.291691,44.799674],[-93.292443,44.799471],[-93.293195,44.799267],[-93.294104,44.799021],[-93.295773,44.79837],[-93.296998,44.7979],[-93.298177,44.797426],[-93.301052,44.796108],[-93.30319,44.795057],[-93.303773,44.79475],[-93.3041,44.794546],[-93.304417,44.794413],[-93.304734,44.794331],[-93.305215,44.794259],[-93.305855,44.794155],[-93.306302,44.794047],[-93.306629,44.794029],[-93.307128,44.793947],[-93.309264,44.79348],[-93.310486,44.793226],[-93.312121,44.792887],[-93.312341,44.792841],[-93.31294,44.792717],[-93.312988,44.792707],[-93.313013,44.792702],[-93.313757,44.792548],[-93.314121,44.792472],[-93.316566,44.792592],[-93.316965,44.792624],[-93.319406,44.792818],[-93.32168,44.792778],[-93.322699,44.79276],[-93.324141,44.792702],[-93.324313,44.792695],[-93.325728,44.792667],[-93.327311,44.79221],[-93.327346,44.792193],[-93.327376,44.792178],[-93.327769,44.791986],[-93.328193,44.79178],[-93.329494,44.791146],[-93.329588,44.7911],[-93.329614,44.791087],[-93.330569,44.790599],[-93.330892,44.790352],[-93.331519,44.789884],[-93.332,44.789506],[-93.332741,44.788728],[-93.335049,44.786987],[-93.335425,44.786796],[-93.335711,44.786674],[-93.336232,44.78651],[-93.336744,44.786387],[-93.337347,44.786347],[-93.337941,44.786419],[-93.338585,44.78649],[-93.339382,44.786623],[-93.340047,44.786827],[-93.340609,44.787021],[-93.341181,44.787216],[-93.341826,44.787503],[-93.342481,44.787878],[-93.342971,44.788116],[-93.343808,44.788465],[-93.344358,44.788757],[-93.34485,44.789045],[-93.345366,44.789452],[-93.345875,44.789935],[-93.346345,44.790498],[-93.346624,44.790822],[-93.346902,44.791043],[-93.347397,44.791245],[-93.347868,44.791367],[-93.34844,44.791408],[-93.348614,44.79141],[-93.349445,44.791404],[-93.349917,44.791339],[-93.350365,44.791211],[-93.350751,44.79103],[-93.3512,44.790754],[-93.351456,44.790539],[-93.351825,44.790066],[-93.351882,44.789895],[-93.352211,44.789428],[-93.352656,44.788886],[-93.352922,44.788425],[-93.353223,44.788021],[-93.353525,44.787613],[-93.35437,44.786348],[-93.354828,44.785788],[-93.354951,44.785674],[-93.3554,44.785597],[-93.356056,44.785591],[-93.357317,44.785512],[-93.358025,44.785566],[-93.358671,44.785915],[-93.359287,44.786249],[-93.359903,44.786582],[-93.362311,44.788216],[-93.362847,44.788594],[-93.363176,44.788819],[-93.363318,44.788873],[-93.363729,44.788937],[-93.364011,44.788986],[-93.364532,44.789108],[-93.364949,44.789133],[-93.365439,44.789046],[-93.366208,44.788903],[-93.36768,44.788454],[-93.368805,44.788167],[-93.370563,44.787615],[-93.371933,44.787227],[-93.375639,44.785987],[-93.375988,44.7859],[-93.376338,44.785812],[-93.376994,44.785648],[-93.37765,44.785484],[-93.378842,44.785341],[-93.379356,44.785305],[-93.380317,44.785387],[-93.380848,44.785693],[-93.381564,44.787125],[-93.382975,44.790764],[-93.38369,44.792809],[-93.384221,44.795197],[-93.384508,44.796035],[-93.384795,44.796873],[-93.384826,44.796965],[-93.384889,44.796999],[-93.385288,44.797472],[-93.385716,44.797802],[-93.386328,44.798084],[-93.386921,44.798371],[-93.387626,44.798465],[-93.388565,44.798602],[-93.389413,44.798582],[-93.390172,44.798554],[-93.39101,44.798432],[-93.391852,44.798095],[-93.393107,44.797711],[-93.394731,44.797225],[-93.395958,44.796898],[-93.396408,44.796959],[-93.396756,44.797143],[-93.397257,44.797427],[-93.397818,44.797782],[-93.398702,44.798644],[-93.398827,44.798765],[-93.39885,44.798784],[-93.399007,44.798919],[-93.399119,44.799015],[-93.399773,44.799576],[-93.400427,44.800136],[-93.401254,44.801049],[-93.402174,44.801928],[-93.403115,44.802787],[-93.404219,44.803625],[-93.405094,44.804137],[-93.405127,44.804165],[-93.405171,44.804182],[-93.405916,44.804688],[-93.407838,44.805445],[-93.410189,44.806304],[-93.411784,44.806876],[-93.413665,44.807449],[-93.414892,44.807694],[-93.415628,44.807674],[-93.417713,44.807227],[-93.418591,44.807062],[-93.419469,44.806897],[-93.419628,44.806865],[-93.41974,44.806896],[-93.423678,44.807988],[-93.427617,44.809081],[-93.42859,44.80935],[-93.429562,44.80962],[-93.43257,44.810659],[-93.4349,44.811477],[-93.435781,44.812002],[-93.437145,44.812799],[-93.438089,44.813009],[-93.439243,44.812946],[-93.439747,44.812676],[-93.440313,44.812631],[-93.440901,44.812128],[-93.4413,44.81133],[-93.441635,44.810029],[-93.442223,44.807784],[-93.443251,44.806315],[-93.4443,44.805392],[-93.445958,44.804552],[-93.448644,44.803776],[-93.450328,44.803478],[-93.453407,44.803335],[-93.455254,44.803188],[-93.457376,44.803293],[-93.457929,44.803365],[-93.460667,44.80582],[-93.460829,44.805965],[-93.460901,44.805977],[-93.461906,44.806525],[-93.463207,44.80663],[-93.465956,44.806273],[-93.46925,44.805706],[-93.474035,44.804909],[-93.475712,44.804342],[-93.477854,44.804217],[-93.479134,44.804217],[-93.480246,44.804259],[-93.481199,44.804579],[-93.481591,44.805182],[-93.481983,44.805786],[-93.48223,44.806165],[-93.482296,44.806227],[-93.482596,44.806798],[-93.482974,44.807385],[-93.483624,44.807679],[-93.484736,44.807448],[-93.485534,44.80707],[-93.486646,44.80642],[-93.488262,44.80556],[-93.489771,44.804836],[-93.490549,44.804519],[-93.491935,44.804342],[-93.4929,44.804426],[-93.493383,44.804868],[-93.493456,44.804966],[-93.49397,44.806252],[-93.495271,44.807994],[-93.496341,44.809169],[-93.4976,44.809924],[-93.499006,44.810008],[-93.500181,44.809567],[-93.501126,44.808833],[-93.501692,44.807784],[-93.501819,44.807116],[-93.502364,44.806],[-93.503093,44.804834],[-93.503763,44.804535],[-93.504397,44.804375],[-93.505176,44.804424],[-93.508785,44.804972],[-93.511198,44.804972],[-93.513149,44.804615],[-93.514828,44.804133],[-93.516496,44.803516],[-93.517325,44.803209],[-93.519003,44.802504],[-93.520326,44.801976],[-93.520334,44.802334],[-93.520332,44.802765],[-93.520352,44.803064],[-93.520357,44.803132],[-93.520412,44.803964],[-93.520432,44.804265],[-93.520546,44.808775],[-93.520584,44.810181],[-93.520622,44.811586],[-93.520732,44.815665],[-93.520732,44.816091],[-93.520732,44.816331],[-93.520736,44.816762],[-93.520737,44.816815],[-93.520791,44.819545],[-93.520905,44.825302],[-93.520932,44.826665],[-93.520899,44.826862],[-93.520832,44.827265],[-93.520832,44.827339],[-93.520832,44.827573],[-93.520832,44.827805],[-93.520832,44.827942],[-93.520832,44.82808],[-93.520833,44.831617],[-93.520833,44.833064],[-93.520833,44.834512],[-93.520833,44.836934],[-93.520832,44.837074],[-93.520832,44.838991],[-93.520821,44.839322],[-93.520821,44.83933],[-93.520821,44.839337],[-93.520833,44.839358],[-93.520828,44.839379],[-93.520833,44.841138],[-93.520833,44.84127],[-93.520833,44.841298],[-93.520833,44.847008],[-93.520833,44.847267],[-93.520833,44.848268],[-93.520833,44.849833],[-93.520833,44.85051],[-93.520833,44.851188],[-93.520833,44.852465],[-93.520813,44.852911],[-93.520633,44.857165],[-93.520633,44.858465],[-93.520633,44.858475],[-93.520633,44.858564],[-93.520633,44.860065],[-93.520662,44.860589],[-93.520663,44.860608],[-93.520665,44.860648],[-93.520672,44.860767],[-93.520733,44.861865],[-93.520726,44.862001],[-93.520716,44.862189],[-93.520707,44.862363],[-93.5207,44.862499],[-93.520696,44.862567],[-93.520675,44.862966],[-93.520633,44.863765],[-93.520633,44.86411],[-93.520633,44.86496],[-93.520641,44.865612],[-93.520766,44.86595],[-93.520814,44.866079],[-93.520813,44.86614],[-93.520812,44.866301],[-93.520809,44.866672],[-93.520809,44.866694],[-93.520807,44.866931],[-93.520806,44.867082],[-93.520805,44.867152],[-93.520805,44.867163],[-93.520805,44.867193],[-93.520803,44.867468],[-93.5208,44.867756],[-93.520799,44.867883],[-93.520799,44.867899],[-93.520797,44.868054],[-93.520796,44.868203],[-93.520794,44.868332],[-93.520793,44.868461],[-93.520791,44.868622],[-93.520791,44.868674],[-93.52079,44.868799],[-93.520788,44.868956],[-93.520788,44.868981],[-93.520786,44.869153],[-93.520785,44.869272],[-93.520783,44.869417],[-93.520783,44.869435],[-93.520783,44.869765],[-93.520783,44.86982],[-93.520783,44.869889],[-93.520783,44.870061],[-93.520783,44.870658],[-93.520783,44.870754],[-93.520783,44.870941],[-93.520783,44.87129],[-93.520783,44.872222],[-93.520783,44.872726],[-93.520783,44.872789],[-93.520783,44.873064],[-93.520778,44.873205],[-93.520776,44.873271],[-93.520776,44.873283],[-93.520776,44.87334],[-93.520775,44.873422],[-93.520773,44.87397],[-93.520773,44.874055],[-93.520768,44.874961],[-93.520768,44.874974],[-93.520767,44.875102],[-93.520767,44.87512],[-93.520765,44.875414],[-93.520761,44.876688],[-93.520761,44.876887],[-93.520758,44.877965],[-93.520755,44.879253],[-93.520754,44.880018],[-93.520753,44.880289],[-93.520752,44.880493],[-93.520748,44.881276],[-93.520739,44.88306],[-93.520738,44.883196],[-93.520738,44.883644],[-93.520738,44.883921],[-93.520735,44.884554],[-93.520731,44.885526],[-93.520729,44.885903],[-93.520726,44.886564],[-93.520726,44.88662],[-93.520726,44.88665],[-93.520725,44.8869],[-93.520723,44.887294],[-93.520722,44.88756],[-93.520722,44.887575],[-93.520718,44.888559],[-93.520717,44.888816],[-93.520714,44.889582],[-93.520712,44.890183],[-93.52071,44.890594],[-93.52071,44.890702],[-93.520709,44.890976],[-93.520708,44.891298],[-93.520707,44.891504],[-93.521126,44.891497],[-93.521699,44.891488],[-93.521714,44.891488],[-93.522936,44.891469],[-93.523026,44.891468],[-93.523061,44.891467],[-93.523356,44.891459],[-93.523715,44.891346],[-93.523855,44.891302],[-93.524293,44.891164],[-93.524503,44.891157],[-93.52475,44.891156],[-93.525014,44.891154],[-93.525687,44.89115],[-93.526866,44.891143],[-93.540193,44.891065],[-93.540234,44.891065],[-93.540313,44.891059],[-93.541534,44.890965],[-93.541783,44.890965],[-93.543738,44.890965],[-93.545544,44.890965],[-93.545693,44.890965],[-93.546091,44.890965],[-93.54649,44.890965],[-93.548032,44.890965],[-93.548734,44.890965],[-93.549176,44.890992],[-93.549203,44.890997],[-93.549856,44.891033],[-93.551764,44.891148],[-93.552129,44.89117],[-93.552354,44.891184],[-93.553531,44.891164],[-93.553694,44.891161],[-93.553918,44.891157],[-93.55554,44.89117],[-93.556247,44.891176],[-93.556825,44.89118],[-93.557429,44.891045],[-93.557787,44.890965],[-93.55782,44.890965],[-93.557958,44.890965],[-93.559335,44.890965],[-93.559417,44.890967],[-93.55945,44.890968],[-93.559596,44.890971],[-93.561049,44.891004],[-93.562741,44.891042],[-93.562913,44.891046],[-93.563389,44.891057],[-93.563735,44.891065],[-93.563757,44.891065],[-93.565426,44.891065],[-93.565448,44.891065],[-93.566228,44.891065],[-93.566659,44.891065],[-93.567166,44.891065],[-93.567443,44.891065],[-93.568405,44.891065],[-93.568691,44.891065],[-93.569297,44.891065],[-93.569771,44.891065],[-93.570244,44.891065],[-93.570565,44.891065],[-93.570671,44.891065],[-93.572501,44.891065],[-93.572523,44.891065],[-93.573435,44.891065],[-93.574635,44.891065],[-93.574782,44.891071],[-93.57494,44.891078],[-93.576172,44.891131],[-93.576384,44.89114],[-93.5765,44.891145],[-93.576525,44.891146],[-93.576551,44.891148],[-93.576599,44.89115],[-93.576815,44.891159],[-93.576935,44.891164],[-93.577326,44.891164],[-93.577396,44.891164],[-93.580335,44.891164],[-93.580705,44.891164],[-93.580871,44.891164],[-93.582025,44.891164],[-93.583434,44.891164],[-93.584134,44.891175],[-93.584248,44.891177],[-93.586112,44.891206],[-93.58654,44.891213],[-93.586553,44.891214],[-93.58692,44.89122],[-93.58916,44.891254],[-93.589644,44.891263],[-93.589757,44.891263],[-93.59042,44.891265],[-93.591077,44.891266],[-93.59126,44.891266],[-93.591391,44.891266],[-93.591691,44.891266],[-93.591919,44.891266],[-93.592147,44.891267],[-93.592279,44.891267],[-93.592523,44.891268],[-93.59255,44.891268],[-93.592855,44.891268],[-93.592949,44.891268],[-93.593151,44.891268],[-93.593524,44.891269],[-93.59494,44.891271],[-93.59534,44.891279],[-93.595447,44.891281],[-93.59898,44.891343],[-93.600036,44.891364],[-93.600636,44.891364],[-93.601123,44.891364],[-93.603236,44.891364],[-93.605379,44.891364],[-93.605737,44.891364],[-93.605928,44.891364],[-93.606709,44.891364],[-93.607076,44.891364],[-93.608071,44.891364],[-93.608178,44.891364],[-93.608291,44.891374],[-93.608384,44.891364],[-93.608495,44.891364],[-93.608534,44.891364],[-93.608563,44.891364],[-93.60897,44.891364],[-93.610937,44.891364],[-93.612737,44.891314],[-93.613696,44.89132],[-93.613731,44.89132],[-93.613859,44.891332],[-93.614688,44.891448],[-93.61477,44.891459],[-93.615003,44.891457],[-93.616021,44.891449],[-93.616038,44.891449],[-93.616062,44.891448],[-93.6161,44.891448],[-93.61711,44.89144],[-93.617135,44.89144],[-93.618217,44.891429],[-93.618263,44.891429],[-93.618411,44.891427],[-93.618689,44.891424],[-93.619111,44.89142],[-93.619477,44.891417],[-93.619681,44.891414],[-93.619966,44.89141],[-93.620019,44.891409],[-93.620096,44.891409],[-93.62037,44.891409],[-93.620412,44.891409],[-93.620552,44.891407],[-93.623328,44.891379],[-93.623349,44.891379],[-93.624569,44.891367],[-93.624955,44.891363],[-93.625101,44.891345],[-93.625192,44.891334],[-93.625424,44.891306],[-93.625449,44.891303],[-93.625948,44.891242],[-93.626463,44.891179],[-93.626838,44.891176],[-93.628237,44.891166],[-93.62827,44.891164],[-93.629537,44.891164],[-93.630173,44.891152],[-93.634784,44.891064],[-93.634897,44.891064],[-93.637241,44.891064],[-93.638849,44.891064],[-93.640457,44.891064],[-93.640897,44.891064],[-93.641338,44.891064],[-93.645038,44.891064],[-93.645318,44.89106],[-93.652493,44.890966],[-93.652527,44.890981],[-93.652838,44.890964],[-93.65296,44.890969],[-93.653424,44.890986],[-93.653469,44.890988],[-93.653511,44.890989],[-93.653675,44.890995],[-93.655276,44.891054],[-93.655538,44.891064],[-93.656188,44.891047],[-93.659306,44.891034],[-93.659925,44.891092],[-93.659985,44.891098],[-93.662309,44.891314],[-93.662385,44.891321],[-93.662409,44.891326],[-93.662573,44.891357],[-93.662683,44.891378],[-93.662988,44.891417],[-93.663257,44.891434],[-93.663293,44.891436],[-93.663598,44.89144],[-93.663626,44.89144],[-93.663987,44.89144],[-93.664376,44.891424],[-93.664469,44.891417],[-93.665634,44.891361],[-93.666028,44.891345],[-93.666141,44.891341],[-93.666331,44.891341],[-93.666524,44.891341],[-93.667527,44.891342],[-93.669108,44.891344],[-93.669351,44.891344],[-93.675774,44.891105],[-93.676072,44.8911],[-93.676125,44.891099],[-93.681348,44.890971],[-93.681746,44.890964],[-93.681832,44.890962],[-93.682391,44.890952],[-93.683723,44.890936],[-93.687055,44.890897],[-93.698032,44.891055],[-93.699337,44.891074],[-93.701722,44.890947],[-93.702188,44.890921],[-93.702676,44.89091],[-93.70269,44.890896],[-93.703457,44.890833],[-93.703685,44.89081],[-93.704137,44.890764],[-93.70469,44.890722],[-93.70544,44.890664],[-93.706079,44.890664],[-93.71114,44.890664],[-93.719941,44.890764],[-93.723641,44.890764],[-93.724459,44.890764],[-93.737374,44.890764],[-93.737513,44.890764],[-93.737651,44.890764],[-93.737753,44.890764],[-93.737854,44.890764],[-93.741942,44.890764],[-93.742542,44.890664],[-93.747366,44.890664],[-93.748342,44.890664],[-93.749334,44.890675],[-93.749367,44.890675],[-93.749389,44.890676],[-93.749407,44.890676],[-93.749468,44.890677],[-93.74949,44.890677],[-93.751395,44.890699],[-93.751634,44.890702],[-93.751738,44.890703],[-93.751761,44.890703],[-93.751777,44.890703],[-93.752125,44.890707],[-93.756945,44.890762],[-93.757793,44.890772],[-93.757869,44.890773],[-93.757884,44.890773],[-93.757915,44.890774],[-93.758017,44.890775],[-93.767042,44.890864],[-93.767042,44.896632],[-93.767042,44.896863],[-93.767042,44.897129],[-93.767042,44.897904],[-93.767042,44.904184],[-93.767042,44.905424],[-93.767042,44.906864],[-93.766997,44.912815],[-93.766962,44.91737],[-93.766961,44.917481],[-93.766961,44.917593],[-93.766951,44.918849],[-93.766943,44.919821],[-93.766944,44.919831],[-93.767073,44.921685],[-93.767079,44.92177],[-93.767556,44.928621],[-93.767588,44.929076],[-93.767613,44.92944],[-93.767778,44.933851],[-93.767779,44.933875],[-93.767789,44.934129],[-93.7678,44.934281],[-93.7678,44.934305],[-93.767786,44.93512],[-93.767786,44.935135],[-93.767785,44.935191],[-93.767757,44.936832],[-93.767739,44.937909],[-93.767723,44.938976],[-93.767723,44.938987],[-93.767686,44.941533],[-93.767673,44.943022],[-93.767667,44.943711],[-93.767667,44.943737],[-93.767661,44.944389],[-93.767655,44.945157],[-93.767651,44.945826],[-93.76765,44.945917],[-93.767637,44.948099],[-93.767634,44.948654],[-93.767633,44.948766],[-93.766533,44.95476],[-93.766542,44.955393],[-93.766543,44.955488],[-93.766543,44.956431],[-93.766543,44.957513],[-93.766543,44.957838],[-93.766543,44.958163],[-93.766509,44.958322],[-93.766509,44.958389],[-93.766478,44.963754],[-93.766474,44.964502],[-93.766473,44.964635],[-93.766473,44.964669],[-93.766473,44.964684],[-93.766472,44.964702],[-93.766472,44.964729],[-93.766472,44.964769],[-93.766418,44.974017],[-93.766418,44.974032],[-93.766417,44.974229],[-93.766443,44.974463],[-93.766443,44.974775],[-93.766443,44.975322],[-93.766443,44.977031],[-93.766445,44.977567],[-93.766445,44.977642],[-93.766447,44.977964],[-93.766448,44.978125],[-93.766685,44.978083],[-93.767368,44.977965],[-93.767365,44.978363],[-93.767363,44.978796],[-93.767359,44.979781],[-93.767357,44.980056],[-93.767289,44.982306],[-93.767285,44.982339],[-93.76723,44.982935],[-93.767235,44.984687],[-93.766961,44.992127],[-93.766949,45.006877],[-93.766937,45.016484],[-93.766936,45.016503],[-93.766936,45.016563],[-93.766936,45.016583],[-93.766935,45.016607],[-93.766935,45.01668],[-93.766935,45.016705],[-93.766895,45.02108],[-93.766874,45.02678],[-93.766869,45.028131],[-93.766869,45.028163],[-93.766868,45.028266],[-93.766868,45.028302],[-93.76686,45.028321],[-93.766864,45.028676],[-93.766866,45.028839],[-93.766863,45.028987],[-93.766864,45.029195],[-93.766864,45.029275],[-93.766863,45.029381],[-93.766864,45.029503],[-93.766856,45.030121],[-93.766858,45.030283],[-93.766861,45.030545],[-93.766852,45.031464],[-93.76685,45.033146],[-93.766851,45.034036],[-93.766847,45.035569],[-93.766853,45.035586],[-93.766848,45.037578],[-93.766848,45.037907],[-93.766848,45.039379],[-93.766848,45.039571],[-93.76685,45.042793],[-93.766843,45.04416],[-93.76684,45.044795],[-93.766838,45.04532],[-93.766839,45.045329],[-93.766834,45.046858],[-93.766829,45.04729],[-93.766828,45.047349],[-93.766815,45.050024],[-93.766814,45.053409],[-93.76681,45.05712],[-93.76682,45.057183],[-93.76681,45.057263],[-93.76681,45.057313],[-93.76672,45.06003],[-93.766716,45.060233],[-93.766285,45.059798],[-93.766129,45.059725],[-93.765915,45.059657],[-93.765619,45.059687],[-93.765526,45.059716],[-93.765449,45.059769],[-93.765254,45.059969],[-93.765113,45.060188],[-93.765021,45.060338],[-93.764987,45.060455],[-93.764904,45.060883],[-93.764889,45.061068],[-93.764908,45.061257],[-93.764923,45.061403],[-93.765025,45.061719],[-93.765162,45.062006],[-93.765334,45.062326],[-93.765519,45.062713],[-93.765631,45.063029],[-93.765711,45.063457],[-93.765774,45.063985],[-93.765765,45.064271],[-93.765762,45.064317],[-93.765753,45.064431],[-93.76575,45.064477],[-93.765746,45.064532],[-93.765737,45.064656],[-93.76569,45.065279],[-93.765634,45.066006],[-93.765545,45.066329],[-93.765324,45.066582],[-93.764987,45.066878],[-93.764823,45.066976],[-93.764578,45.067061],[-93.763525,45.06719],[-93.76349,45.067195],[-93.762213,45.067749],[-93.76152,45.068283],[-93.761176,45.068765],[-93.761279,45.069033],[-93.761418,45.069393],[-93.761998,45.06974],[-93.762319,45.069839],[-93.762785,45.069899],[-93.763265,45.069917],[-93.763635,45.069945],[-93.763832,45.069977],[-93.764056,45.070027],[-93.764216,45.070082],[-93.764449,45.070214],[-93.764577,45.070406],[-93.764641,45.070616],[-93.764618,45.070854],[-93.764582,45.070968],[-93.764508,45.071055],[-93.764335,45.071179],[-93.763567,45.071649],[-93.763494,45.071695],[-93.762575,45.072317],[-93.762207,45.072559],[-93.76171,45.072774],[-93.761115,45.072906],[-93.76059,45.072981],[-93.760159,45.072929],[-93.759713,45.072774],[-93.759427,45.072667],[-93.759249,45.072629],[-93.75901,45.07262],[-93.758809,45.072648],[-93.758687,45.072681],[-93.75848,45.07291],[-93.758373,45.073201],[-93.75841,45.073674],[-93.758532,45.073979],[-93.758705,45.074368],[-93.758982,45.074757],[-93.759329,45.074954],[-93.759793,45.075001],[-93.760191,45.074879],[-93.760262,45.074818],[-93.760346,45.074617],[-93.760384,45.074392],[-93.76043,45.074124],[-93.760566,45.073876],[-93.760754,45.073698],[-93.760946,45.073623],[-93.761129,45.073628],[-93.761368,45.073679],[-93.761499,45.073796],[-93.761579,45.073965],[-93.761579,45.07412],[-93.761574,45.07426],[-93.761518,45.074448],[-93.761405,45.074612],[-93.761255,45.074757],[-93.76111,45.07486],[-93.760623,45.075132],[-93.760238,45.075343],[-93.759999,45.075587],[-93.759891,45.075742],[-93.759807,45.076004],[-93.759784,45.076107],[-93.759807,45.076257],[-93.759863,45.076398],[-93.759952,45.076557],[-93.760023,45.076684],[-93.760074,45.076815],[-93.76007,45.077007],[-93.75998,45.077143],[-93.759882,45.077232],[-93.759765,45.077293],[-93.759413,45.077326],[-93.758963,45.077345],[-93.758701,45.077349],[-93.758551,45.077406],[-93.758499,45.077523],[-93.758527,45.07764],[-93.758626,45.077781],[-93.75872,45.077856],[-93.75909,45.078128],[-93.759423,45.078395],[-93.759629,45.078578],[-93.760215,45.079051],[-93.760529,45.079332],[-93.760871,45.079679],[-93.761129,45.079942],[-93.761359,45.080251],[-93.761499,45.080476],[-93.761598,45.08072],[-93.76172,45.080992],[-93.761766,45.081151],[-93.761782,45.081307],[-93.761876,45.081245],[-93.761619,45.08159],[-93.761499,45.081752],[-93.761283,45.081838],[-93.760553,45.082193],[-93.760021,45.082473],[-93.758661,45.082783],[-93.757955,45.082817],[-93.757628,45.082679],[-93.757404,45.082525],[-93.757249,45.082146],[-93.757077,45.081767],[-93.756939,45.081302],[-93.756823,45.080943],[-93.756583,45.080577],[-93.756371,45.080424],[-93.755983,45.08026],[-93.75563,45.080105],[-93.755294,45.079985],[-93.755079,45.079933],[-93.754838,45.079916],[-93.754724,45.079937],[-93.754509,45.079912],[-93.754235,45.079899],[-93.75398,45.079861],[-93.753684,45.079787],[-93.753245,45.079701],[-93.752913,45.079645],[-93.752802,45.079609],[-93.752576,45.079538],[-93.752475,45.079505],[-93.752255,45.079434],[-93.751643,45.079344],[-93.750245,45.079127],[-93.749711,45.079061],[-93.749448,45.079029],[-93.748605,45.079029],[-93.748312,45.079098],[-93.747904,45.079335],[-93.747485,45.079511],[-93.746848,45.079821],[-93.746162,45.080005],[-93.745764,45.080217],[-93.745488,45.080269],[-93.744748,45.080355],[-93.744024,45.080355],[-93.743714,45.080303],[-93.743248,45.080155],[-93.742991,45.080114],[-93.742745,45.08014],[-93.742236,45.080176],[-93.741839,45.080154],[-93.741438,45.080232],[-93.740864,45.080381],[-93.739707,45.080753],[-93.739247,45.080988],[-93.738621,45.081403],[-93.738315,45.081702],[-93.738183,45.081907],[-93.738019,45.082213],[-93.737914,45.082493],[-93.737834,45.082703],[-93.737748,45.082929],[-93.737658,45.083162],[-93.737502,45.083394],[-93.737226,45.083692],[-93.736746,45.084159],[-93.735389,45.085596],[-93.734784,45.086356],[-93.734164,45.087017],[-93.734023,45.087139],[-93.733929,45.087202],[-93.733859,45.087237],[-93.733712,45.087243],[-93.733567,45.087263],[-93.733379,45.087334],[-93.733232,45.087443],[-93.733173,45.087527],[-93.733067,45.087667],[-93.73294,45.087901],[-93.732439,45.088227],[-93.731987,45.088465],[-93.731482,45.088678],[-93.730727,45.088932],[-93.730064,45.089176],[-93.729719,45.089331],[-93.729401,45.089538],[-93.729198,45.089688],[-93.729078,45.089797],[-93.72892,45.090017],[-93.728815,45.090415],[-93.728746,45.090803],[-93.728703,45.091259],[-93.728703,45.091552],[-93.728755,45.092017],[-93.728815,45.092533],[-93.728841,45.092955],[-93.728884,45.093377],[-93.728962,45.093704],[-93.729051,45.094003],[-93.729096,45.094255],[-93.729101,45.094331],[-93.729264,45.09479],[-93.729473,45.095287],[-93.729606,45.095731],[-93.729774,45.096506],[-93.729805,45.096778],[-93.7298,45.097038],[-93.729648,45.097332],[-93.729595,45.097442],[-93.729577,45.097479],[-93.729475,45.097702],[-93.729377,45.097906],[-93.729211,45.098059],[-93.729028,45.098178],[-93.728832,45.098246],[-93.728583,45.098233],[-93.728284,45.098229],[-93.728079,45.098172],[-93.727696,45.098112],[-93.727394,45.09813],[-93.727144,45.098249],[-93.726809,45.098453],[-93.726723,45.098577],[-93.726627,45.098739],[-93.726523,45.098986],[-93.726456,45.099206],[-93.72643,45.099326],[-93.726422,45.099576],[-93.726406,45.099868],[-93.726396,45.100127],[-93.726363,45.100375],[-93.72637,45.100756],[-93.726353,45.101057],[-93.726318,45.101306],[-93.726112,45.102331],[-93.725948,45.103097],[-93.725819,45.103631],[-93.725636,45.104089],[-93.725371,45.104664],[-93.725208,45.104974],[-93.725104,45.105284],[-93.724948,45.105589],[-93.724579,45.106481],[-93.724175,45.107488],[-93.724099,45.107705],[-93.724011,45.107962],[-93.723723,45.108632],[-93.723192,45.10941],[-93.722932,45.109717],[-93.722696,45.110068],[-93.722522,45.110338],[-93.722367,45.1107],[-93.722134,45.111354],[-93.722027,45.111635],[-93.721852,45.111921],[-93.721748,45.112087],[-93.721617,45.11237],[-93.721216,45.113056],[-93.721092,45.113421],[-93.72092,45.113817],[-93.7208,45.114118],[-93.720619,45.114445],[-93.720378,45.114764],[-93.720076,45.115091],[-93.719327,45.115754],[-93.718337,45.116641],[-93.71705,45.117731],[-93.716073,45.118784],[-93.715382,45.119542],[-93.715186,45.119766],[-93.714454,45.12073],[-93.714058,45.121109],[-93.713662,45.121479],[-93.712502,45.122729],[-93.712277,45.122971],[-93.712069,45.123155],[-93.711752,45.123341],[-93.710804,45.123873],[-93.710201,45.124219],[-93.709771,45.124442],[-93.709337,45.124649],[-93.708884,45.124915],[-93.708595,45.125063],[-93.707897,45.125577],[-93.707779,45.125689],[-93.707758,45.125707],[-93.707443,45.126002],[-93.707368,45.126118],[-93.707266,45.126279],[-93.707248,45.126306],[-93.707229,45.126337],[-93.707215,45.126397],[-93.707209,45.12643],[-93.707168,45.12662],[-93.707145,45.126652],[-93.706985,45.126887],[-93.706772,45.127123],[-93.706722,45.12721],[-93.706606,45.127414],[-93.706365,45.127847],[-93.706117,45.12831],[-93.705879,45.128677],[-93.70569,45.129041],[-93.705488,45.129331],[-93.705192,45.129686],[-93.704843,45.130036],[-93.704392,45.130419],[-93.703842,45.130739],[-93.70327,45.130984],[-93.702995,45.131053],[-93.702771,45.131191],[-93.702581,45.131355],[-93.702349,45.131725],[-93.702185,45.132026],[-93.701873,45.132869],[-93.701843,45.133005],[-93.701735,45.133348],[-93.701614,45.133738],[-93.701496,45.134175],[-93.701391,45.134562],[-93.701385,45.134585],[-93.701263,45.135157],[-93.701156,45.135676],[-93.701135,45.135737],[-93.70105,45.135988],[-93.700964,45.136094],[-93.700924,45.136142],[-93.700864,45.136216],[-93.700804,45.136289],[-93.700765,45.136338],[-93.700744,45.136364],[-93.700475,45.136585],[-93.700302,45.136729],[-93.700012,45.136904],[-93.6996,45.137133],[-93.699506,45.137191],[-93.699183,45.137393],[-93.698896,45.137599],[-93.698699,45.137741],[-93.698641,45.137783],[-93.698243,45.138118],[-93.697816,45.138622],[-93.697433,45.13901],[-93.696853,45.139437],[-93.696797,45.13948],[-93.696683,45.139567],[-93.696487,45.139719],[-93.696356,45.139844],[-93.696254,45.139944],[-93.695968,45.140223],[-93.695404,45.140719],[-93.694931,45.14107],[-93.694741,45.141191],[-93.694504,45.141344],[-93.693848,45.141596],[-93.693207,45.141855],[-93.692535,45.142138],[-93.691744,45.142464],[-93.690915,45.142823],[-93.690097,45.143107],[-93.689452,45.143382],[-93.689133,45.143589],[-93.688625,45.144011],[-93.687808,45.14476],[-93.687698,45.144846],[-93.687456,45.145078],[-93.687301,45.145228],[-93.686935,45.145693],[-93.686629,45.146166],[-93.686602,45.146209],[-93.686558,45.146282],[-93.686485,45.146444],[-93.686391,45.146634],[-93.68634,45.146731],[-93.686198,45.146939],[-93.686044,45.147164],[-93.685974,45.14731],[-93.68576,45.147761],[-93.685638,45.148028],[-93.685426,45.148402],[-93.685374,45.148468],[-93.685181,45.148722],[-93.685115,45.148818],[-93.684936,45.149081],[-93.684631,45.149386],[-93.684504,45.149529],[-93.684356,45.149698],[-93.68405,45.149996],[-93.683684,45.150271],[-93.683364,45.150446],[-93.683013,45.150637],[-93.682402,45.150927],[-93.682151,45.151036],[-93.681929,45.151133],[-93.681312,45.151251],[-93.681243,45.151264],[-93.681093,45.151229],[-93.680678,45.151133],[-93.680645,45.151118],[-93.680504,45.151058],[-93.680444,45.151032],[-93.680342,45.150988],[-93.680268,45.150952],[-93.68021,45.150924],[-93.679473,45.15064],[-93.679042,45.150554],[-93.678715,45.15052],[-93.678319,45.150529],[-93.677983,45.150589],[-93.677346,45.15077],[-93.676269,45.151045],[-93.675916,45.151135],[-93.674832,45.151501],[-93.673177,45.152064],[-93.672961,45.152128],[-93.672744,45.152193],[-93.672343,45.152364],[-93.672332,45.152371],[-93.672155,45.15251],[-93.672011,45.152621],[-93.671737,45.152796],[-93.671686,45.152837],[-93.671401,45.153071],[-93.67105,45.15333],[-93.670638,45.153551],[-93.670241,45.153749],[-93.670226,45.153757],[-93.66986,45.153925],[-93.669713,45.153966],[-93.669448,45.15404],[-93.669112,45.154093],[-93.668502,45.154215],[-93.667861,45.154337],[-93.66732,45.154425],[-93.667205,45.154444],[-93.66664,45.154497],[-93.666366,45.154479],[-93.666225,45.154471],[-93.666077,45.154461],[-93.665948,45.154457],[-93.665935,45.154457],[-93.66577,45.154452],[-93.665267,45.154284],[-93.665145,45.154233],[-93.665131,45.154227],[-93.664794,45.154085],[-93.664473,45.153925],[-93.664168,45.153757],[-93.663817,45.153574],[-93.663222,45.153406],[-93.66278,45.153315],[-93.662435,45.153295],[-93.662246,45.153284],[-93.662043,45.153264],[-93.661547,45.153275],[-93.661134,45.153327],[-93.660437,45.153551],[-93.660066,45.153714],[-93.659524,45.153981],[-93.658723,45.154403],[-93.657945,45.154931],[-93.657423,45.155222],[-93.656933,45.155438],[-93.656528,45.155574],[-93.656183,45.155694],[-93.655822,45.155798],[-93.655245,45.155944],[-93.654418,45.156125],[-93.653525,45.156302],[-93.653379,45.156313],[-93.652784,45.15642],[-93.652159,45.156594],[-93.652031,45.156649],[-93.651647,45.156812],[-93.651519,45.156866],[-93.651466,45.156889],[-93.651307,45.156958],[-93.651255,45.156981],[-93.651207,45.156999],[-93.651066,45.157056],[-93.651019,45.157076],[-93.650831,45.157152],[-93.650455,45.157304],[-93.65019,45.157412],[-93.64961,45.157664],[-93.648924,45.157992],[-93.648794,45.158053],[-93.648313,45.158282],[-93.64824,45.158298],[-93.648145,45.15832],[-93.648099,45.158352],[-93.648039,45.158396],[-93.647749,45.15861],[-93.647731,45.158625],[-93.647616,45.158726],[-93.647444,45.158877],[-93.647338,45.158976],[-93.646986,45.159312],[-93.64662,45.159685],[-93.646546,45.159769],[-93.646302,45.160052],[-93.646269,45.16009],[-93.646124,45.160303],[-93.645948,45.160563],[-93.64558,45.161049],[-93.645551,45.161089],[-93.645389,45.16129],[-93.64517,45.161562],[-93.644804,45.161951],[-93.644682,45.162043],[-93.644254,45.162371],[-93.643736,45.162714],[-93.643156,45.16305],[-93.64253,45.163302],[-93.64196,45.163498],[-93.641889,45.163523],[-93.641111,45.163752],[-93.640974,45.16381],[-93.640624,45.163958],[-93.640516,45.164004],[-93.640211,45.164232],[-93.639921,45.164484],[-93.63972,45.164646],[-93.639478,45.164843],[-93.639427,45.164887],[-93.639268,45.165025],[-93.639051,45.165217],[-93.638802,45.165451],[-93.63865,45.165596],[-93.638624,45.165621],[-93.638526,45.16577],[-93.638426,45.165926],[-93.638304,45.166209],[-93.638304,45.166359],[-93.638304,45.166399],[-93.638304,45.166574],[-93.638304,45.166598],[-93.638316,45.166705],[-93.63832,45.166738],[-93.638334,45.166857],[-93.63838,45.167246],[-93.638389,45.167467],[-93.638395,45.167605],[-93.638487,45.167948],[-93.638624,45.168276],[-93.638777,45.168612],[-93.638944,45.168848],[-93.639097,45.169237],[-93.639111,45.16951],[-93.639112,45.16952],[-93.639082,45.169939],[-93.63906,45.170242],[-93.639051,45.170374],[-93.63899,45.170824],[-93.638883,45.171458],[-93.638761,45.171999],[-93.638593,45.172587],[-93.638548,45.172854],[-93.638549,45.172884],[-93.638532,45.173205],[-93.638517,45.173693],[-93.63856,45.173863],[-93.638609,45.174059],[-93.638655,45.174162],[-93.638666,45.174186],[-93.638716,45.174295],[-93.638747,45.174364],[-93.638907,45.174646],[-93.639033,45.174868],[-93.639429,45.17535],[-93.6401,45.17585],[-93.641048,45.176487],[-93.642871,45.177727],[-93.643064,45.177866],[-93.643446,45.178149],[-93.643828,45.178467],[-93.643949,45.178568],[-93.64405,45.178635],[-93.644499,45.178934],[-93.644764,45.179072],[-93.64488,45.179133],[-93.645022,45.17918],[-93.645292,45.17927],[-93.645422,45.179304],[-93.645994,45.179453],[-93.646467,45.179545],[-93.646646,45.179591],[-93.647053,45.179697],[-93.647199,45.179735],[-93.647596,45.179919],[-93.648054,45.180178],[-93.64842,45.180399],[-93.648725,45.180659],[-93.649168,45.180994],[-93.649488,45.181238],[-93.649915,45.181498],[-93.650084,45.181616],[-93.650266,45.181742],[-93.650694,45.182055],[-93.650927,45.182255],[-93.651314,45.182529],[-93.651592,45.182821],[-93.65187,45.183232],[-93.651976,45.183537],[-93.652043,45.184001],[-93.652188,45.184544],[-93.652294,45.184796],[-93.652533,45.185127],[-93.652838,45.185485],[-93.653294,45.185974],[-93.654205,45.186716],[-93.656191,45.188096],[-93.656672,45.188459],[-93.657013,45.188838],[-93.657364,45.189225],[-93.657702,45.189819],[-93.65824,45.190878],[-93.658304,45.191008],[-93.658538,45.191492],[-93.658797,45.192385],[-93.658873,45.192904],[-93.658919,45.193552],[-93.658917,45.193562],[-93.658885,45.193734],[-93.658829,45.194027],[-93.658812,45.194117],[-93.65878,45.194199],[-93.65875,45.194276],[-93.65869,45.194433],[-93.658599,45.194666],[-93.658387,45.194968],[-93.658263,45.195147],[-93.65824,45.195186],[-93.658143,45.195354],[-93.658121,45.195418],[-93.658019,45.195727],[-93.657866,45.19616],[-93.65772,45.196377],[-93.657411,45.197083],[-93.657278,45.197308],[-93.657119,45.197533],[-93.656801,45.197799],[-93.656562,45.197997],[-93.656205,45.198143],[-93.655979,45.198236],[-93.655459,45.198355],[-93.655309,45.198398],[-93.655181,45.198435],[-93.654677,45.198603],[-93.654006,45.198748],[-93.653304,45.198824],[-93.652785,45.198862],[-93.65216,45.1989],[-93.65158,45.198885],[-93.650893,45.198817],[-93.650389,45.198809],[-93.649904,45.198831],[-93.649749,45.198839],[-93.649291,45.198878],[-93.648848,45.19897],[-93.648421,45.199085],[-93.648121,45.199166],[-93.647223,45.1996],[-93.646986,45.199733],[-93.646646,45.199992],[-93.646419,45.200192],[-93.646108,45.200497],[-93.645716,45.20105],[-93.645612,45.201221],[-93.645565,45.201377],[-93.645536,45.201473],[-93.645539,45.201495],[-93.645567,45.201679],[-93.645667,45.201833],[-93.645765,45.201984],[-93.645819,45.202101],[-93.645851,45.202167],[-93.645979,45.202441],[-93.646078,45.202888],[-93.646025,45.203326],[-93.645919,45.203498],[-93.645734,45.203737],[-93.645468,45.203909],[-93.645137,45.204015],[-93.644594,45.204134],[-93.644024,45.20428],[-93.643331,45.204434],[-93.642913,45.204791],[-93.642623,45.205203],[-93.642348,45.205682],[-93.642226,45.20618],[-93.64218,45.206677],[-93.642134,45.207081],[-93.641951,45.207386],[-93.641631,45.20773],[-93.641097,45.208279],[-93.640457,45.208866],[-93.639953,45.209301],[-93.639313,45.209668],[-93.638397,45.20998],[-93.637741,45.21011],[-93.637131,45.210156],[-93.636551,45.210133],[-93.636093,45.210049],[-93.635838,45.20996],[-93.635284,45.209767],[-93.634933,45.209561],[-93.634769,45.209403],[-93.634589,45.209216],[-93.634573,45.209198],[-93.634427,45.208929],[-93.634146,45.208424],[-93.634001,45.207852],[-93.633943,45.20744],[-93.633744,45.206784],[-93.6335,45.206251],[-93.633286,45.205556],[-93.633245,45.205267],[-93.633119,45.204816],[-93.632829,45.204336],[-93.632341,45.203733],[-93.631762,45.203306],[-93.630922,45.202871],[-93.630735,45.202804],[-93.630403,45.202688],[-93.629863,45.202532],[-93.628489,45.202407],[-93.627855,45.202436],[-93.626955,45.202466],[-93.625879,45.202561],[-93.624753,45.202818],[-93.624242,45.203034],[-93.623744,45.203485],[-93.623386,45.203935],[-93.623201,45.204373],[-93.623125,45.204598],[-93.623137,45.204898],[-93.623201,45.205145],[-93.623351,45.205344],[-93.623446,45.205495],[-93.624148,45.206043],[-93.624659,45.206362],[-93.625918,45.207428],[-93.62621,45.207799],[-93.626276,45.208038],[-93.626302,45.20829],[-93.626301,45.208595],[-93.626271,45.20872],[-93.625913,45.209231],[-93.625682,45.209333],[-93.625507,45.20941],[-93.625047,45.209649],[-93.624459,45.209693],[-93.623927,45.20963],[-93.623042,45.209615],[-93.622453,45.209544],[-93.622342,45.209543],[-93.621808,45.20946],[-93.621213,45.209376],[-93.620907,45.209291],[-93.620801,45.20926],[-93.620328,45.20913],[-93.6199,45.209062],[-93.619458,45.209024],[-93.619137,45.209031],[-93.618771,45.209008],[-93.61839,45.209016],[-93.618024,45.209061],[-93.617912,45.209089],[-93.617896,45.209093],[-93.617581,45.209175],[-93.617184,45.209267],[-93.616771,45.209389],[-93.61639,45.209549],[-93.616238,45.209616],[-93.616218,45.209625],[-93.615586,45.210032],[-93.615288,45.210231],[-93.615062,45.210423],[-93.61489,45.210609],[-93.614695,45.210814],[-93.614685,45.210827],[-93.614656,45.210867],[-93.614647,45.21088],[-93.614573,45.210987],[-93.614326,45.211171],[-93.61404,45.21128],[-93.613781,45.211376],[-93.6134,45.211455],[-93.613375,45.211456],[-93.612869,45.211544],[-93.612657,45.21155],[-93.612524,45.21151],[-93.612345,45.211444],[-93.612186,45.211325],[-93.612079,45.211138],[-93.612056,45.211111],[-93.611965,45.210928],[-93.611904,45.210653],[-93.611919,45.210417],[-93.612072,45.210111],[-93.612346,45.209714],[-93.612475,45.209429],[-93.612484,45.209409],[-93.612575,45.209126],[-93.612575,45.20902],[-93.612545,45.20889],[-93.612462,45.208716],[-93.612423,45.208631],[-93.61225,45.208383],[-93.612232,45.208357],[-93.612043,45.208141],[-93.611813,45.208026],[-93.61167,45.208007],[-93.611626,45.208001],[-93.611583,45.207995],[-93.611437,45.207986],[-93.61141,45.207985],[-93.611355,45.207983],[-93.611244,45.20801],[-93.61119,45.208023],[-93.61104,45.20806],[-93.610938,45.208104],[-93.610923,45.20811],[-93.6109,45.208119],[-93.610881,45.208128],[-93.610848,45.208167],[-93.610832,45.208185],[-93.610655,45.208329],[-93.610503,45.208548],[-93.610457,45.208647],[-93.610408,45.208784],[-93.610377,45.208932],[-93.610337,45.209072],[-93.610276,45.209165],[-93.610239,45.209195],[-93.610142,45.20924],[-93.609969,45.209322],[-93.609801,45.209414],[-93.609732,45.209453],[-93.609637,45.209509],[-93.609599,45.209532],[-93.609538,45.209568],[-93.609402,45.209636],[-93.609142,45.209814],[-93.608959,45.209983],[-93.60876,45.210189],[-93.608621,45.210417],[-93.608501,45.210662],[-93.608402,45.210894],[-93.608296,45.211172],[-93.608182,45.211474],[-93.608135,45.211669],[-93.608074,45.211806],[-93.608013,45.211944],[-93.607891,45.212073],[-93.60784,45.212161],[-93.607509,45.212241],[-93.607311,45.212272],[-93.607036,45.212318],[-93.606746,45.212288],[-93.606559,45.212244],[-93.606426,45.212212],[-93.60606,45.212158],[-93.605726,45.212138],[-93.60563,45.212136],[-93.605488,45.212131],[-93.605418,45.212131],[-93.605275,45.212152],[-93.60522,45.212161],[-93.605036,45.212231],[-93.604916,45.212405],[-93.604903,45.212475],[-93.604871,45.212639],[-93.604855,45.212784],[-93.604779,45.21286],[-93.604672,45.212921],[-93.604505,45.21296],[-93.604359,45.212982],[-93.60422,45.212929],[-93.604074,45.212829],[-93.603927,45.212657],[-93.603785,45.212465],[-93.603226,45.211544],[-93.602984,45.211176],[-93.602736,45.21096],[-93.602544,45.210801],[-93.602237,45.210551],[-93.60207,45.210349],[-93.601921,45.210178],[-93.601865,45.210038],[-93.60183,45.209883],[-93.601795,45.209451],[-93.601804,45.209238],[-93.601873,45.208775],[-93.60188,45.208727],[-93.601892,45.2087],[-93.601971,45.208445],[-93.602002,45.208216],[-93.601962,45.208082],[-93.601682,45.207899],[-93.601507,45.207815],[-93.60132,45.207753],[-93.601139,45.207726],[-93.600624,45.207634],[-93.599573,45.207513],[-93.599104,45.207435],[-93.598759,45.207388],[-93.597865,45.207309],[-93.597613,45.207309],[-93.597381,45.207315],[-93.596998,45.20737],[-93.59694,45.207365],[-93.596767,45.207446],[-93.596751,45.207451],[-93.596401,45.207576],[-93.596157,45.207752],[-93.596078,45.207846],[-93.595974,45.207973],[-93.595907,45.208049],[-93.595876,45.208084],[-93.595821,45.208148],[-93.595776,45.208179],[-93.595739,45.208207],[-93.595525,45.208402],[-93.595287,45.208528],[-93.595035,45.208647],[-93.59467,45.20878],[-93.594402,45.208859],[-93.594173,45.208965],[-93.594068,45.209014],[-93.593914,45.209087],[-93.593563,45.209346],[-93.593319,45.209651],[-93.593252,45.209732],[-93.593022,45.210019],[-93.592968,45.210086],[-93.592927,45.210155],[-93.592724,45.210506],[-93.592695,45.210594],[-93.592647,45.210742],[-93.592645,45.210753],[-93.592631,45.210833],[-93.59261,45.210955],[-93.592589,45.211075],[-93.592576,45.211156],[-93.592571,45.211185],[-93.592558,45.211277],[-93.592525,45.211513],[-93.592532,45.211642],[-93.59254,45.211765],[-93.592517,45.211908],[-93.59251,45.211951],[-93.592464,45.212262],[-93.592496,45.212477],[-93.592525,45.212566],[-93.59253,45.212576],[-93.592617,45.212764],[-93.592678,45.212871],[-93.592733,45.212906],[-93.592809,45.212951],[-93.592936,45.21303],[-93.59318,45.213145],[-93.593424,45.213305],[-93.593608,45.213457],[-93.593625,45.213474],[-93.593849,45.213717],[-93.593994,45.213982],[-93.5941,45.214208],[-93.59424,45.214466],[-93.594312,45.214678],[-93.594326,45.214877],[-93.594299,45.215049],[-93.594233,45.215288],[-93.594127,45.215593],[-93.593974,45.215904],[-93.593848,45.216147],[-93.593806,45.216333],[-93.59384,45.216465],[-93.593799,45.216548],[-93.593761,45.216625],[-93.593753,45.216637],[-93.593739,45.216665],[-93.59384,45.216865],[-93.59385,45.216911],[-93.593959,45.217398],[-93.593974,45.217464],[-93.59394,45.217565],[-93.593257,45.217915],[-93.592689,45.218283],[-93.592397,45.218403],[-93.59192,45.218482],[-93.591522,45.218509],[-93.591165,45.218575],[-93.59082,45.218522],[-93.590634,45.218363],[-93.590502,45.218177],[-93.590502,45.218005],[-93.590515,45.217713],[-93.590489,45.217276],[-93.590462,45.217038],[-93.590383,45.21664],[-93.59022,45.216224],[-93.590064,45.216057],[-93.589958,45.215898],[-93.589852,45.215659],[-93.589891,45.215446],[-93.589624,45.215039],[-93.589551,45.214924],[-93.589477,45.214807],[-93.588634,45.214707],[-93.587505,45.214644],[-93.586897,45.214678],[-93.586403,45.214814],[-93.585926,45.214968],[-93.584855,45.215447],[-93.5841,45.215871],[-93.583715,45.216149],[-93.583318,45.216362],[-93.582655,45.216574],[-93.582218,45.216666],[-93.581555,45.216825],[-93.580959,45.216931],[-93.579939,45.21711],[-93.579154,45.217454],[-93.578733,45.217627],[-93.577969,45.217902],[-93.577527,45.218062],[-93.576972,45.218228],[-93.576342,45.218394],[-93.576015,45.218456],[-93.575471,45.218575],[-93.57449,45.218602],[-93.573642,45.218602],[-93.571839,45.218436],[-93.569973,45.218524],[-93.569493,45.218737],[-93.568922,45.219077],[-93.568095,45.219786],[-93.567753,45.220144],[-93.56741,45.220435],[-93.566878,45.220944],[-93.566602,45.221209],[-93.566227,45.221382],[-93.56474,45.222071],[-93.564061,45.222387],[-93.56334,45.222721],[-93.56272,45.223008],[-93.561525,45.224585],[-93.561348,45.225209],[-93.5612,45.226323],[-93.561111,45.226996],[-93.560579,45.227307],[-93.560166,45.227087],[-93.559749,45.226865],[-93.559584,45.226705],[-93.55927,45.2262],[-93.558999,45.22587],[-93.558609,45.225503],[-93.558337,45.225326],[-93.557912,45.225066],[-93.557628,45.224972],[-93.55731,45.22496],[-93.557061,45.224972],[-93.556683,45.225232],[-93.55617,45.225728],[-93.555951,45.225999],[-93.55575,45.226271],[-93.55549,45.226507],[-93.555089,45.226756],[-93.554522,45.226921],[-93.553884,45.226992],[-93.553683,45.227015],[-93.553449,45.227006],[-93.553242,45.226998],[-93.553167,45.226996],[-93.553152,45.226995],[-93.553093,45.227008],[-93.553028,45.227022],[-93.552993,45.22703],[-93.55298,45.227033],[-93.552877,45.227056],[-93.552707,45.227037],[-93.552682,45.227033],[-93.552314,45.226977],[-93.552057,45.226955],[-93.551973,45.226936],[-93.551813,45.226901],[-93.55159,45.226859],[-93.551324,45.22681],[-93.550149,45.226634],[-93.549799,45.226573],[-93.549411,45.22654],[-93.549341,45.226535],[-93.549183,45.226522],[-93.548959,45.226505],[-93.548706,45.226468],[-93.548682,45.226464],[-93.548637,45.226457],[-93.548581,45.226474],[-93.548553,45.226483],[-93.548303,45.226558],[-93.547967,45.22665],[-93.5478,45.226711],[-93.547525,45.226917],[-93.547327,45.227123],[-93.547098,45.227351],[-93.54693,45.227611],[-93.546564,45.227954],[-93.546475,45.228029],[-93.54609,45.228468],[-93.54578,45.228821],[-93.545338,45.229496],[-93.5453,45.229572],[-93.545282,45.22961],[-93.545163,45.229787],[-93.545129,45.229839],[-93.545115,45.229857],[-93.545062,45.229922],[-93.544977,45.230029],[-93.544884,45.230099],[-93.544817,45.23015],[-93.544794,45.230167],[-93.544707,45.230219],[-93.544519,45.230335],[-93.544388,45.230441],[-93.544288,45.230523],[-93.544229,45.230571],[-93.544,45.230808],[-93.543832,45.231075],[-93.543741,45.23125],[-93.543619,45.231548],[-93.543565,45.23172],[-93.543466,45.232035],[-93.543274,45.232188],[-93.543178,45.232267],[-93.54308,45.232345],[-93.542917,45.232478],[-93.54286,45.232478],[-93.542638,45.232592],[-93.542356,45.232597],[-93.542068,45.232514],[-93.541732,45.232341],[-93.541526,45.232227],[-93.541377,45.232117],[-93.541271,45.232023],[-93.541197,45.231847],[-93.541126,45.231646],[-93.540944,45.231491],[-93.540594,45.231233],[-93.540263,45.231091],[-93.540063,45.231044],[-93.539696,45.230985],[-93.539415,45.230974],[-93.538455,45.23112],[-93.537394,45.23131],[-93.536755,45.231381],[-93.536116,45.231393],[-93.535572,45.231387],[-93.535125,45.231256],[-93.534664,45.231115],[-93.534357,45.230937],[-93.534192,45.230748],[-93.534109,45.230607],[-93.534073,45.230441],[-93.534085,45.230335],[-93.534097,45.230075],[-93.534097,45.229874],[-93.534189,45.229361],[-93.534235,45.229198],[-93.534243,45.229151],[-93.534296,45.228877],[-93.534296,45.228595],[-93.534266,45.22851],[-93.534195,45.228306],[-93.534189,45.22829],[-93.534036,45.227969],[-93.534013,45.22793],[-93.533838,45.227626],[-93.533639,45.22726],[-93.533533,45.227031],[-93.5335,45.226801],[-93.533472,45.226596],[-93.533508,45.226389],[-93.533533,45.226245],[-93.533512,45.226063],[-93.533502,45.225971],[-93.53347,45.225863],[-93.533395,45.225604],[-93.533105,45.2252],[-93.533095,45.225187],[-93.532901,45.224922],[-93.532819,45.22481],[-93.532724,45.224681],[-93.532595,45.224463],[-93.532525,45.224345],[-93.532411,45.224151],[-93.532404,45.224139],[-93.532158,45.223789],[-93.531999,45.223618],[-93.531847,45.223453],[-93.531579,45.223163],[-93.531476,45.223058],[-93.531426,45.22301],[-93.531368,45.222939],[-93.53129,45.222843],[-93.531,45.222667],[-93.530679,45.22253],[-93.530538,45.222465],[-93.530313,45.2224],[-93.529901,45.222308],[-93.529474,45.222286],[-93.529421,45.222289],[-93.529077,45.222316],[-93.528735,45.222415],[-93.52868,45.222431],[-93.528238,45.222614],[-93.52778,45.222888],[-93.527277,45.223216],[-93.526849,45.223598],[-93.526437,45.22401],[-93.526095,45.224358],[-93.52604,45.224414],[-93.525638,45.224965],[-93.52546,45.22549],[-93.525307,45.225925],[-93.525246,45.226222],[-93.525277,45.226497],[-93.525369,45.226772],[-93.525567,45.2271],[-93.525641,45.227262],[-93.525685,45.227356],[-93.525735,45.227466],[-93.526056,45.227947],[-93.5263,45.228236],[-93.526453,45.228427],[-93.526535,45.22857],[-93.52659,45.228664],[-93.526637,45.228965],[-93.526587,45.229068],[-93.526528,45.22919],[-93.526375,45.229526],[-93.526177,45.229808],[-93.525826,45.230197],[-93.525445,45.230541],[-93.524956,45.230922],[-93.524807,45.231017],[-93.52456,45.231174],[-93.523946,45.231434],[-93.523366,45.23165],[-93.52284,45.231908],[-93.522439,45.232154],[-93.522195,45.232254],[-93.522124,45.23228],[-93.522042,45.232311],[-93.521791,45.232476],[-93.521703,45.232604],[-93.521546,45.232884],[-93.521505,45.232954],[-93.521462,45.233031],[-93.521401,45.23312],[-93.52138,45.233224],[-93.52134,45.233433],[-93.521355,45.233776],[-93.52138,45.23386],[-93.521442,45.234066],[-93.521447,45.234082],[-93.521453,45.234271],[-93.521462,45.234501],[-93.521477,45.234799],[-93.521473,45.234889],[-93.521465,45.235096],[-93.521427,45.235278],[-93.52137,45.235562],[-93.52137,45.235775],[-93.52137,45.23583],[-93.52137,45.236016],[-93.52137,45.236051],[-93.52137,45.236081],[-93.521343,45.236155],[-93.521331,45.236189],[-93.521279,45.236332],[-93.521261,45.236376],[-93.521142,45.236676],[-93.520998,45.236915],[-93.520895,45.237087],[-93.52071,45.237338],[-93.520624,45.237455],[-93.520539,45.23765],[-93.520302,45.23791],[-93.520152,45.238046],[-93.520133,45.238062],[-93.519897,45.238266],[-93.519644,45.238333],[-93.519317,45.238481],[-93.518756,45.238488],[-93.518612,45.23848],[-93.518344,45.238471],[-93.517916,45.238477],[-93.517705,45.2385],[-93.517347,45.238504],[-93.51723,45.238506],[-93.517018,45.238472],[-93.516841,45.238454],[-93.516677,45.238445],[-93.516419,45.23844],[-93.516125,45.238453],[-93.515967,45.23847],[-93.515786,45.238522],[-93.515767,45.238529],[-93.515337,45.238666],[-93.515099,45.238827],[-93.514901,45.23914],[-93.514747,45.239495],[-93.514672,45.239926],[-93.514837,45.240366],[-93.515221,45.240765],[-93.51597,45.241471],[-93.516427,45.241734],[-93.516847,45.241897],[-93.517289,45.242098],[-93.517577,45.242176],[-93.518134,45.242222],[-93.518544,45.242241],[-93.519356,45.242268],[-93.519692,45.24226],[-93.51995,45.24228],[-93.519982,45.242283],[-93.520028,45.242308],[-93.520137,45.242366],[-93.520317,45.242359],[-93.520576,45.242443],[-93.52079,45.24255],[-93.52117,45.242733],[-93.521445,45.242955],[-93.521704,45.243199],[-93.521872,45.243382],[-93.522085,45.243672],[-93.522268,45.243939],[-93.52239,45.244152],[-93.522421,45.244305],[-93.522432,45.244372],[-93.52239,45.244655],[-93.5223,45.245036],[-93.522256,45.245168],[-93.522215,45.245296],[-93.522179,45.245404],[-93.522072,45.245686],[-93.521947,45.245835],[-93.521936,45.245848],[-93.521898,45.245958],[-93.521844,45.246108],[-93.52179,45.246252],[-93.521767,45.246313],[-93.521732,45.246409],[-93.521699,45.246496],[-93.521677,45.246558],[-93.521672,45.24657],[-93.521659,45.246606],[-93.521655,45.246619],[-93.52163,45.246611],[-93.521593,45.246615],[-93.521507,45.246599],[-93.521421,45.246582],[-93.521335,45.246566],[-93.521082,45.246528],[-93.520805,45.246487],[-93.520072,45.246426],[-93.519246,45.246403],[-93.518422,45.246413],[-93.517726,45.246418],[-93.516552,45.246377],[-93.51592,45.246359],[-93.515344,45.246321],[-93.514034,45.246146],[-93.513345,45.245991],[-93.513136,45.245968],[-93.51261,45.245818],[-93.512297,45.245718],[-93.512192,45.245684],[-93.511749,45.245544],[-93.51109,45.245321],[-93.510492,45.245122],[-93.510426,45.245099],[-93.509526,45.244793],[-93.508544,45.244432],[-93.507968,45.244204],[-93.507945,45.244195],[-93.507793,45.244149],[-93.507409,45.244003],[-93.506733,45.243766],[-93.506258,45.243604],[-93.505291,45.243237],[-93.504662,45.242962],[-93.503957,45.242709],[-93.50322,45.242402],[-93.502683,45.242225],[-93.502485,45.242115],[-93.502239,45.24198],[-93.501794,45.241727],[-93.5016,45.241595],[-93.501439,45.241486],[-93.501365,45.241436],[-93.500999,45.241154],[-93.500587,45.240841],[-93.500358,45.240658],[-93.500236,45.240566],[-93.4999,45.239697],[-93.499061,45.238629],[-93.498573,45.237797],[-93.498374,45.237225],[-93.498161,45.236622],[-93.497886,45.235836],[-93.497536,45.235266],[-93.497306,45.234875],[-93.497083,45.234545],[-93.496894,45.234265],[-93.496253,45.23367],[-93.495832,45.233249],[-93.495704,45.23312],[-93.495109,45.232533],[-93.494392,45.231922],[-93.4934,45.23106],[-93.492317,45.230145],[-93.491279,45.22942],[-93.490394,45.228772],[-93.489636,45.228466],[-93.489285,45.228184],[-93.489219,45.228131],[-93.488268,45.22742],[-93.487525,45.226986],[-93.487197,45.226789],[-93.487007,45.226675],[-93.486643,45.226415],[-93.486538,45.22634],[-93.485877,45.225949],[-93.485471,45.225679],[-93.484824,45.225476],[-93.484214,45.225262],[-93.483617,45.225178],[-93.482741,45.22508],[-93.482563,45.225075],[-93.482235,45.225065],[-93.481742,45.224972],[-93.481406,45.224979],[-93.481071,45.224986],[-93.480628,45.224995],[-93.478445,45.225018],[-93.477691,45.225068],[-93.477333,45.225092],[-93.477072,45.225109],[-93.47608,45.225232],[-93.475012,45.225399],[-93.474081,45.225582],[-93.47341,45.225674],[-93.472006,45.225827],[-93.470282,45.225943],[-93.468924,45.225888],[-93.467642,45.225788],[-93.466528,45.225483],[-93.465949,45.225376],[-93.465535,45.225166],[-93.464407,45.224621],[-93.463355,45.223881],[-93.462683,45.223248],[-93.462241,45.222866],[-93.461676,45.222424],[-93.461173,45.222081],[-93.460608,45.221676],[-93.460074,45.221363],[-93.459387,45.221028],[-93.458746,45.220669],[-93.458167,45.220387],[-93.457632,45.220196],[-93.457108,45.220086],[-93.456535,45.219966],[-93.453345,45.219708],[-93.452215,45.219609],[-93.45072,45.219479],[-93.448828,45.218731],[-93.447764,45.218142],[-93.447546,45.218022],[-93.445975,45.217358],[-93.444968,45.216938],[-93.444735,45.216866],[-93.444166,45.216672],[-93.444052,45.216633],[-93.443167,45.216481],[-93.442251,45.216359],[-93.441527,45.216392],[-93.440298,45.21657],[-93.439653,45.216656],[-93.438826,45.216817],[-93.438085,45.217053],[-93.437201,45.217331],[-93.436541,45.217568],[-93.435955,45.217711],[-93.435542,45.217788],[-93.434734,45.217866],[-93.434377,45.217991],[-93.434108,45.218004],[-93.434072,45.218014],[-93.433828,45.218037],[-93.433734,45.218066],[-93.433172,45.217961],[-93.433068,45.217917],[-93.43247,45.217663],[-93.431814,45.217419],[-93.431188,45.217129],[-93.430395,45.21674],[-93.429479,45.216313],[-93.427734,45.215566],[-93.427053,45.215222],[-93.426707,45.215051],[-93.426411,45.214904],[-93.426334,45.214866],[-93.425924,45.214733],[-93.425534,45.214466],[-93.424917,45.2141],[-93.424413,45.213635],[-93.423849,45.213086],[-93.423379,45.212583],[-93.423299,45.212498],[-93.423034,45.212266],[-93.422825,45.211962],[-93.422455,45.211424],[-93.421934,45.210666],[-93.420879,45.209091],[-93.418497,45.205537],[-93.415234,45.200666],[-93.412034,45.198165],[-93.411688,45.198021],[-93.406799,45.195994],[-93.404149,45.194896],[-93.401499,45.193797],[-93.398595,45.192593],[-93.395691,45.191389],[-93.395632,45.191365],[-93.395563,45.191323],[-93.395539,45.191308],[-93.394036,45.190674],[-93.392511,45.189751],[-93.391189,45.188735],[-93.3906,45.188188],[-93.390009,45.187641],[-93.388295,45.186574],[-93.386582,45.185507],[-93.386142,45.185233],[-93.386027,45.185161],[-93.385472,45.184816],[-93.382702,45.183091],[-93.379932,45.181365],[-93.379423,45.18106],[-93.378915,45.180755],[-93.378233,45.180347],[-93.378221,45.18034],[-93.377532,45.179926],[-93.375431,45.178665],[-93.373731,45.178265],[-93.373581,45.178232],[-93.373431,45.178199],[-93.373302,45.17817],[-93.373137,45.178134],[-93.371393,45.177747],[-93.369445,45.177325],[-93.369392,45.177315],[-93.369354,45.177296],[-93.366545,45.176674],[-93.363735,45.176052],[-93.358831,45.174966],[-93.358228,45.174257],[-93.356156,45.172468],[-93.354397,45.170659],[-93.353548,45.169641],[-93.353473,45.169507],[-93.352891,45.168575],[-93.351322,45.166527],[-93.348416,45.162733],[-93.34623,45.160166],[-93.345049,45.159628],[-93.344944,45.15958],[-93.344839,45.159532],[-93.341279,45.15791],[-93.340161,45.1574],[-93.33785,45.156157],[-93.33575,45.155143],[-93.333656,45.154347],[-93.330567,45.153028],[-93.32839,45.151508],[-93.32833,45.151466],[-93.328205,45.151364],[-93.328151,45.15132],[-93.326129,45.149669],[-93.323927,45.147871],[-93.32343,45.147466],[-93.32313,45.147166],[-93.321182,45.146479],[-93.320455,45.146222],[-93.319729,45.145966],[-93.318979,45.145816],[-93.318229,45.145666],[-93.315729,45.145366],[-93.313629,45.144766],[-93.312129,45.144166],[-93.311629,45.143833],[-93.311605,45.143818],[-93.311545,45.143779],[-93.310229,45.142066],[-93.310205,45.142041],[-93.30984,45.141655],[-93.309781,45.141593],[-93.309422,45.141214],[-93.309395,45.141185],[-93.308911,45.140749],[-93.309007,45.14019],[-93.309073,45.139586],[-93.309098,45.139357],[-93.308309,45.137947],[-93.307625,45.1372],[-93.306702,45.136416],[-93.305029,45.135066],[-93.303529,45.133966],[-93.302129,45.133166],[-93.301929,45.132766],[-93.301129,45.131966],[-93.299166,45.129149],[-93.298987,45.128893],[-93.29884,45.128681],[-93.298829,45.128666],[-93.298544,45.128381],[-93.298258,45.128095],[-93.297971,45.127808],[-93.297129,45.126966],[-93.296883,45.125166],[-93.296529,45.122566],[-93.296096,45.121898],[-93.296093,45.121737],[-93.29606,45.119744],[-93.29606,45.119048],[-93.295958,45.118274],[-93.295743,45.117396],[-93.295493,45.116467],[-93.295244,45.115744],[-93.295071,45.115327],[-93.294797,45.114919],[-93.294338,45.114428],[-93.293401,45.1136],[-93.292193,45.112752],[-93.291459,45.112258],[-93.290472,45.111771],[-93.288868,45.110982],[-93.287947,45.110737],[-93.284728,45.108566],[-93.28351,45.107791],[-93.280713,45.106011],[-93.280328,45.105766],[-93.278328,45.103367],[-93.278367,45.103039],[-93.278549,45.101508],[-93.279681,45.092038],[-93.2798,45.091039],[-93.279805,45.091002],[-93.279928,45.089967],[-93.280178,45.088969],[-93.280228,45.088767],[-93.28021,45.087925],[-93.280193,45.087054],[-93.28016,45.085454],[-93.280127,45.083867],[-93.279027,45.080167],[-93.280127,45.074867],[-93.280816,45.071718],[-93.280827,45.071667],[-93.282074,45.069531],[-93.282095,45.069495],[-93.282202,45.069312],[-93.282223,45.069261],[-93.283527,45.066167],[-93.284027,45.065167],[-93.284069,45.064935],[-93.285227,45.058467],[-93.284454,45.056787],[-93.282927,45.053467],[-93.282227,45.051167]]]]},"properties":{"neighbourhood":"Hennepin","neighbourhood_group":null}},{"type":"Feature","geometry":{"type":"MultiPolygon","coordinates":[[[[-92.792408,45.078867],[-92.79232,45.078945],[-92.792212,45.079041],[-92.792077,45.079161],[-92.791529,45.079648],[-92.790768,45.080229],[-92.790339,45.080556],[-92.789499,45.081045],[-92.78837,45.081685],[-92.788044,45.081859],[-92.787558,45.082118],[-92.787072,45.082378],[-92.785898,45.083005],[-92.784803,45.083495],[-92.783242,45.084196],[-92.780232,45.085745],[-92.78016,45.085782],[-92.777734,45.087125],[-92.776368,45.087866],[-92.775796,45.088178],[-92.774934,45.088639],[-92.774468,45.088888],[-92.774011,45.089139],[-92.773294,45.089826],[-92.771997,45.091001],[-92.770165,45.092344],[-92.767807,45.094067],[-92.767572,45.094236],[-92.765603,45.095731],[-92.763116,45.097326],[-92.762726,45.097587],[-92.762569,45.097692],[-92.761361,45.098501],[-92.761281,45.098543],[-92.759515,45.09947],[-92.758157,45.100049],[-92.757684,45.100271],[-92.757104,45.100637],[-92.756478,45.101011],[-92.755639,45.10188],[-92.754446,45.103088],[-92.754388,45.103147],[-92.753365,45.103872],[-92.752312,45.10452],[-92.751244,45.105077],[-92.750206,45.10568],[-92.749156,45.106071],[-92.748954,45.106146],[-92.747913,45.10653],[-92.74675,45.107052],[-92.746451,45.10726],[-92.744939,45.10831],[-92.743766,45.109741],[-92.742582,45.111237],[-92.741573,45.112216],[-92.741368,45.112444],[-92.74051,45.113397],[-92.739584,45.115599],[-92.739528,45.116516],[-92.739881,45.11714],[-92.74018,45.11767],[-92.740345,45.11797],[-92.740611,45.118455],[-92.740999,45.118701],[-92.741184,45.118817],[-92.741368,45.118934],[-92.741611,45.119088],[-92.741855,45.119242],[-92.742925,45.119919],[-92.743197,45.120175],[-92.743394,45.120361],[-92.743591,45.120546],[-92.743937,45.120873],[-92.744284,45.121199],[-92.744478,45.121381],[-92.745653,45.123056],[-92.745693,45.123113],[-92.745752,45.123315],[-92.74588,45.123763],[-92.746008,45.12421],[-92.746116,45.124589],[-92.746224,45.124967],[-92.74649,45.125853],[-92.746811,45.127779],[-92.746815,45.127809],[-92.747243,45.129748],[-92.747753,45.131206],[-92.747907,45.131825],[-92.748001,45.132888],[-92.74823,45.133974],[-92.748585,45.135069],[-92.749007,45.136686],[-92.74905,45.13687],[-92.7491,45.137048],[-92.749202,45.13746],[-92.749424,45.138121],[-92.749738,45.13854],[-92.750203,45.138814],[-92.751149,45.140229],[-92.751546,45.140839],[-92.751958,45.141503],[-92.752103,45.14207],[-92.752203,45.142525],[-92.752276,45.143166],[-92.752294,45.143364],[-92.752355,45.144027],[-92.752371,45.144195],[-92.752401,45.144828],[-92.752493,45.145629],[-92.7525,45.145793],[-92.752507,45.145967],[-92.752786,45.146329],[-92.752907,45.146567],[-92.75318,45.146826],[-92.753469,45.147102],[-92.753991,45.147746],[-92.754217,45.148048],[-92.754859,45.148651],[-92.755167,45.148979],[-92.755317,45.149147],[-92.755346,45.149229],[-92.755371,45.149309],[-92.755396,45.149389],[-92.755943,45.150355],[-92.756682,45.15131],[-92.756881,45.151568],[-92.757353,45.152352],[-92.757212,45.152578],[-92.757212,45.152916],[-92.757448,45.153362],[-92.757778,45.154349],[-92.757908,45.154889],[-92.757932,45.155428],[-92.757807,45.156568],[-92.758027,45.158868],[-92.758145,45.159273],[-92.758133,45.159678],[-92.757945,45.160487],[-92.757449,45.161306],[-92.757224,45.161847],[-92.757007,45.162367],[-92.756908,45.165167],[-92.755748,45.167099],[-92.755693,45.167193],[-92.755637,45.167285],[-92.755295,45.167856],[-92.754952,45.168427],[-92.754884,45.16854],[-92.754816,45.168654],[-92.754654,45.168857],[-92.754583,45.168945],[-92.754511,45.169034],[-92.753176,45.170683],[-92.753108,45.170767],[-92.752543,45.171773],[-92.752423,45.1722],[-92.752353,45.172449],[-92.752284,45.172697],[-92.752208,45.172967],[-92.752405,45.173917],[-92.753208,45.174767],[-92.753892,45.175241],[-92.7555,45.176354],[-92.757108,45.177467],[-92.757402,45.177669],[-92.757696,45.177872],[-92.757927,45.178032],[-92.758159,45.178191],[-92.758851,45.178668],[-92.759543,45.179144],[-92.759797,45.179319],[-92.760052,45.179494],[-92.761957,45.180805],[-92.763861,45.182116],[-92.764873,45.182813],[-92.76657,45.18514],[-92.766809,45.185467],[-92.767237,45.188816],[-92.767295,45.189274],[-92.767354,45.189732],[-92.767409,45.190167],[-92.767394,45.190379],[-92.767345,45.191097],[-92.767295,45.191814],[-92.767131,45.194166],[-92.766933,45.195112],[-92.765709,45.199767],[-92.765498,45.200366],[-92.764769,45.20243],[-92.763909,45.204867],[-92.762192,45.207061],[-92.762109,45.207167],[-92.759351,45.208781],[-92.75868,45.209174],[-92.758009,45.209567],[-92.757217,45.209567],[-92.753375,45.20957],[-92.753323,45.20957],[-92.752907,45.209567],[-92.750378,45.209673],[-92.745497,45.209745],[-92.743026,45.209768],[-92.741396,45.209759],[-92.737657,45.209881],[-92.732875,45.209809],[-92.732106,45.209812],[-92.727206,45.209832],[-92.724955,45.209814],[-92.722863,45.209798],[-92.716134,45.209832],[-92.712594,45.209885],[-92.709986,45.209871],[-92.702568,45.209917],[-92.692247,45.209981],[-92.688799,45.210055],[-92.685181,45.210031],[-92.683318,45.210046],[-92.683195,45.210049],[-92.682146,45.210059],[-92.681934,45.210059],[-92.676934,45.210106],[-92.673887,45.210109],[-92.671892,45.2101],[-92.67156,45.210101],[-92.660136,45.210123],[-92.651543,45.210142],[-92.649872,45.210172],[-92.642992,45.210274],[-92.641964,45.210259],[-92.641144,45.210252],[-92.639279,45.21021],[-92.638742,45.210206],[-92.637483,45.210195],[-92.634953,45.210199],[-92.634479,45.210185],[-92.630561,45.21018],[-92.624449,45.21019],[-92.615935,45.210246],[-92.614755,45.210246],[-92.610264,45.210248],[-92.598183,45.210296],[-92.596352,45.210283],[-92.595363,45.210276],[-92.595186,45.210275],[-92.592718,45.210287],[-92.589829,45.21029],[-92.581718,45.210297],[-92.581695,45.210297],[-92.58051,45.210293],[-92.574372,45.210329],[-92.568238,45.210367],[-92.564512,45.21039],[-92.560791,45.210414],[-92.559993,45.21042],[-92.559893,45.210352],[-92.559607,45.210299],[-92.559436,45.210296],[-92.558945,45.210269],[-92.557781,45.210262],[-92.55229,45.210174],[-92.549808,45.210173],[-92.548436,45.210141],[-92.547348,45.210135],[-92.545974,45.210078],[-92.544855,45.210054],[-92.544748,45.210052],[-92.543476,45.210027],[-92.541439,45.209969],[-92.539663,45.209926],[-92.537793,45.209827],[-92.537576,45.209816],[-92.537359,45.209805],[-92.53722,45.209803],[-92.537081,45.209802],[-92.535829,45.209791],[-92.535306,45.209787],[-92.532102,45.209765],[-92.52951,45.209727],[-92.518722,45.209635],[-92.518473,45.20964],[-92.508522,45.209597],[-92.505879,45.209586],[-92.505046,45.209583],[-92.504214,45.20958],[-92.503323,45.209576],[-92.500196,45.209564],[-92.499127,45.209557],[-92.49618,45.209486],[-92.487405,45.209437],[-92.477958,45.209417],[-92.437184,45.20933],[-92.437098,45.20933],[-92.43228,45.209321],[-92.426987,45.209303],[-92.411976,45.209279],[-92.406501,45.209268],[-92.401171,45.209286],[-92.399356,45.209293],[-92.399166,45.209293],[-92.392882,45.20932],[-92.388866,45.209336],[-92.388699,45.209336],[-92.385696,45.209349],[-92.382297,45.209217],[-92.375096,45.209186],[-92.365219,45.209229],[-92.346677,45.209254],[-92.344397,45.209257],[-92.336274,45.209277],[-92.334672,45.209279],[-92.315036,45.209299],[-92.314602,45.209308],[-92.312202,45.209363],[-92.312082,45.20936],[-92.311961,45.209357],[-92.309442,45.209299],[-92.306923,45.209241],[-92.304268,45.209238],[-92.304186,45.209322],[-92.304083,45.209306],[-92.303939,45.209343],[-92.300786,45.209328],[-92.300744,45.209328],[-92.28622,45.209303],[-92.285072,45.20931],[-92.28393,45.209281],[-92.280974,45.2093],[-92.270629,45.209267],[-92.261324,45.209214],[-92.260298,45.209208],[-92.253097,45.209221],[-92.250711,45.209225],[-92.250187,45.20923],[-92.246011,45.209269],[-92.245246,45.209275],[-92.239502,45.209322],[-92.218614,45.209454],[-92.216806,45.209466],[-92.204732,45.209546],[-92.197845,45.209591],[-92.196162,45.209598],[-92.187053,45.209639],[-92.184702,45.209644],[-92.177092,45.209625],[-92.176592,45.209622],[-92.172409,45.2096],[-92.165957,45.209566],[-92.158566,45.209558],[-92.156462,45.209556],[-92.156517,45.209088],[-92.156511,45.206115],[-92.156511,45.205163],[-92.156482,45.200791],[-92.156478,45.200119],[-92.156491,45.196913],[-92.156492,45.19663],[-92.15647,45.196219],[-92.156488,45.195283],[-92.156497,45.194749],[-92.156473,45.193577],[-92.156472,45.193536],[-92.156468,45.190075],[-92.156471,45.18898],[-92.156478,45.187665],[-92.156478,45.187653],[-92.156489,45.185719],[-92.15649,45.185705],[-92.156477,45.180933],[-92.156455,45.179524],[-92.15646,45.179129],[-92.156465,45.178411],[-92.156457,45.177147],[-92.156454,45.17356],[-92.156475,45.170258],[-92.156503,45.169124],[-92.156504,45.168046],[-92.156591,45.165223],[-92.156597,45.165064],[-92.156636,45.161219],[-92.156649,45.157375],[-92.156656,45.154616],[-92.156657,45.154529],[-92.15666,45.154084],[-92.156664,45.153425],[-92.156665,45.153319],[-92.15671,45.147411],[-92.15671,45.147355],[-92.156718,45.145812],[-92.156718,45.145762],[-92.156719,45.145645],[-92.156727,45.143991],[-92.156816,45.1355],[-92.156816,45.135479],[-92.156789,45.135471],[-92.156883,45.133002],[-92.156902,45.132681],[-92.156969,45.128828],[-92.156977,45.127402],[-92.157007,45.126267],[-92.157045,45.123718],[-92.157069,45.12161],[-92.145676,45.121534],[-92.144892,45.121525],[-92.143957,45.121535],[-92.142056,45.121543],[-92.140883,45.121534],[-92.140633,45.121536],[-92.137395,45.121463],[-92.137158,45.121437],[-92.137097,45.121443],[-92.13611,45.121434],[-92.136183,45.113381],[-92.136183,45.113318],[-92.136183,45.113166],[-92.136222,45.10844],[-92.136223,45.10825],[-92.136223,45.108185],[-92.136292,45.100183],[-92.136293,45.100079],[-92.136319,45.096949],[-92.13644,45.082923],[-92.136495,45.076682],[-92.136494,45.076599],[-92.13647,45.075433],[-92.136495,45.075392],[-92.136429,45.075162],[-92.13632,45.074514],[-92.13632,45.07317],[-92.136322,45.072893],[-92.136337,45.070595],[-92.136307,45.070347],[-92.136272,45.070053],[-92.136355,45.068052],[-92.136356,45.06794],[-92.136357,45.067847],[-92.136308,45.066554],[-92.136321,45.065751],[-92.136341,45.063769],[-92.136361,45.061802],[-92.136364,45.060547],[-92.136394,45.057595],[-92.136407,45.056836],[-92.136461,45.054953],[-92.136486,45.053665],[-92.136479,45.051185],[-92.136479,45.051103],[-92.136484,45.050821],[-92.136531,45.048605],[-92.13657,45.047158],[-92.136567,45.047005],[-92.13657,45.046503],[-92.136561,45.046401],[-92.136533,45.045666],[-92.1365,45.045528],[-92.136446,45.035558],[-92.136446,45.035523],[-92.136446,45.035497],[-92.136431,45.032763],[-92.136425,45.031746],[-92.136312,45.010341],[-92.136272,45.002681],[-92.136272,45.002638],[-92.136096,44.999965],[-92.136091,44.999495],[-92.136005,44.992785],[-92.135931,44.987067],[-92.135874,44.982624],[-92.135872,44.982425],[-92.135866,44.981989],[-92.135761,44.973793],[-92.135761,44.973769],[-92.135761,44.973747],[-92.135727,44.970955],[-92.135666,44.966197],[-92.135624,44.962918],[-92.135624,44.962894],[-92.135624,44.962877],[-92.135572,44.95872],[-92.135572,44.958465],[-92.135444,44.948621],[-92.13544,44.948343],[-92.135438,44.948114],[-92.135438,44.948103],[-92.135437,44.948006],[-92.13543,44.947433],[-92.135428,44.947354],[-92.135424,44.947125],[-92.135416,44.946781],[-92.135412,44.946598],[-92.135375,44.944916],[-92.135256,44.933843],[-92.135256,44.933787],[-92.135211,44.93013],[-92.135284,44.928733],[-92.135277,44.927792],[-92.135276,44.927629],[-92.135279,44.927509],[-92.135471,44.920371],[-92.135818,44.907452],[-92.135825,44.90719],[-92.135827,44.907129],[-92.135916,44.906336],[-92.135964,44.906287],[-92.135993,44.906042],[-92.135975,44.905109],[-92.135957,44.902911],[-92.135952,44.901242],[-92.135954,44.901162],[-92.13603,44.897692],[-92.136038,44.896612],[-92.136037,44.895886],[-92.136045,44.895477],[-92.136069,44.895003],[-92.136101,44.894789],[-92.136098,44.894703],[-92.136054,44.893287],[-92.136051,44.893225],[-92.136067,44.892948],[-92.136069,44.892896],[-92.136072,44.892803],[-92.136143,44.890661],[-92.136134,44.890269],[-92.136157,44.889882],[-92.136157,44.888058],[-92.136138,44.886744],[-92.136137,44.886661],[-92.136129,44.88544],[-92.136141,44.88318],[-92.136179,44.880328],[-92.136188,44.879574],[-92.136242,44.874938],[-92.136213,44.874153],[-92.136213,44.874097],[-92.136243,44.873617],[-92.136245,44.873377],[-92.136321,44.87272],[-92.136252,44.866042],[-92.136252,44.864654],[-92.136326,44.859661],[-92.136345,44.857849],[-92.140347,44.857812],[-92.144589,44.857823],[-92.146501,44.857817],[-92.148225,44.857809],[-92.150546,44.857796],[-92.152805,44.857799],[-92.154163,44.857818],[-92.156631,44.857892],[-92.157982,44.857899],[-92.159309,44.85789],[-92.163704,44.857894],[-92.166011,44.857901],[-92.167955,44.85792],[-92.168148,44.85792],[-92.171941,44.857876],[-92.17219,44.857877],[-92.172379,44.857882],[-92.172458,44.857936],[-92.179062,44.857758],[-92.179639,44.857757],[-92.18096,44.857755],[-92.181302,44.857761],[-92.188342,44.857875],[-92.188796,44.857878],[-92.190449,44.857888],[-92.197325,44.857942],[-92.198089,44.857929],[-92.200822,44.857878],[-92.201906,44.85788],[-92.209562,44.85794],[-92.21161,44.857955],[-92.213728,44.857969],[-92.215438,44.857983],[-92.215958,44.857997],[-92.21619,44.858011],[-92.217759,44.857887],[-92.218544,44.857825],[-92.218833,44.857844],[-92.222448,44.857845],[-92.223801,44.857831],[-92.225641,44.85783],[-92.227436,44.857835],[-92.231194,44.85784],[-92.232306,44.85785],[-92.232576,44.857853],[-92.232661,44.857853],[-92.232762,44.857854],[-92.233174,44.85785],[-92.234263,44.857859],[-92.234376,44.857858],[-92.234455,44.857857],[-92.234545,44.857846],[-92.235036,44.857809],[-92.236477,44.857701],[-92.236815,44.857708],[-92.236833,44.857708],[-92.243254,44.85784],[-92.245067,44.857878],[-92.247067,44.857919],[-92.247428,44.857927],[-92.247789,44.857928],[-92.247819,44.857929],[-92.250253,44.857994],[-92.251064,44.857994],[-92.258335,44.858084],[-92.258659,44.858087],[-92.262666,44.858215],[-92.265111,44.858286],[-92.267706,44.858343],[-92.268596,44.858364],[-92.272831,44.858475],[-92.275153,44.85854],[-92.278463,44.858632],[-92.279888,44.858653],[-92.28317,44.858769],[-92.2844,44.858808],[-92.288721,44.858957],[-92.289247,44.858988],[-92.290352,44.85903],[-92.291758,44.859063],[-92.295452,44.859183],[-92.296418,44.859213],[-92.297405,44.859251],[-92.29807,44.859283],[-92.298499,44.859306],[-92.298886,44.859316],[-92.301365,44.859381],[-92.302457,44.859421],[-92.303136,44.859452],[-92.303814,44.859489],[-92.304538,44.859527],[-92.305375,44.859557],[-92.306478,44.859593],[-92.317199,44.860003],[-92.318604,44.860067],[-92.321731,44.860193],[-92.323108,44.860239],[-92.323721,44.860253],[-92.324863,44.8603],[-92.335749,44.860757],[-92.338926,44.860888],[-92.340427,44.860944],[-92.341411,44.860984],[-92.342745,44.861036],[-92.345257,44.861124],[-92.347678,44.861224],[-92.350384,44.861339],[-92.350611,44.861345],[-92.354596,44.861478],[-92.354595,44.861522],[-92.358313,44.861691],[-92.358448,44.861696],[-92.359227,44.861733],[-92.365689,44.861956],[-92.365866,44.861961],[-92.368629,44.862058],[-92.374916,44.862302],[-92.376166,44.862295],[-92.379499,44.862267],[-92.385045,44.862256],[-92.389342,44.862312],[-92.390704,44.862324],[-92.393159,44.86234],[-92.394111,44.862355],[-92.394663,44.862359],[-92.396501,44.862328],[-92.397064,44.862313],[-92.398333,44.862293],[-92.400178,44.862277],[-92.404441,44.862337],[-92.404783,44.862351],[-92.404931,44.86237],[-92.404983,44.862399],[-92.409168,44.862282],[-92.409348,44.862277],[-92.409524,44.862278],[-92.414165,44.862302],[-92.415443,44.862306],[-92.415471,44.862306],[-92.425645,44.862329],[-92.431589,44.86234],[-92.435862,44.862348],[-92.451344,44.862378],[-92.456034,44.862388],[-92.45607,44.862388],[-92.463896,44.862403],[-92.476389,44.862425],[-92.476431,44.862425],[-92.485075,44.862445],[-92.485192,44.862445],[-92.492755,44.862454],[-92.492784,44.862455],[-92.496972,44.862467],[-92.497013,44.862467],[-92.500164,44.862409],[-92.524455,44.86243],[-92.524612,44.86243],[-92.525973,44.862434],[-92.535787,44.862444],[-92.552329,44.862454],[-92.552437,44.862456],[-92.552739,44.862459],[-92.552799,44.86246],[-92.56536,44.862471],[-92.565517,44.862471],[-92.579711,44.862484],[-92.579858,44.862484],[-92.580654,44.862485],[-92.582285,44.862486],[-92.583268,44.862488],[-92.593973,44.862498],[-92.6016,44.862505],[-92.602254,44.862505],[-92.602388,44.862505],[-92.602554,44.862505],[-92.603486,44.862577],[-92.605055,44.862571],[-92.606231,44.862568],[-92.60718,44.862575],[-92.608463,44.862578],[-92.60868,44.862578],[-92.609782,44.86258],[-92.610598,44.862582],[-92.610652,44.862582],[-92.61509,44.862602],[-92.615362,44.862601],[-92.616615,44.862593],[-92.617841,44.862594],[-92.618495,44.862593],[-92.619169,44.862601],[-92.62072,44.862603],[-92.622269,44.862608],[-92.622398,44.862608],[-92.62261,44.862609],[-92.623866,44.862613],[-92.624305,44.862612],[-92.624507,44.862603],[-92.625543,44.86261],[-92.626599,44.862597],[-92.628032,44.862615],[-92.629399,44.862619],[-92.630778,44.862606],[-92.632208,44.862617],[-92.63358,44.862623],[-92.633631,44.862621],[-92.634845,44.862618],[-92.63497,44.862617],[-92.635035,44.862617],[-92.636331,44.862611],[-92.636521,44.862615],[-92.636668,44.862618],[-92.636714,44.862619],[-92.638278,44.86261],[-92.639592,44.862627],[-92.642338,44.862635],[-92.644344,44.86263],[-92.64906,44.862676],[-92.649665,44.862674],[-92.649709,44.862664],[-92.649911,44.86262],[-92.650197,44.86262],[-92.650519,44.862619],[-92.653896,44.862664],[-92.655835,44.862625],[-92.65822,44.862621],[-92.65991,44.862615],[-92.664962,44.862648],[-92.668689,44.862645],[-92.668836,44.862646],[-92.673571,44.862652],[-92.675905,44.862657],[-92.675921,44.862649],[-92.680104,44.862572],[-92.685346,44.862626],[-92.686447,44.862668],[-92.690118,44.862557],[-92.692821,44.862504],[-92.694134,44.862501],[-92.694986,44.862258],[-92.695516,44.862372],[-92.695634,44.862399],[-92.695756,44.862423],[-92.695877,44.862441],[-92.696063,44.862459],[-92.698204,44.862542],[-92.704364,44.862492],[-92.7108,44.862462],[-92.710799,44.8624],[-92.715859,44.86237],[-92.718057,44.862419],[-92.718092,44.862419],[-92.725006,44.862363],[-92.731126,44.862377],[-92.746196,44.862228],[-92.746337,44.862167],[-92.746487,44.862151],[-92.747697,44.86214],[-92.748132,44.862137],[-92.750559,44.862102],[-92.751849,44.862097],[-92.754051,44.862078],[-92.75593,44.862058],[-92.758062,44.862045],[-92.760637,44.862018],[-92.761517,44.862028],[-92.761655,44.862024],[-92.761824,44.862016],[-92.7619,44.862005],[-92.762251,44.862001],[-92.765184,44.861977],[-92.766037,44.861968],[-92.766108,44.861969],[-92.766302,44.861971],[-92.768122,44.861988],[-92.769501,44.862002],[-92.768839,44.864021],[-92.768686,44.864294],[-92.767356,44.866659],[-92.7658,44.868957],[-92.76464,44.870647],[-92.763767,44.872064],[-92.763422,44.872868],[-92.763411,44.874141],[-92.763823,44.874968],[-92.764133,44.875906],[-92.764836,44.876713],[-92.765781,44.877799],[-92.769603,44.882968],[-92.771123,44.885611],[-92.772355,44.887502],[-92.773331,44.889017],[-92.773946,44.889998],[-92.774907,44.892798],[-92.774959,44.894766],[-92.774968,44.895087],[-92.774571,44.898085],[-92.774022,44.900084],[-92.773103,44.901368],[-92.768356,44.903804],[-92.768144,44.903913],[-92.767932,44.904022],[-92.766271,44.904875],[-92.764767,44.905432],[-92.763591,44.905979],[-92.763396,44.906059],[-92.762317,44.906502],[-92.761341,44.906905],[-92.759556,44.907858],[-92.758701,44.90898],[-92.757923,44.910284],[-92.757557,44.911215],[-92.755619,44.91815],[-92.755502,44.918568],[-92.755484,44.918632],[-92.755364,44.919061],[-92.752703,44.928568],[-92.752103,44.930868],[-92.751629,44.932958],[-92.751156,44.935048],[-92.750646,44.9373],[-92.750803,44.941568],[-92.750876,44.941855],[-92.751035,44.942481],[-92.751851,44.945685],[-92.752604,44.948568],[-92.753004,44.949968],[-92.753219,44.950945],[-92.753576,44.952559],[-92.754604,44.955768],[-92.754744,44.955953],[-92.754798,44.956025],[-92.757466,44.959563],[-92.759203,44.962069],[-92.759465,44.962576],[-92.759524,44.96269],[-92.759583,44.962805],[-92.760701,44.96498],[-92.763371,44.966361],[-92.767219,44.968085],[-92.767615,44.968466],[-92.767805,44.968768],[-92.768546,44.96984],[-92.76917,44.971443],[-92.769446,44.972151],[-92.769459,44.97263],[-92.769482,44.973449],[-92.769505,44.974268],[-92.770305,44.978968],[-92.770305,44.979136],[-92.770306,44.979304],[-92.770307,44.979825],[-92.770309,44.980347],[-92.770347,44.983329],[-92.769105,44.987468],[-92.76905,44.988196],[-92.769278,44.989294],[-92.769584,44.99008],[-92.770305,44.992068],[-92.770392,44.99241],[-92.770561,44.993067],[-92.770818,44.994065],[-92.770835,44.994132],[-92.771308,44.999495],[-92.771105,45.000668],[-92.771232,45.001379],[-92.770911,45.002463],[-92.770453,45.003638],[-92.77008,45.004446],[-92.769813,45.005026],[-92.769707,45.005258],[-92.769651,45.005379],[-92.769596,45.0055],[-92.769233,45.006293],[-92.768882,45.007231],[-92.768805,45.007668],[-92.768607,45.008017],[-92.768119,45.009116],[-92.767507,45.010407],[-92.767371,45.010695],[-92.766883,45.011504],[-92.765952,45.013464],[-92.765897,45.013559],[-92.765812,45.013707],[-92.765727,45.013855],[-92.76493,45.01525],[-92.764243,45.016669],[-92.764105,45.017068],[-92.763984,45.017401],[-92.763267,45.01895],[-92.762753,45.020074],[-92.762534,45.020552],[-92.761954,45.022101],[-92.761905,45.022468],[-92.761939,45.022772],[-92.762015,45.023116],[-92.762061,45.024321],[-92.762752,45.025642],[-92.762763,45.025664],[-92.763641,45.027155],[-92.76377,45.027373],[-92.764457,45.028494],[-92.764605,45.028768],[-92.764761,45.028887],[-92.765128,45.029166],[-92.765743,45.029757],[-92.767113,45.031073],[-92.768639,45.032378],[-92.770363,45.033804],[-92.772072,45.035056],[-92.773979,45.03636],[-92.776268,45.037764],[-92.778816,45.039328],[-92.780983,45.040442],[-92.783639,45.04167],[-92.785485,45.042494],[-92.785707,45.042668],[-92.786143,45.042794],[-92.786401,45.042868],[-92.787674,45.043415],[-92.787911,45.043517],[-92.789468,45.044516],[-92.791207,45.045699],[-92.793283,45.047179],[-92.795587,45.049245],[-92.797082,45.050649],[-92.798441,45.052183],[-92.799784,45.053846],[-92.800486,45.054807],[-92.800708,45.055167],[-92.800827,45.055349],[-92.801036,45.055668],[-92.801569,45.056508],[-92.801766,45.056877],[-92.80179,45.056921],[-92.802057,45.057424],[-92.802321,45.058167],[-92.802347,45.05824],[-92.80282,45.05969],[-92.80308,45.060979],[-92.803125,45.061567],[-92.803125,45.062574],[-92.803095,45.063466],[-92.802988,45.064397],[-92.802953,45.064855],[-92.802912,45.065404],[-92.802546,45.066663],[-92.802164,45.067556],[-92.801523,45.068624],[-92.800852,45.069478],[-92.800074,45.070371],[-92.799326,45.071096],[-92.798807,45.071523],[-92.798365,45.071897],[-92.7978,45.072286],[-92.797236,45.072706],[-92.796702,45.073331],[-92.796608,45.073567],[-92.796091,45.074323],[-92.795237,45.075452],[-92.794458,45.07652],[-92.793192,45.078092],[-92.792876,45.07849],[-92.792658,45.078763],[-92.792408,45.078867]]]]},"properties":{"neighbourhood":"St. Croix","neighbourhood_group":null}},{"type":"Feature","geometry":{"type":"MultiPolygon","coordinates":[[[[-94.010022,44.80399],[-94.010022,44.804054],[-94.010016,44.804878],[-94.010014,44.805178],[-94.010011,44.805503],[-94.010023,44.80698],[-94.010015,44.808485],[-94.010016,44.809638],[-94.010006,44.811545],[-94.010019,44.812419],[-94.010022,44.812596],[-94.010028,44.813009],[-94.010009,44.814596],[-94.010011,44.814936],[-94.010023,44.816862],[-94.010024,44.816993],[-94.010035,44.818487],[-94.010034,44.818606],[-94.010032,44.818755],[-94.010033,44.821983],[-94.010025,44.823101],[-94.010024,44.82321],[-94.010024,44.824335],[-94.010037,44.825933],[-94.010046,44.82716],[-94.010036,44.829071],[-94.010033,44.829957],[-94.010045,44.831314],[-94.010044,44.832833],[-94.010041,44.833301],[-94.010027,44.835858],[-94.010027,44.836015],[-94.010025,44.836631],[-94.01004,44.837611],[-94.010028,44.838589],[-94.010023,44.838996],[-94.010023,44.840319],[-94.010028,44.840555],[-94.01004,44.841018],[-94.010022,44.842492],[-94.010019,44.844243],[-94.010022,44.846093],[-94.010008,44.846361],[-94.010088,44.84785],[-94.010106,44.848],[-94.010043,44.855139],[-94.009986,44.861746],[-94.009978,44.862299],[-94.009957,44.863116],[-94.009956,44.863155],[-94.009946,44.863178],[-94.009954,44.863239],[-94.009651,44.874964],[-94.009666,44.876421],[-94.009684,44.877892],[-94.00967,44.878048],[-94.009712,44.878105],[-94.009848,44.878332],[-94.009881,44.878425],[-94.009939,44.878591],[-94.009999,44.879188],[-94.009968,44.881089],[-94.00997,44.881843],[-94.00997,44.881866],[-94.009984,44.882101],[-94.009991,44.882215],[-94.010009,44.882505],[-94.009772,44.88408],[-94.009774,44.884194],[-94.009834,44.887499],[-94.009865,44.8919],[-94.010699,44.891914],[-94.011806,44.891933],[-94.011921,44.895274],[-94.011934,44.89529],[-94.011939,44.895317],[-94.01196,44.895424],[-94.01227,44.90607],[-94.012289,44.9078],[-94.012282,44.911374],[-94.012279,44.913463],[-94.012297,44.916403],[-94.012302,44.916795],[-94.012317,44.918728],[-94.012311,44.919572],[-94.012298,44.921438],[-94.012295,44.923721],[-94.012319,44.925502],[-94.012292,44.92573],[-94.012318,44.928336],[-94.012309,44.929792],[-94.012271,44.930013],[-94.012498,44.9353],[-94.012486,44.937139],[-94.012442,44.939651],[-94.01231,44.947126],[-94.012362,44.949574],[-94.012366,44.950769],[-94.012359,44.952347],[-94.01237,44.953737],[-94.012371,44.953834],[-94.012356,44.95616],[-94.012353,44.956758],[-94.012353,44.956823],[-94.012352,44.956931],[-94.012352,44.956951],[-94.012351,44.957024],[-94.01235,44.957262],[-94.012349,44.957477],[-94.012348,44.957998],[-94.012345,44.959138],[-94.012351,44.960083],[-94.012351,44.960199],[-94.012349,44.961797],[-94.012349,44.962196],[-94.012348,44.962351],[-94.012321,44.97005],[-94.012304,44.971274],[-94.012211,44.978463],[-94.012237,44.978714],[-94.007273,44.978622],[-94.000249,44.978491],[-93.98202,44.978367],[-93.981648,44.978363],[-93.978703,44.978284],[-93.977948,44.978263],[-93.971828,44.978264],[-93.968626,44.978264],[-93.965285,44.978264],[-93.951338,44.978264],[-93.941689,44.978264],[-93.941198,44.978264],[-93.940184,44.978264],[-93.937145,44.978264],[-93.936132,44.978264],[-93.935095,44.978264],[-93.931984,44.978264],[-93.930947,44.978264],[-93.929559,44.978261],[-93.911783,44.978204],[-93.90009,44.978194],[-93.899271,44.978195],[-93.899122,44.97819],[-93.899048,44.978194],[-93.895765,44.978176],[-93.894592,44.978169],[-93.891077,44.97815],[-93.889905,44.978144],[-93.8884,44.978127],[-93.888252,44.978127],[-93.887358,44.978117],[-93.884678,44.97809],[-93.883785,44.978081],[-93.882949,44.978072],[-93.880444,44.978048],[-93.879917,44.978043],[-93.879609,44.97804],[-93.879531,44.978039],[-93.879298,44.978037],[-93.879221,44.978037],[-93.879183,44.978036],[-93.879069,44.978035],[-93.879032,44.978035],[-93.878944,44.978034],[-93.878679,44.978031],[-93.878592,44.978031],[-93.87712,44.978019],[-93.875509,44.978004],[-93.874837,44.978],[-93.869701,44.977957],[-93.869427,44.977955],[-93.869044,44.977954],[-93.861078,44.977919],[-93.860066,44.977915],[-93.849209,44.978465],[-93.848745,44.978464],[-93.839023,44.978268],[-93.838646,44.978261],[-93.83832,44.978262],[-93.825338,44.978264],[-93.824898,44.978264],[-93.824807,44.978264],[-93.824715,44.978264],[-93.824679,44.978264],[-93.824625,44.978264],[-93.824571,44.978264],[-93.824535,44.978264],[-93.822818,44.978262],[-93.822524,44.97826],[-93.821645,44.978254],[-93.821352,44.978253],[-93.818533,44.978235],[-93.808359,44.978169],[-93.797698,44.978088],[-93.796839,44.978082],[-93.795331,44.97807],[-93.793531,44.978056],[-93.782824,44.977972],[-93.781431,44.977966],[-93.780043,44.977965],[-93.778131,44.977965],[-93.774834,44.977964],[-93.773544,44.977964],[-93.769866,44.977964],[-93.769428,44.977964],[-93.768114,44.977964],[-93.767676,44.977964],[-93.767614,44.977964],[-93.767429,44.977964],[-93.767368,44.977965],[-93.766685,44.978083],[-93.766448,44.978125],[-93.766447,44.977964],[-93.766445,44.977642],[-93.766445,44.977567],[-93.766443,44.977031],[-93.766443,44.975322],[-93.766443,44.974775],[-93.766443,44.974463],[-93.766417,44.974229],[-93.766418,44.974032],[-93.766418,44.974017],[-93.766472,44.964769],[-93.766472,44.964729],[-93.766472,44.964702],[-93.766473,44.964684],[-93.766473,44.964669],[-93.766473,44.964635],[-93.766474,44.964502],[-93.766478,44.963754],[-93.766509,44.958389],[-93.766509,44.958322],[-93.766543,44.958163],[-93.766543,44.957838],[-93.766543,44.957513],[-93.766543,44.956431],[-93.766543,44.955488],[-93.766542,44.955393],[-93.766533,44.95476],[-93.767633,44.948766],[-93.767634,44.948654],[-93.767637,44.948099],[-93.76765,44.945917],[-93.767651,44.945826],[-93.767655,44.945157],[-93.767661,44.944389],[-93.767667,44.943737],[-93.767667,44.943711],[-93.767673,44.943022],[-93.767686,44.941533],[-93.767723,44.938987],[-93.767723,44.938976],[-93.767739,44.937909],[-93.767757,44.936832],[-93.767785,44.935191],[-93.767786,44.935135],[-93.767786,44.93512],[-93.7678,44.934305],[-93.7678,44.934281],[-93.767789,44.934129],[-93.767779,44.933875],[-93.767778,44.933851],[-93.767613,44.92944],[-93.767588,44.929076],[-93.767556,44.928621],[-93.767079,44.92177],[-93.767073,44.921685],[-93.766944,44.919831],[-93.766943,44.919821],[-93.766951,44.918849],[-93.766961,44.917593],[-93.766961,44.917481],[-93.766962,44.91737],[-93.766997,44.912815],[-93.767042,44.906864],[-93.767042,44.905424],[-93.767042,44.904184],[-93.767042,44.897904],[-93.767042,44.897129],[-93.767042,44.896863],[-93.767042,44.896632],[-93.767042,44.890864],[-93.758017,44.890775],[-93.757915,44.890774],[-93.757884,44.890773],[-93.757869,44.890773],[-93.757793,44.890772],[-93.756945,44.890762],[-93.752125,44.890707],[-93.751777,44.890703],[-93.751761,44.890703],[-93.751738,44.890703],[-93.751634,44.890702],[-93.751395,44.890699],[-93.74949,44.890677],[-93.749468,44.890677],[-93.749407,44.890676],[-93.749389,44.890676],[-93.749367,44.890675],[-93.749334,44.890675],[-93.748342,44.890664],[-93.747366,44.890664],[-93.742542,44.890664],[-93.741942,44.890764],[-93.737854,44.890764],[-93.737753,44.890764],[-93.737651,44.890764],[-93.737513,44.890764],[-93.737374,44.890764],[-93.724459,44.890764],[-93.723641,44.890764],[-93.719941,44.890764],[-93.71114,44.890664],[-93.706079,44.890664],[-93.70544,44.890664],[-93.70469,44.890722],[-93.704137,44.890764],[-93.703685,44.89081],[-93.703457,44.890833],[-93.70269,44.890896],[-93.702676,44.89091],[-93.702188,44.890921],[-93.701722,44.890947],[-93.699337,44.891074],[-93.698032,44.891055],[-93.687055,44.890897],[-93.683723,44.890936],[-93.682391,44.890952],[-93.681832,44.890962],[-93.681746,44.890964],[-93.681348,44.890971],[-93.676125,44.891099],[-93.676072,44.8911],[-93.675774,44.891105],[-93.669351,44.891344],[-93.669108,44.891344],[-93.667527,44.891342],[-93.666524,44.891341],[-93.666331,44.891341],[-93.666141,44.891341],[-93.666028,44.891345],[-93.665634,44.891361],[-93.664469,44.891417],[-93.664376,44.891424],[-93.663987,44.89144],[-93.663626,44.89144],[-93.663598,44.89144],[-93.663293,44.891436],[-93.663257,44.891434],[-93.662988,44.891417],[-93.662683,44.891378],[-93.662573,44.891357],[-93.662409,44.891326],[-93.662385,44.891321],[-93.662309,44.891314],[-93.659985,44.891098],[-93.659925,44.891092],[-93.659306,44.891034],[-93.656188,44.891047],[-93.655538,44.891064],[-93.655276,44.891054],[-93.653675,44.890995],[-93.653511,44.890989],[-93.653469,44.890988],[-93.653424,44.890986],[-93.65296,44.890969],[-93.652838,44.890964],[-93.652527,44.890981],[-93.652493,44.890966],[-93.645318,44.89106],[-93.645038,44.891064],[-93.641338,44.891064],[-93.640897,44.891064],[-93.640457,44.891064],[-93.638849,44.891064],[-93.637241,44.891064],[-93.634897,44.891064],[-93.634784,44.891064],[-93.630173,44.891152],[-93.629537,44.891164],[-93.62827,44.891164],[-93.628237,44.891166],[-93.626838,44.891176],[-93.626463,44.891179],[-93.625948,44.891242],[-93.625449,44.891303],[-93.625424,44.891306],[-93.625192,44.891334],[-93.625101,44.891345],[-93.624955,44.891363],[-93.624569,44.891367],[-93.623349,44.891379],[-93.623328,44.891379],[-93.620552,44.891407],[-93.620412,44.891409],[-93.62037,44.891409],[-93.620096,44.891409],[-93.620019,44.891409],[-93.619966,44.89141],[-93.619681,44.891414],[-93.619477,44.891417],[-93.619111,44.89142],[-93.618689,44.891424],[-93.618411,44.891427],[-93.618263,44.891429],[-93.618217,44.891429],[-93.617135,44.89144],[-93.61711,44.89144],[-93.6161,44.891448],[-93.616062,44.891448],[-93.616038,44.891449],[-93.616021,44.891449],[-93.615003,44.891457],[-93.61477,44.891459],[-93.614688,44.891448],[-93.613859,44.891332],[-93.613731,44.89132],[-93.613696,44.89132],[-93.612737,44.891314],[-93.610937,44.891364],[-93.60897,44.891364],[-93.608563,44.891364],[-93.608534,44.891364],[-93.608495,44.891364],[-93.608384,44.891364],[-93.608291,44.891374],[-93.608178,44.891364],[-93.608071,44.891364],[-93.607076,44.891364],[-93.606709,44.891364],[-93.605928,44.891364],[-93.605737,44.891364],[-93.605379,44.891364],[-93.603236,44.891364],[-93.601123,44.891364],[-93.600636,44.891364],[-93.600036,44.891364],[-93.59898,44.891343],[-93.595447,44.891281],[-93.59534,44.891279],[-93.59494,44.891271],[-93.593524,44.891269],[-93.593151,44.891268],[-93.592949,44.891268],[-93.592855,44.891268],[-93.59255,44.891268],[-93.592523,44.891268],[-93.592279,44.891267],[-93.592147,44.891267],[-93.591919,44.891266],[-93.591691,44.891266],[-93.591391,44.891266],[-93.59126,44.891266],[-93.591077,44.891266],[-93.59042,44.891265],[-93.589757,44.891263],[-93.589644,44.891263],[-93.58916,44.891254],[-93.58692,44.89122],[-93.586553,44.891214],[-93.58654,44.891213],[-93.586112,44.891206],[-93.584248,44.891177],[-93.584134,44.891175],[-93.583434,44.891164],[-93.582025,44.891164],[-93.580871,44.891164],[-93.580705,44.891164],[-93.580335,44.891164],[-93.577396,44.891164],[-93.577326,44.891164],[-93.576935,44.891164],[-93.576815,44.891159],[-93.576599,44.89115],[-93.576551,44.891148],[-93.576525,44.891146],[-93.5765,44.891145],[-93.576384,44.89114],[-93.576172,44.891131],[-93.57494,44.891078],[-93.574782,44.891071],[-93.574635,44.891065],[-93.573435,44.891065],[-93.572523,44.891065],[-93.572501,44.891065],[-93.570671,44.891065],[-93.570565,44.891065],[-93.570244,44.891065],[-93.569771,44.891065],[-93.569297,44.891065],[-93.568691,44.891065],[-93.568405,44.891065],[-93.567443,44.891065],[-93.567166,44.891065],[-93.566659,44.891065],[-93.566228,44.891065],[-93.565448,44.891065],[-93.565426,44.891065],[-93.563757,44.891065],[-93.563735,44.891065],[-93.563389,44.891057],[-93.562913,44.891046],[-93.562741,44.891042],[-93.561049,44.891004],[-93.559596,44.890971],[-93.55945,44.890968],[-93.559417,44.890967],[-93.559335,44.890965],[-93.557958,44.890965],[-93.55782,44.890965],[-93.557787,44.890965],[-93.557429,44.891045],[-93.556825,44.89118],[-93.556247,44.891176],[-93.55554,44.89117],[-93.553918,44.891157],[-93.553694,44.891161],[-93.553531,44.891164],[-93.552354,44.891184],[-93.552129,44.89117],[-93.551764,44.891148],[-93.549856,44.891033],[-93.549203,44.890997],[-93.549176,44.890992],[-93.548734,44.890965],[-93.548032,44.890965],[-93.54649,44.890965],[-93.546091,44.890965],[-93.545693,44.890965],[-93.545544,44.890965],[-93.543738,44.890965],[-93.541783,44.890965],[-93.541534,44.890965],[-93.540313,44.891059],[-93.540234,44.891065],[-93.540193,44.891065],[-93.526866,44.891143],[-93.525687,44.89115],[-93.525014,44.891154],[-93.52475,44.891156],[-93.524503,44.891157],[-93.524293,44.891164],[-93.523855,44.891302],[-93.523715,44.891346],[-93.523356,44.891459],[-93.523061,44.891467],[-93.523026,44.891468],[-93.522936,44.891469],[-93.521714,44.891488],[-93.521699,44.891488],[-93.521126,44.891497],[-93.520707,44.891504],[-93.520708,44.891298],[-93.520709,44.890976],[-93.52071,44.890702],[-93.52071,44.890594],[-93.520712,44.890183],[-93.520714,44.889582],[-93.520717,44.888816],[-93.520718,44.888559],[-93.520722,44.887575],[-93.520722,44.88756],[-93.520723,44.887294],[-93.520725,44.8869],[-93.520726,44.88665],[-93.520726,44.88662],[-93.520726,44.886564],[-93.520729,44.885903],[-93.520731,44.885526],[-93.520735,44.884554],[-93.520738,44.883921],[-93.520738,44.883644],[-93.520738,44.883196],[-93.520739,44.88306],[-93.520748,44.881276],[-93.520752,44.880493],[-93.520753,44.880289],[-93.520754,44.880018],[-93.520755,44.879253],[-93.520758,44.877965],[-93.520761,44.876887],[-93.520761,44.876688],[-93.520765,44.875414],[-93.520767,44.87512],[-93.520767,44.875102],[-93.520768,44.874974],[-93.520768,44.874961],[-93.520773,44.874055],[-93.520773,44.87397],[-93.520775,44.873422],[-93.520776,44.87334],[-93.520776,44.873283],[-93.520776,44.873271],[-93.520778,44.873205],[-93.520783,44.873064],[-93.520783,44.872789],[-93.520783,44.872726],[-93.520783,44.872222],[-93.520783,44.87129],[-93.520783,44.870941],[-93.520783,44.870754],[-93.520783,44.870658],[-93.520783,44.870061],[-93.520783,44.869889],[-93.520783,44.86982],[-93.520783,44.869765],[-93.520783,44.869435],[-93.520783,44.869417],[-93.520785,44.869272],[-93.520786,44.869153],[-93.520788,44.868981],[-93.520788,44.868956],[-93.52079,44.868799],[-93.520791,44.868674],[-93.520791,44.868622],[-93.520793,44.868461],[-93.520794,44.868332],[-93.520796,44.868203],[-93.520797,44.868054],[-93.520799,44.867899],[-93.520799,44.867883],[-93.5208,44.867756],[-93.520803,44.867468],[-93.520805,44.867193],[-93.520805,44.867163],[-93.520805,44.867152],[-93.520806,44.867082],[-93.520807,44.866931],[-93.520809,44.866694],[-93.520809,44.866672],[-93.520812,44.866301],[-93.520813,44.86614],[-93.520814,44.866079],[-93.520766,44.86595],[-93.520641,44.865612],[-93.520633,44.86496],[-93.520633,44.86411],[-93.520633,44.863765],[-93.520675,44.862966],[-93.520696,44.862567],[-93.5207,44.862499],[-93.520707,44.862363],[-93.520716,44.862189],[-93.520726,44.862001],[-93.520733,44.861865],[-93.520672,44.860767],[-93.520665,44.860648],[-93.520663,44.860608],[-93.520662,44.860589],[-93.520633,44.860065],[-93.520633,44.858564],[-93.520633,44.858475],[-93.520633,44.858465],[-93.520633,44.857165],[-93.520813,44.852911],[-93.520833,44.852465],[-93.520833,44.851188],[-93.520833,44.85051],[-93.520833,44.849833],[-93.520833,44.848268],[-93.520833,44.847267],[-93.520833,44.847008],[-93.520833,44.841298],[-93.520833,44.84127],[-93.520833,44.841138],[-93.520828,44.839379],[-93.520833,44.839358],[-93.520821,44.839337],[-93.520821,44.83933],[-93.520821,44.839322],[-93.520832,44.838991],[-93.520832,44.837074],[-93.520833,44.836934],[-93.520833,44.834512],[-93.520833,44.833064],[-93.520833,44.831617],[-93.520832,44.82808],[-93.520832,44.827942],[-93.520832,44.827805],[-93.520832,44.827573],[-93.520832,44.827339],[-93.520832,44.827265],[-93.520899,44.826862],[-93.520932,44.826665],[-93.520905,44.825302],[-93.520791,44.819545],[-93.520737,44.816815],[-93.520736,44.816762],[-93.520732,44.816331],[-93.520732,44.816091],[-93.520732,44.815665],[-93.520622,44.811586],[-93.520584,44.810181],[-93.520546,44.808775],[-93.520432,44.804265],[-93.529349,44.804438],[-93.529673,44.804443],[-93.529999,44.804451],[-93.530346,44.804458],[-93.530591,44.80446],[-93.530734,44.804463],[-93.531108,44.804465],[-93.541231,44.804563],[-93.54114,44.799278],[-93.541137,44.799107],[-93.541135,44.798923],[-93.541134,44.798739],[-93.541133,44.798684],[-93.541133,44.798629],[-93.541133,44.798564],[-93.541901,44.79806],[-93.542735,44.797512],[-93.54357,44.796965],[-93.543936,44.796792],[-93.545536,44.796194],[-93.546149,44.795938],[-93.546479,44.795783],[-93.547317,44.795597],[-93.547696,44.795599],[-93.547989,44.795609],[-93.551382,44.79748],[-93.551533,44.797564],[-93.55312,44.799032],[-93.553779,44.799435],[-93.5542,44.7996],[-93.55475,44.799673],[-93.555317,44.799636],[-93.55583,44.799563],[-93.557038,44.79927],[-93.558777,44.798684],[-93.560769,44.797813],[-93.563338,44.796944],[-93.564282,44.796766],[-93.565226,44.796587],[-93.56608,44.796426],[-93.566479,44.79635],[-93.566934,44.796264],[-93.569781,44.796194],[-93.573342,44.795793],[-93.573734,44.795764],[-93.575338,44.795405],[-93.577234,44.794864],[-93.57781,44.794749],[-93.578664,44.794375],[-93.579213,44.794001],[-93.579285,44.793935],[-93.579784,44.793579],[-93.5805,44.793036],[-93.58077,44.792485],[-93.581251,44.790821],[-93.581315,44.789895],[-93.581415,44.786445],[-93.581722,44.782505],[-93.581734,44.782464],[-93.581794,44.782376],[-93.581854,44.782289],[-93.581975,44.782114],[-93.582634,44.781866],[-93.583566,44.782008],[-93.584499,44.782151],[-93.585235,44.782264],[-93.587773,44.783279],[-93.588235,44.783464],[-93.589935,44.783664],[-93.593571,44.783429],[-93.594826,44.783348],[-93.596081,44.783267],[-93.596135,44.783264],[-93.596177,44.783256],[-93.596533,44.783192],[-93.59689,44.783129],[-93.597161,44.783079],[-93.597473,44.783022],[-93.598055,44.782915],[-93.598599,44.782816],[-93.599144,44.782717],[-93.59944,44.782661],[-93.599814,44.782349],[-93.599823,44.782224],[-93.599815,44.781466],[-93.599614,44.780715],[-93.599046,44.780276],[-93.597984,44.779616],[-93.596556,44.778719],[-93.595494,44.778042],[-93.594909,44.777559],[-93.594487,44.777045],[-93.594411,44.776855],[-93.594335,44.776664],[-93.594252,44.776294],[-93.594235,44.776217],[-93.594169,44.775925],[-93.594135,44.775764],[-93.594228,44.77564],[-93.595635,44.773764],[-93.600836,44.769526],[-93.601035,44.769364],[-93.601337,44.769273],[-93.604115,44.76844],[-93.606893,44.767607],[-93.607035,44.767564],[-93.607276,44.767546],[-93.613735,44.767064],[-93.613867,44.767025],[-93.614799,44.766754],[-93.615718,44.766485],[-93.615731,44.76648],[-93.618727,44.764769],[-93.621736,44.762864],[-93.621741,44.762748],[-93.621745,44.762633],[-93.622261,44.761308],[-93.622169,44.760704],[-93.621968,44.760283],[-93.621576,44.760156],[-93.620726,44.759777],[-93.620078,44.759579],[-93.617098,44.758873],[-93.61479,44.757962],[-93.612835,44.757364],[-93.611245,44.756497],[-93.610507,44.756094],[-93.609768,44.755691],[-93.609535,44.755564],[-93.609499,44.75547],[-93.609189,44.755157],[-93.608749,44.754662],[-93.60864,44.754424],[-93.608621,44.754205],[-93.608848,44.753798],[-93.608835,44.753764],[-93.608863,44.753716],[-93.609835,44.752064],[-93.611382,44.750439],[-93.611835,44.749964],[-93.612354,44.749635],[-93.612737,44.749393],[-93.613121,44.74915],[-93.613257,44.749064],[-93.61379,44.748882],[-93.614322,44.748867],[-93.614626,44.749152],[-93.615085,44.749475],[-93.615542,44.749971],[-93.615687,44.75019],[-93.615853,44.75044],[-93.615961,44.75062],[-93.616086,44.75084],[-93.616338,44.751192],[-93.616672,44.75152],[-93.617105,44.751847],[-93.617547,44.752168],[-93.61762,44.752222],[-93.618154,44.752625],[-93.618363,44.752771],[-93.618621,44.752958],[-93.618953,44.753156],[-93.619402,44.753342],[-93.619895,44.75349],[-93.620148,44.75355],[-93.620429,44.753584],[-93.62071,44.753606],[-93.620975,44.753605],[-93.621245,44.753541],[-93.621519,44.753413],[-93.621734,44.753225],[-93.621881,44.753045],[-93.621941,44.752822],[-93.621889,44.752599],[-93.62168,44.752135],[-93.621536,44.749964],[-93.622433,44.747183],[-93.622536,44.746864],[-93.624031,44.744768],[-93.624554,44.744245],[-93.62475,44.744077],[-93.625236,44.743664],[-93.626939,44.742381],[-93.627922,44.74164],[-93.628151,44.741418],[-93.630335,44.739522],[-93.631049,44.738753],[-93.63136,44.738313],[-93.631543,44.738057],[-93.631452,44.737618],[-93.631329,44.737134],[-93.63137,44.736849],[-93.630571,44.735357],[-93.6305,44.735224],[-93.629273,44.733801],[-93.629264,44.73379],[-93.628936,44.732864],[-93.62891,44.732775],[-93.628782,44.732347],[-93.628628,44.731831],[-93.628456,44.731257],[-93.628944,44.730211],[-93.630348,44.729082],[-93.631219,44.728211],[-93.631854,44.72742],[-93.632404,44.726596],[-93.632678,44.725846],[-93.632806,44.725186],[-93.632825,44.724436],[-93.632715,44.72407],[-93.632581,44.723828],[-93.632133,44.723536],[-93.630882,44.72333],[-93.629163,44.723356],[-93.627906,44.723734],[-93.627142,44.724007],[-93.626647,44.724182],[-93.626152,44.724357],[-93.625236,44.724164],[-93.625104,44.724096],[-93.624655,44.723864],[-93.624435,44.723364],[-93.624472,44.723032],[-93.624899,44.722613],[-93.625236,44.721964],[-93.626653,44.718657],[-93.626695,44.71856],[-93.626736,44.718464],[-93.626736,44.718164],[-93.626769,44.71748],[-93.626777,44.717333],[-93.626686,44.716563],[-93.626518,44.716044],[-93.626288,44.715601],[-93.626141,44.715364],[-93.626118,44.715321],[-93.625906,44.714884],[-93.625531,44.714426],[-93.625235,44.714064],[-93.623526,44.712275],[-93.622641,44.711429],[-93.618709,44.708526],[-93.618068,44.707775],[-93.617995,44.707428],[-93.618142,44.707098],[-93.618931,44.706711],[-93.619177,44.706515],[-93.621008,44.705904],[-93.622068,44.705561],[-93.623129,44.705218],[-93.623369,44.705082],[-93.625227,44.703601],[-93.626577,44.70269],[-93.626745,44.702545],[-93.626914,44.7024],[-93.628119,44.701935],[-93.629621,44.701313],[-93.630218,44.700612],[-93.63028,44.700269],[-93.63017,44.699921],[-93.629987,44.698914],[-93.630097,44.698292],[-93.630591,44.697852],[-93.630995,44.697392],[-93.632751,44.697633],[-93.633813,44.697633],[-93.635022,44.697596],[-93.635937,44.697431],[-93.636358,44.697212],[-93.636808,44.696802],[-93.63753,44.695417],[-93.638427,44.694191],[-93.639434,44.693294],[-93.640093,44.693056],[-93.6411,44.692781],[-93.642268,44.692798],[-93.642465,44.692761],[-93.643079,44.692742],[-93.643948,44.692664],[-93.644334,44.69286],[-93.64472,44.693056],[-93.644989,44.693197],[-93.645259,44.693338],[-93.646949,44.694323],[-93.647972,44.694788],[-93.649094,44.69504],[-93.649131,44.695048],[-93.650199,44.695017],[-93.650657,44.694605],[-93.651542,44.69192],[-93.652044,44.691351],[-93.652122,44.691263],[-93.652839,44.690722],[-93.653373,44.690478],[-93.653953,44.690333],[-93.654039,44.690314],[-93.65522,44.690058],[-93.655836,44.689964],[-93.656551,44.690455],[-93.65734,44.690996],[-93.65786,44.692164],[-93.658257,44.693415],[-93.659173,44.694727],[-93.659905,44.695544],[-93.660144,44.695697],[-93.660775,44.6961],[-93.661337,44.696264],[-93.662163,44.696375],[-93.663857,44.696177],[-93.665535,44.695917],[-93.666741,44.695559],[-93.667962,44.695261],[-93.669442,44.69459],[-93.670601,44.69398],[-93.672005,44.693362],[-93.673378,44.692957],[-93.67495,44.692652],[-93.67585,44.692225],[-93.676857,44.691607],[-93.67731,44.691349],[-93.677473,44.691256],[-93.677637,44.691164],[-93.677606,44.690346],[-93.678082,44.688003],[-93.678357,44.687472],[-93.678941,44.686892],[-93.679358,44.686418],[-93.679683,44.686049],[-93.679777,44.685947],[-93.679897,44.685817],[-93.680935,44.685059],[-93.681079,44.684949],[-93.681172,44.684886],[-93.682359,44.684103],[-93.684273,44.68279],[-93.685282,44.681748],[-93.685839,44.681092],[-93.687542,44.679062],[-93.688792,44.677659],[-93.689997,44.67664],[-93.692814,44.67424],[-93.69539,44.672082],[-93.697077,44.670398],[-93.698274,44.669448],[-93.699565,44.669116],[-93.701593,44.668597],[-93.704614,44.668482],[-93.705129,44.668503],[-93.705333,44.668512],[-93.706731,44.668609],[-93.70907,44.668497],[-93.710862,44.668212],[-93.712612,44.667732],[-93.71293,44.667643],[-93.714625,44.667085],[-93.715112,44.666926],[-93.719131,44.665219],[-93.720081,44.66455],[-93.720914,44.663954],[-93.721271,44.66336],[-93.721271,44.662884],[-93.720649,44.661932],[-93.719239,44.660687],[-93.717719,44.659826],[-93.716284,44.659151],[-93.715779,44.659003],[-93.715283,44.65869],[-93.715083,44.658197],[-93.715083,44.657758],[-93.715383,44.65742],[-93.715402,44.657367],[-93.715468,44.657337],[-93.716148,44.657008],[-93.716255,44.656975],[-93.716996,44.656635],[-93.720805,44.654887],[-93.720989,44.654843],[-93.72114,44.654828],[-93.7216,44.654785],[-93.722068,44.654743],[-93.722332,44.654805],[-93.72264,44.654879],[-93.722662,44.654884],[-93.723656,44.655121],[-93.724915,44.655418],[-93.725462,44.655548],[-93.725471,44.655556],[-93.725498,44.655564],[-93.725556,44.65557],[-93.72669,44.655909],[-93.727935,44.656366],[-93.728822,44.656172],[-93.728984,44.656139],[-93.730219,44.653087],[-93.734654,44.648942],[-93.737116,44.64664],[-93.737742,44.646182],[-93.738246,44.645976],[-93.738597,44.645885],[-93.739962,44.645806],[-93.742976,44.645633],[-93.746699,44.645519],[-93.74704,44.645384],[-93.74719,44.645324],[-93.74734,44.645265],[-93.747667,44.645256],[-93.747993,44.645248],[-93.748678,44.644979],[-93.750564,44.644484],[-93.755306,44.643551],[-93.756364,44.643929],[-93.757147,44.64414],[-93.75786,44.644219],[-93.758492,44.644191],[-93.759233,44.644008],[-93.759572,44.643789],[-93.759956,44.643413],[-93.760203,44.642397],[-93.760006,44.641162],[-93.759014,44.639964],[-93.757839,44.63924],[-93.756542,44.638591],[-93.756001,44.638215],[-93.755687,44.637996],[-93.755367,44.637485],[-93.755547,44.636833],[-93.755562,44.636778],[-93.755617,44.63641],[-93.755617,44.635706],[-93.755672,44.63533],[-93.755736,44.634909],[-93.756084,44.634744],[-93.756502,44.634719],[-93.756529,44.634702],[-93.75674,44.634565],[-93.758327,44.634586],[-93.759604,44.634892],[-93.760143,44.635021],[-93.761421,44.63499],[-93.76143,44.63502],[-93.761459,44.635111],[-93.761469,44.635142],[-93.761574,44.635421],[-93.761889,44.63626],[-93.761995,44.63654],[-93.762235,44.637428],[-93.762333,44.63779],[-93.763569,44.639103],[-93.764111,44.639319],[-93.764967,44.639661],[-93.765804,44.639995],[-93.766295,44.640063],[-93.766452,44.640087],[-93.76661,44.640111],[-93.767064,44.64017],[-93.76804,44.640305],[-93.768041,44.640509],[-93.768041,44.642799],[-93.76804,44.642826],[-93.76804,44.644804],[-93.768041,44.644924],[-93.76804,44.645571],[-93.768234,44.64934],[-93.768209,44.649346],[-93.768206,44.649403],[-93.768196,44.64957],[-93.768205,44.649736],[-93.76821,44.649822],[-93.768211,44.649976],[-93.768211,44.649992],[-93.768211,44.650112],[-93.768211,44.650563],[-93.768211,44.651043],[-93.768212,44.651062],[-93.768214,44.651312],[-93.768225,44.652805],[-93.768217,44.653501],[-93.768217,44.653527],[-93.768198,44.655389],[-93.768171,44.656628],[-93.768142,44.658364],[-93.768138,44.658932],[-93.768138,44.659004],[-93.768145,44.659056],[-93.768146,44.659137],[-93.768154,44.660365],[-93.768155,44.661616],[-93.768155,44.661684],[-93.768155,44.661761],[-93.768158,44.664986],[-93.768175,44.66646],[-93.768175,44.670536],[-93.768176,44.672209],[-93.768177,44.673522],[-93.769023,44.673516],[-93.771541,44.673515],[-93.776866,44.67353],[-93.778547,44.673527],[-93.778571,44.673526],[-93.78241,44.673522],[-93.787047,44.673531],[-93.788563,44.673528],[-93.789487,44.673526],[-93.790694,44.67353],[-93.79071,44.67353],[-93.794425,44.673543],[-93.796355,44.673541],[-93.796371,44.673538],[-93.798743,44.673538],[-93.79989,44.673537],[-93.79997,44.673528],[-93.801036,44.673518],[-93.802294,44.673518],[-93.804793,44.673513],[-93.809139,44.673519],[-93.80955,44.673517],[-93.810072,44.673514],[-93.810866,44.67351],[-93.810891,44.673509],[-93.811239,44.673507],[-93.811364,44.673501],[-93.811969,44.673501],[-93.812011,44.673494],[-93.813016,44.673494],[-93.815017,44.673455],[-93.818126,44.673427],[-93.818446,44.673424],[-93.818531,44.673422],[-93.818699,44.673414],[-93.819002,44.673414],[-93.821242,44.673371],[-93.821766,44.673358],[-93.822275,44.673358],[-93.822631,44.673353],[-93.825277,44.673369],[-93.82533,44.673369],[-93.826662,44.673378],[-93.828686,44.673374],[-93.829172,44.673377],[-93.82922,44.673377],[-93.830423,44.673385],[-93.832269,44.673419],[-93.834175,44.673469],[-93.838786,44.673541],[-93.840521,44.673574],[-93.842701,44.673608],[-93.843444,44.67362],[-93.845625,44.673659],[-93.848159,44.673693],[-93.849611,44.673705],[-93.850437,44.673712],[-93.851115,44.673701],[-93.85308,44.67367],[-93.855445,44.673652],[-93.860092,44.6736],[-93.86023,44.673597],[-93.862685,44.673553],[-93.864986,44.673518],[-93.867111,44.673495],[-93.869931,44.673475],[-93.871077,44.67347],[-93.871343,44.67347],[-93.873136,44.67347],[-93.875249,44.673475],[-93.875262,44.673475],[-93.878359,44.673482],[-93.879654,44.673471],[-93.880766,44.673468],[-93.883473,44.673427],[-93.883991,44.673419],[-93.887381,44.67341],[-93.888832,44.67341],[-93.888827,44.674528],[-93.888811,44.676962],[-93.888811,44.677021],[-93.888807,44.677156],[-93.888801,44.678129],[-93.888799,44.679386],[-93.888798,44.679736],[-93.888781,44.680422],[-93.888768,44.682701],[-93.888768,44.682735],[-93.888768,44.686084],[-93.888768,44.686368],[-93.888768,44.686481],[-93.888716,44.687964],[-93.888731,44.688609],[-93.888713,44.690888],[-93.888725,44.691958],[-93.888731,44.692515],[-93.888731,44.692561],[-93.888733,44.692858],[-93.888736,44.693196],[-93.888727,44.694155],[-93.888731,44.694434],[-93.888746,44.695385],[-93.888728,44.696171],[-93.888717,44.697195],[-93.888713,44.697533],[-93.888735,44.699726],[-93.888713,44.702478],[-93.888707,44.703757],[-93.888707,44.705901],[-93.888707,44.706557],[-93.888707,44.706591],[-93.888707,44.706794],[-93.888702,44.70806],[-93.888682,44.709876],[-93.888699,44.71215],[-93.888687,44.71338],[-93.888653,44.715354],[-93.888637,44.717045],[-93.890801,44.717056],[-93.892751,44.717074],[-93.894229,44.717087],[-93.894281,44.717087],[-93.895023,44.717093],[-93.895288,44.717096],[-93.896608,44.717098],[-93.897519,44.717099],[-93.902085,44.717134],[-93.904856,44.717148],[-93.906359,44.717155],[-93.907814,44.717166],[-93.907891,44.717166],[-93.909055,44.717172],[-93.910186,44.717175],[-93.912146,44.717188],[-93.913584,44.717193],[-93.916084,44.717201],[-93.916121,44.717201],[-93.917655,44.71721],[-93.917711,44.71721],[-93.917983,44.71721],[-93.918362,44.717211],[-93.920354,44.71721],[-93.922606,44.717227],[-93.924542,44.717235],[-93.927852,44.717249],[-93.929461,44.717248],[-93.930879,44.717248],[-93.933889,44.717264],[-93.934243,44.717261],[-93.935042,44.71726],[-93.93516,44.717258],[-93.936777,44.717255],[-93.937478,44.717262],[-93.93849,44.717262],[-93.941322,44.717263],[-93.941431,44.717263],[-93.941488,44.717263],[-93.943114,44.717262],[-93.949841,44.717271],[-93.954444,44.717288],[-93.954541,44.717288],[-93.954645,44.717289],[-93.95778,44.717311],[-93.95887,44.717314],[-93.95925,44.717315],[-93.96076,44.717319],[-93.962983,44.717337],[-93.965718,44.71734],[-93.966438,44.717346],[-93.9677,44.717354],[-93.967718,44.717355],[-93.969421,44.717365],[-93.970271,44.717369],[-93.971539,44.717365],[-93.972894,44.717375],[-93.976847,44.717382],[-93.977651,44.717383],[-93.977831,44.717383],[-93.978231,44.717385],[-93.97861,44.717387],[-93.98046,44.717392],[-93.984232,44.717396],[-93.98623,44.717404],[-93.990629,44.71741],[-93.99362,44.717419],[-93.999995,44.717444],[-94.000246,44.717444],[-94.003709,44.717449],[-94.008888,44.717455],[-94.009578,44.717459],[-94.010495,44.717465],[-94.010477,44.718797],[-94.010468,44.719507],[-94.01044,44.722514],[-94.010444,44.7227],[-94.010466,44.723994],[-94.010466,44.724753],[-94.010466,44.72559],[-94.010455,44.727107],[-94.010429,44.730797],[-94.010425,44.731907],[-94.010416,44.734267],[-94.010409,44.734837],[-94.010358,44.738804],[-94.010355,44.739076],[-94.010352,44.73928],[-94.010341,44.740081],[-94.01033,44.741648],[-94.010318,44.743304],[-94.010293,44.746356],[-94.010285,44.747243],[-94.010288,44.749986],[-94.01028,44.75023],[-94.010264,44.75143],[-94.010272,44.752576],[-94.010267,44.753946],[-94.01027,44.756079],[-94.010267,44.756624],[-94.010266,44.756986],[-94.010244,44.758562],[-94.01024,44.759999],[-94.010228,44.760785],[-94.010219,44.761378],[-94.01022,44.763089],[-94.010209,44.765855],[-94.010208,44.766211],[-94.010193,44.767048],[-94.010181,44.767717],[-94.010182,44.767964],[-94.010184,44.768198],[-94.01019,44.768981],[-94.010168,44.770228],[-94.010156,44.770932],[-94.010146,44.771639],[-94.010125,44.77253],[-94.010112,44.773885],[-94.010115,44.775169],[-94.010116,44.776313],[-94.010107,44.777741],[-94.010087,44.779358],[-94.010084,44.780346],[-94.010075,44.782378],[-94.010074,44.782474],[-94.010059,44.784159],[-94.010044,44.785804],[-94.010027,44.788094],[-94.010026,44.788252],[-94.010017,44.789915],[-94.010022,44.791839],[-94.010008,44.793483],[-94.010013,44.796199],[-94.010015,44.796943],[-94.009996,44.798567],[-94.010001,44.799026],[-94.010014,44.800143],[-94.010024,44.802098],[-94.010022,44.80399]]]]},"properties":{"neighbourhood":"Carver","neighbourhood_group":null}}]}
